-- Organization
INSERT INTO AO_E8B6CC_ORGANIZATION_MAPPING (ID, ACCESS_TOKEN, ADMIN_PASSWORD, ADMIN_USERNAME, AUTOLINK_NEW_REPOS, DEFAULT_GROUPS_SLUGS, DVCS_TYPE, HOST_URL, NAME, OAUTH_KEY, OAUTH_SECRET, SMARTCOMMITS_FOR_NEW_REPOS, PRINCIPAL_ID, APPROVAL_STATE) VALUES (1, 'adummytoken', null, null, false, '', 'bitbucket', 'https://bitbucket.org', 'testorg', 'key', 'secret', false, null, 'APPROVED');

-- Repository
INSERT INTO AO_E8B6CC_REPOSITORY_MAPPING (ACTIVITY_LAST_SYNC, DELETED, FORK, FORK_OF_NAME, FORK_OF_OWNER, FORK_OF_SLUG, ID, LAST_CHANGESET_NODE, LAST_COMMIT_DATE, LINKED, LOGO, NAME, ORGANIZATION_ID, SLUG, SMARTCOMMITS_ENABLED, UPDATE_LINK_AUTHORISED) VALUES ('2015-10-12 15:46:31', false, false, null, null, null, 10, null, '2015-11-23 16:48:58', true, 'https://bitbucket.org/testorg/fusion-scratch/avatar/32/?ts=1452222748', 'fusion-scratch', 1, 'fusion-scratch', false, true);

-- Changesets
INSERT INTO AO_E8B6CC_CHANGESET_MAPPING (AUTHOR, AUTHOR_EMAIL, BRANCH, DATE, FILES_DATA, FILE_COUNT, FILE_DETAILS_JSON, ID, ISSUE_KEY, MESSAGE, NODE, PARENTS_DATA, PROJECT_KEY, RAW_AUTHOR, RAW_NODE, REPOSITORY_ID, SMARTCOMMIT_AVAILABLE, VERSION) VALUES ('testauthor1', 'testauthor1@atlassian.com', 'master', '2015-11-23 16:48:58', null, 0, null, 1, null, 'a commit', '771c15e6548680e1807d58f5f3ea4b016a4b01ee', '["11111111111111111111111111111111"]', null, 'Test Author1 <testauthor1@atlassian.com>', '771c15e6548680e1807d58f5f3ea4b016a4b01ee', 0, null, 3);
INSERT INTO AO_E8B6CC_CHANGESET_MAPPING (AUTHOR, AUTHOR_EMAIL, BRANCH, DATE, FILES_DATA, FILE_COUNT, FILE_DETAILS_JSON, ID, ISSUE_KEY, MESSAGE, NODE, PARENTS_DATA, PROJECT_KEY, RAW_AUTHOR, RAW_NODE, REPOSITORY_ID, SMARTCOMMIT_AVAILABLE, VERSION) VALUES ('testauthor1', 'testauthor1@atlassian.com', 'master', '2015-11-23 16:45:45', null, 0, null, 2, null, 'TEST-3: beSRbbWwEf - 2015-11-23 16:45:45', '11111111111111111111111111111111', '["22222222222222222222222222222222"]', null, 'Test Author1 <testauthor1@atlassian.com>', '11111111111111111111111111111111', 0, null, 3);
INSERT INTO AO_E8B6CC_CHANGESET_MAPPING (AUTHOR, AUTHOR_EMAIL, BRANCH, DATE, FILES_DATA, FILE_COUNT, FILE_DETAILS_JSON, ID, ISSUE_KEY, MESSAGE, NODE, PARENTS_DATA, PROJECT_KEY, RAW_AUTHOR, RAW_NODE, REPOSITORY_ID, SMARTCOMMIT_AVAILABLE, VERSION) VALUES ('testauthor2', 'testauthor2@atlassian.com', 'master', '2015-11-23 15:19:20', null, 0, null, 3, null, 'TEST-3: KBFZLjcWAh - 2015-11-23 15:19:20', '22222222222222222222222222222222', '["33333333333333333333333333333333"]', null, 'Test Author2 <testauthor2@atlassian.com>', '22222222222222222222222222222222', 0, null, 3);
INSERT INTO AO_E8B6CC_CHANGESET_MAPPING (AUTHOR, AUTHOR_EMAIL, BRANCH, DATE, FILES_DATA, FILE_COUNT, FILE_DETAILS_JSON, ID, ISSUE_KEY, MESSAGE, NODE, PARENTS_DATA, PROJECT_KEY, RAW_AUTHOR, RAW_NODE, REPOSITORY_ID, SMARTCOMMIT_AVAILABLE, VERSION) VALUES ('testauthor2', 'testauthor2@atlassian.com', 'master', '2015-11-23 15:16:40', null, 0, null, 4, null, 'TEST-3: zFfKarYqEH - 2015-11-23 15:16:40', '33333333333333333333333333333333', '["44444444444444444444444444444444"]', null, 'Test Author2 <testauthor2@atlassian.com>', '33333333333333333333333333333333', 0, null, 3);
INSERT INTO AO_E8B6CC_CHANGESET_MAPPING (AUTHOR, AUTHOR_EMAIL, BRANCH, DATE, FILES_DATA, FILE_COUNT, FILE_DETAILS_JSON, ID, ISSUE_KEY, MESSAGE, NODE, PARENTS_DATA, PROJECT_KEY, RAW_AUTHOR, RAW_NODE, REPOSITORY_ID, SMARTCOMMIT_AVAILABLE, VERSION) VALUES ('testauthor3', 'testauthor3@atlassian.com', 'master', '2015-11-23 15:05:09', null, 0, null, 5, null, 'TEST-3: eyITHLTBik - 2015-11-23 15:05:09', '44444444444444444444444444444444', '["55555555555555555555555555555555"]', null, 'Test Author3 <testauthor3@atlassian.com>', '44444444444444444444444444444444', 0, null, 3);
INSERT INTO AO_E8B6CC_CHANGESET_MAPPING (AUTHOR, AUTHOR_EMAIL, BRANCH, DATE, FILES_DATA, FILE_COUNT, FILE_DETAILS_JSON, ID, ISSUE_KEY, MESSAGE, NODE, PARENTS_DATA, PROJECT_KEY, RAW_AUTHOR, RAW_NODE, REPOSITORY_ID, SMARTCOMMIT_AVAILABLE, VERSION) VALUES ('testauthor3', 'testauthor3@atlassian.com', 'master', '2015-11-23 14:59:46', null, 0, null, 6, null, 'TEST-3: UfzmLWnPdz - 2015-11-23 14:59:46', '55555555555555555555555555555555', '["66666666666666666666666666666666"]', null, 'Test Author3 <testauthor3@atlassian.com>', '55555555555555555555555555555555', 0, null, 3);
INSERT INTO AO_E8B6CC_CHANGESET_MAPPING (AUTHOR, AUTHOR_EMAIL, BRANCH, DATE, FILES_DATA, FILE_COUNT, FILE_DETAILS_JSON, ID, ISSUE_KEY, MESSAGE, NODE, PARENTS_DATA, PROJECT_KEY, RAW_AUTHOR, RAW_NODE, REPOSITORY_ID, SMARTCOMMIT_AVAILABLE, VERSION) VALUES ('testauthor4', 'testauthor4@atlassian.com', 'master', '2015-11-23 13:55:45', null, 0, null, 7, null, 'TEST-3: XMYQQeuLxu - 2015-11-23 13:55:45', '66666666666666666666666666666666', '["77777777777777777777777777777777"]', null, 'Test Author4 <testauthor4@atlassian.com>', '66666666666666666666666666666666', 0, null, 3);
INSERT INTO AO_E8B6CC_CHANGESET_MAPPING (AUTHOR, AUTHOR_EMAIL, BRANCH, DATE, FILES_DATA, FILE_COUNT, FILE_DETAILS_JSON, ID, ISSUE_KEY, MESSAGE, NODE, PARENTS_DATA, PROJECT_KEY, RAW_AUTHOR, RAW_NODE, REPOSITORY_ID, SMARTCOMMIT_AVAILABLE, VERSION) VALUES ('testauthor4', 'testauthor4@atlassian.com', 'master', '2015-11-23 11:41:19', null, 0, null, 8, null, 'TEST-3: zYMgWsgptU - 2015-11-23 11:41:19', '77777777777777777777777777777777', '["88888888888888888888888888888888"]', null, 'Test Author4 <testauthor4@atlassian.com>', '77777777777777777777777777777777', 0, null, 3);
INSERT INTO AO_E8B6CC_CHANGESET_MAPPING (AUTHOR, AUTHOR_EMAIL, BRANCH, DATE, FILES_DATA, FILE_COUNT, FILE_DETAILS_JSON, ID, ISSUE_KEY, MESSAGE, NODE, PARENTS_DATA, PROJECT_KEY, RAW_AUTHOR, RAW_NODE, REPOSITORY_ID, SMARTCOMMIT_AVAILABLE, VERSION) VALUES ('testauthor5', 'testauthor5@atlassian.com', 'master', '2015-11-18 15:22:19', null, 0, null, 9, null, 'TEST-10: yzxSWxdbfD - 2015-11-18 15:22:19', '88888888888888888888888888888888', '["99999999999999999999999999999999"]', null, 'Test Author5 <testauthor5@atlassian.com>', '88888888888888888888888888888888', 0, null, 3);
INSERT INTO AO_E8B6CC_CHANGESET_MAPPING (AUTHOR, AUTHOR_EMAIL, BRANCH, DATE, FILES_DATA, FILE_COUNT, FILE_DETAILS_JSON, ID, ISSUE_KEY, MESSAGE, NODE, PARENTS_DATA, PROJECT_KEY, RAW_AUTHOR, RAW_NODE, REPOSITORY_ID, SMARTCOMMIT_AVAILABLE, VERSION) VALUES ('testauthor5', 'testauthor5@atlassian.com', 'master', '2015-11-18 15:22:19', null, 0, null, 10, null, 'TEST-15: mrEjexPClP - 2015-11-18 15:22:19', '99999999999999999999999999999999', '["42d5373b64431d5d350a543c992a751ea6558af5"]', null, 'Test Author5 <testauthor5@atlassian.com>', '99999999999999999999999999999999', 0, null, 3);

-- Repository to Changeset
INSERT INTO AO_E8B6CC_REPO_TO_CHANGESET (ID, CHANGESET_ID, REPOSITORY_ID) VALUES (1, 1, 10);
INSERT INTO AO_E8B6CC_REPO_TO_CHANGESET (ID, CHANGESET_ID, REPOSITORY_ID) VALUES (2, 2, 10);
INSERT INTO AO_E8B6CC_REPO_TO_CHANGESET (ID, CHANGESET_ID, REPOSITORY_ID) VALUES (3, 3, 10);
INSERT INTO AO_E8B6CC_REPO_TO_CHANGESET (ID, CHANGESET_ID, REPOSITORY_ID) VALUES (4, 4, 10);
INSERT INTO AO_E8B6CC_REPO_TO_CHANGESET (ID, CHANGESET_ID, REPOSITORY_ID) VALUES (5, 5, 10);
INSERT INTO AO_E8B6CC_REPO_TO_CHANGESET (ID, CHANGESET_ID, REPOSITORY_ID) VALUES (6, 6, 10);
INSERT INTO AO_E8B6CC_REPO_TO_CHANGESET (ID, CHANGESET_ID, REPOSITORY_ID) VALUES (7, 7, 10);
INSERT INTO AO_E8B6CC_REPO_TO_CHANGESET (ID, CHANGESET_ID, REPOSITORY_ID) VALUES (8, 8, 10);
INSERT INTO AO_E8B6CC_REPO_TO_CHANGESET (ID, CHANGESET_ID, REPOSITORY_ID) VALUES (9, 9, 10);
INSERT INTO AO_E8B6CC_REPO_TO_CHANGESET (ID, CHANGESET_ID, REPOSITORY_ID) VALUES (10, 10, 10);

-- Issue key to Changeset
INSERT INTO AO_E8B6CC_ISSUE_TO_CHANGESET (ID, CHANGESET_ID, ISSUE_KEY, PROJECT_KEY) VALUES (1, 2, 'TEST-3', 'TEST');
INSERT INTO AO_E8B6CC_ISSUE_TO_CHANGESET (ID, CHANGESET_ID, ISSUE_KEY, PROJECT_KEY) VALUES (2, 3, 'TEST-3', 'TEST');
INSERT INTO AO_E8B6CC_ISSUE_TO_CHANGESET (ID, CHANGESET_ID, ISSUE_KEY, PROJECT_KEY) VALUES (3, 4, 'TEST-3', 'TEST');
INSERT INTO AO_E8B6CC_ISSUE_TO_CHANGESET (ID, CHANGESET_ID, ISSUE_KEY, PROJECT_KEY) VALUES (4, 5, 'TEST-3', 'FOO');
INSERT INTO AO_E8B6CC_ISSUE_TO_CHANGESET (ID, CHANGESET_ID, ISSUE_KEY, PROJECT_KEY) VALUES (5, 6, 'TEST-3', 'TEST');
INSERT INTO AO_E8B6CC_ISSUE_TO_CHANGESET (ID, CHANGESET_ID, ISSUE_KEY, PROJECT_KEY) VALUES (6, 7, 'TEST-3', 'TEST');
INSERT INTO AO_E8B6CC_ISSUE_TO_CHANGESET (ID, CHANGESET_ID, ISSUE_KEY, PROJECT_KEY) VALUES (7, 8, 'TEST-3', 'FOO');
INSERT INTO AO_E8B6CC_ISSUE_TO_CHANGESET (ID, CHANGESET_ID, ISSUE_KEY, PROJECT_KEY) VALUES (8, 9, 'TEST-10', 'TEST');
INSERT INTO AO_E8B6CC_ISSUE_TO_CHANGESET (ID, CHANGESET_ID, ISSUE_KEY, PROJECT_KEY) VALUES (9, 10, 'TEST-15', 'FOO');
