
INSERT INTO AO_E8B6CC_ORGANIZATION_MAPPING (ACCESS_TOKEN, ADMIN_PASSWORD, ADMIN_USERNAME, AUTOLINK_NEW_REPOS, DEFAULT_GROUPS_SLUGS, DVCS_TYPE, HOST_URL, ID, NAME, OAUTH_KEY, OAUTH_SECRET, SMARTCOMMITS_FOR_NEW_REPOS, APPROVAL_STATE, PRINCIPAL_ID) VALUES ('Yyjyh5A85ZN7LDcmPp&7SA8FVBWRkzmGCbPwXppeJ9bNeXQknas', null, null, true, '', 'bitbucket', 'https://bitbucket.org', 1, 'GTTaylor', 'wvaVppLCFsDHKJt9tr', 'yZ4CABcdcKbL2MtbyUsb4YMzTxD7Wfvx', true, 'APPROVED', null);

INSERT INTO AO_E8B6CC_REPOSITORY_MAPPING (ACTIVITY_LAST_SYNC, DELETED, FORK, FORK_OF_NAME, FORK_OF_OWNER, FORK_OF_SLUG, ID, LAST_CHANGESET_NODE, LAST_COMMIT_DATE, LINKED, LOGO, NAME, ORGANIZATION_ID, SLUG, SMARTCOMMITS_ENABLED, UPDATE_LINK_AUTHORISED) VALUES (null, false, false, null, null, null, 1, null, '2015-10-21 23:33:22', true, 'https://bitbucket.org/GTTaylor/dedupetesting/avatar/32/?ts=1449615124', 'DedupeTesting', 1, 'dedupetesting', true, true);
INSERT INTO AO_E8B6CC_REPOSITORY_MAPPING (ACTIVITY_LAST_SYNC, DELETED, FORK, FORK_OF_NAME, FORK_OF_OWNER, FORK_OF_SLUG, ID, LAST_CHANGESET_NODE, LAST_COMMIT_DATE, LINKED, LOGO, NAME, ORGANIZATION_ID, SLUG, SMARTCOMMITS_ENABLED, UPDATE_LINK_AUTHORISED) VALUES (null, false, false, null, null, null, 2, null, '2016-01-11 17:38:14', true, 'https://bitbucket.org/GTTaylor/smart-commit-test/avatar/32/?ts=1452749059', 'smart commit test', 1, 'smart-commit-test', true, true);
INSERT INTO AO_E8B6CC_REPOSITORY_MAPPING (ACTIVITY_LAST_SYNC, DELETED, FORK, FORK_OF_NAME, FORK_OF_OWNER, FORK_OF_SLUG, ID, LAST_CHANGESET_NODE, LAST_COMMIT_DATE, LINKED, LOGO, NAME, ORGANIZATION_ID, SLUG, SMARTCOMMITS_ENABLED, UPDATE_LINK_AUTHORISED) VALUES (null, false, false, null, null, null, 3, null, '2015-03-11 11:49:13', true, 'https://bitbucket.org/GTTaylor/color/avatar/32/?ts=1434948379', 'color', 1, 'color', true, true);
INSERT INTO AO_E8B6CC_REPOSITORY_MAPPING (ACTIVITY_LAST_SYNC, DELETED, FORK, FORK_OF_NAME, FORK_OF_OWNER, FORK_OF_SLUG, ID, LAST_CHANGESET_NODE, LAST_COMMIT_DATE, LINKED, LOGO, NAME, ORGANIZATION_ID, SLUG, SMARTCOMMITS_ENABLED, UPDATE_LINK_AUTHORISED) VALUES (null, false, false, null, null, null, 4, null, null, true, 'https://bitbucket.org/GTTaylor/addons/avatar/32/?ts=1434948420', 'addons', 1, 'addons', true, true);
INSERT INTO AO_E8B6CC_REPOSITORY_MAPPING (ACTIVITY_LAST_SYNC, DELETED, FORK, FORK_OF_NAME, FORK_OF_OWNER, FORK_OF_SLUG, ID, LAST_CHANGESET_NODE, LAST_COMMIT_DATE, LINKED, LOGO, NAME, ORGANIZATION_ID, SLUG, SMARTCOMMITS_ENABLED, UPDATE_LINK_AUTHORISED) VALUES (null, false, false, null, null, null, 5, null, '2015-02-26 14:57:05', true, 'https://bitbucket.org/GTTaylor/bitbucket-sandbox/avatar/32/?ts=1424924207', 'bitbucket-sandbox', 1, 'bitbucket-sandbox', true, true);
INSERT INTO AO_E8B6CC_REPOSITORY_MAPPING (ACTIVITY_LAST_SYNC, DELETED, FORK, FORK_OF_NAME, FORK_OF_OWNER, FORK_OF_SLUG, ID, LAST_CHANGESET_NODE, LAST_COMMIT_DATE, LINKED, LOGO, NAME, ORGANIZATION_ID, SLUG, SMARTCOMMITS_ENABLED, UPDATE_LINK_AUTHORISED) VALUES (null, false, false, null, null, null, 6, null, '2016-01-15 09:23:46', true, 'https://bitbucket.org/GTTaylor/githubconnector/avatar/32/?ts=1452810330', 'GithubConnector', 1, 'githubconnector', true, true);
INSERT INTO AO_E8B6CC_REPOSITORY_MAPPING (ACTIVITY_LAST_SYNC, DELETED, FORK, FORK_OF_NAME, FORK_OF_OWNER, FORK_OF_SLUG, ID, LAST_CHANGESET_NODE, LAST_COMMIT_DATE, LINKED, LOGO, NAME, ORGANIZATION_ID, SLUG, SMARTCOMMITS_ENABLED, UPDATE_LINK_AUTHORISED) VALUES ('2015-10-06 10:29:03', false, false, null, null, null, 7, null, '2016-01-11 17:36:29', true, 'https://bitbucket.org/GTTaylor/smartcommitstest/avatar/32/?ts=1453076140', 'SmartCommitsTest', 1, 'smartcommitstest', true, true);
INSERT INTO AO_E8B6CC_REPOSITORY_MAPPING (ACTIVITY_LAST_SYNC, DELETED, FORK, FORK_OF_NAME, FORK_OF_OWNER, FORK_OF_SLUG, ID, LAST_CHANGESET_NODE, LAST_COMMIT_DATE, LINKED, LOGO, NAME, ORGANIZATION_ID, SLUG, SMARTCOMMITS_ENABLED, UPDATE_LINK_AUTHORISED) VALUES (null, false, false, null, null, null, 8, null, '2015-03-06 11:58:52', true, 'https://bitbucket.org/GTTaylor/shipitxxx-bitbucket-bamboo-plugin/avatar/32/?ts=1425603541', 'ShipitXXX-bitbucket-bamboo-plugin', 1, 'shipitxxx-bitbucket-bamboo-plugin', true, true);
INSERT INTO AO_E8B6CC_REPOSITORY_MAPPING (ACTIVITY_LAST_SYNC, DELETED, FORK, FORK_OF_NAME, FORK_OF_OWNER, FORK_OF_SLUG, ID, LAST_CHANGESET_NODE, LAST_COMMIT_DATE, LINKED, LOGO, NAME, ORGANIZATION_ID, SLUG, SMARTCOMMITS_ENABLED, UPDATE_LINK_AUTHORISED) VALUES (null, false, false, null, null, null, 9, null, '2015-12-01 10:21:25', true, 'https://bitbucket.org/GTTaylor/githooks/avatar/32/?ts=1448925685', 'gitHooks', 1, 'githooks', true, true);
INSERT INTO AO_E8B6CC_REPOSITORY_MAPPING (ACTIVITY_LAST_SYNC, DELETED, FORK, FORK_OF_NAME, FORK_OF_OWNER, FORK_OF_SLUG, ID, LAST_CHANGESET_NODE, LAST_COMMIT_DATE, LINKED, LOGO, NAME, ORGANIZATION_ID, SLUG, SMARTCOMMITS_ENABLED, UPDATE_LINK_AUTHORISED) VALUES (null, false, false, null, null, null, 10, null, '2015-02-23 11:24:16', true, 'https://bitbucket.org/GTTaylor/sandbox-testing/avatar/32/?ts=1449615126', 'Sandbox-Testing', 1, 'sandbox-testing', true, true);
INSERT INTO AO_E8B6CC_REPOSITORY_MAPPING (ACTIVITY_LAST_SYNC, DELETED, FORK, FORK_OF_NAME, FORK_OF_OWNER, FORK_OF_SLUG, ID, LAST_CHANGESET_NODE, LAST_COMMIT_DATE, LINKED, LOGO, NAME, ORGANIZATION_ID, SLUG, SMARTCOMMITS_ENABLED, UPDATE_LINK_AUTHORISED) VALUES (null, false, false, null, null, null, 11, null, '2015-10-29 10:53:03', true, 'https://bitbucket.org/GTTaylor/add-issue-key-to-commit-message/avatar/32/?ts=1446076398', 'add issue key to commit message', 1, 'add-issue-key-to-commit-message', true, true);
INSERT INTO AO_E8B6CC_REPOSITORY_MAPPING (ACTIVITY_LAST_SYNC, DELETED, FORK, FORK_OF_NAME, FORK_OF_OWNER, FORK_OF_SLUG, ID, LAST_CHANGESET_NODE, LAST_COMMIT_DATE, LINKED, LOGO, NAME, ORGANIZATION_ID, SLUG, SMARTCOMMITS_ENABLED, UPDATE_LINK_AUTHORISED) VALUES (null, false, false, null, null, null, 12, null, null, true, 'https://bitbucket.org/GTTaylor/shipitjan2015/avatar/32/?ts=1421801209', 'ShipitJan2015', 1, 'shipitjan2015', true, true);
INSERT INTO AO_E8B6CC_REPOSITORY_MAPPING (ACTIVITY_LAST_SYNC, DELETED, FORK, FORK_OF_NAME, FORK_OF_OWNER, FORK_OF_SLUG, ID, LAST_CHANGESET_NODE, LAST_COMMIT_DATE, LINKED, LOGO, NAME, ORGANIZATION_ID, SLUG, SMARTCOMMITS_ENABLED, UPDATE_LINK_AUTHORISED) VALUES (null, false, false, null, null, null, 13, null, '2015-06-15 17:29:04', true, 'https://bitbucket.org/GTTaylor/rrv2-innovation-week/avatar/32/?ts=1453076160', 'rrv2 - innovation week', 1, 'rrv2-innovation-week', true, true);

INSERT INTO AO_E8B6CC_PULL_REQUEST (AUTHOR, COMMENT_COUNT, CREATED_ON, DESTINATION_BRANCH, DOMAIN_ID, EXECUTED_BY, ID, LAST_STATUS, NAME, REMOTE_ID, SOURCE_BRANCH, SOURCE_REPO, TO_REPOSITORY_ID, UPDATED_ON, URL) VALUES ('GTTaylor', 0, '2015-10-06 10:29:03', 'master', 7, 'GTTaylor', 2, 'OPEN', 'asdf created online with Bitbucket', 1, 'TEST-1-nemo-et-dolore-cum-soluta-qui', 'GTTaylor/smartcommitstest', 7, '2015-10-06 10:29:03', 'https://bitbucket.org/GTTaylor/smartcommitstest/pull-requests/1');

INSERT INTO AO_E8B6CC_PR_ISSUE_KEY (DOMAIN_ID, ID, ISSUE_KEY, PULL_REQUEST_ID) VALUES (7, 2, 'TEST-1', 2);

INSERT INTO AO_E8B6CC_PULL_REQUEST (AUTHOR, COMMENT_COUNT, CREATED_ON, DESTINATION_BRANCH, DOMAIN_ID, EXECUTED_BY, ID, LAST_STATUS, NAME, REMOTE_ID, SOURCE_BRANCH, SOURCE_REPO, TO_REPOSITORY_ID, UPDATED_ON, URL) VALUES ('GTTaylor', 0, '2015-10-06 10:29:03', 'master', 7, 'GTTaylor', 3, 'OPEN', 'asdf created online with Bitbucket', 1, 'TEST-2-nemo-et-dolore-cum-soluta-qui', 'GTTaylor/smartcommitstest', 7, '2015-10-06 10:29:03', 'https://bitbucket.org/GTTaylor/smartcommitstest/pull-requests/1');
INSERT INTO AO_E8B6CC_PR_ISSUE_KEY (DOMAIN_ID, ID, ISSUE_KEY, PULL_REQUEST_ID) VALUES (7, 3, 'TEST-2', 3);

INSERT INTO AO_E8B6CC_PULL_REQUEST (AUTHOR, COMMENT_COUNT, CREATED_ON, DESTINATION_BRANCH, DOMAIN_ID, EXECUTED_BY, ID, LAST_STATUS, NAME, REMOTE_ID, SOURCE_BRANCH, SOURCE_REPO, TO_REPOSITORY_ID, UPDATED_ON, URL) VALUES ('GTTaylor', 0, '2015-10-06 10:29:03', 'master', 7, 'GTTaylor', 4, 'OPEN', 'asdf created online with Bitbucket', 1, 'TEST-2-nemo-et-dolore-cum-soluta-qui', 'GTTaylor/smartcommitstest', 7, '2015-10-06 10:29:03', 'https://bitbucket.org/GTTaylor/smartcommitstest/pull-requests/1');
INSERT INTO AO_E8B6CC_PR_ISSUE_KEY (DOMAIN_ID, ID, ISSUE_KEY, PULL_REQUEST_ID) VALUES (7, 4, 'TEST-2', 4);

INSERT INTO AO_E8B6CC_PULL_REQUEST (AUTHOR, COMMENT_COUNT, CREATED_ON, DESTINATION_BRANCH, DOMAIN_ID, EXECUTED_BY, ID, LAST_STATUS, NAME, REMOTE_ID, SOURCE_BRANCH, SOURCE_REPO, TO_REPOSITORY_ID, UPDATED_ON, URL) VALUES ('GTTaylor', 0, '2015-10-06 10:29:03', 'master', 7, 'GTTaylor', 5, 'OPEN', 'asdf created online with Bitbucket', 1, 'TEST-2-nemo-et-dolore-cum-soluta-qui', 'GTTaylor/smartcommitstest', 7, '2015-10-06 10:29:03', 'https://bitbucket.org/GTTaylor/smartcommitstest/pull-requests/1');
INSERT INTO AO_E8B6CC_PR_ISSUE_KEY (DOMAIN_ID, ID, ISSUE_KEY, PULL_REQUEST_ID) VALUES (7, 5, 'TEST-2', 5);

INSERT INTO AO_E8B6CC_PULL_REQUEST (AUTHOR, COMMENT_COUNT, CREATED_ON, DESTINATION_BRANCH, DOMAIN_ID, EXECUTED_BY, ID, LAST_STATUS, NAME, REMOTE_ID, SOURCE_BRANCH, SOURCE_REPO, TO_REPOSITORY_ID, UPDATED_ON, URL) VALUES ('GTTaylor', 0, '2015-10-06 10:29:03', 'master', 7, 'GTTaylor', 6, 'OPEN', 'asdf created online with Bitbucket', 1, 'TEST-2-nemo-et-dolore-cum-soluta-qui', 'GTTaylor/smartcommitstest', 7, '2015-10-06 10:29:03', 'https://bitbucket.org/GTTaylor/smartcommitstest/pull-requests/1');
INSERT INTO AO_E8B6CC_PR_ISSUE_KEY (DOMAIN_ID, ID, ISSUE_KEY, PULL_REQUEST_ID) VALUES (7, 6, 'TEST-2', 6);

INSERT INTO AO_E8B6CC_PULL_REQUEST (AUTHOR, COMMENT_COUNT, CREATED_ON, DESTINATION_BRANCH, DOMAIN_ID, EXECUTED_BY, ID, LAST_STATUS, NAME, REMOTE_ID, SOURCE_BRANCH, SOURCE_REPO, TO_REPOSITORY_ID, UPDATED_ON, URL) VALUES ('GTTaylor', 0, '2015-10-06 10:29:03', 'master', 7, 'GTTaylor', 7, 'OPEN', 'asdf created online with Bitbucket', 1, 'TEST-2-nemo-et-dolore-cum-soluta-qui', 'GTTaylor/smartcommitstest', 7, '2015-10-06 10:29:03', 'https://bitbucket.org/GTTaylor/smartcommitstest/pull-requests/1');
INSERT INTO AO_E8B6CC_PR_ISSUE_KEY (DOMAIN_ID, ID, ISSUE_KEY, PULL_REQUEST_ID) VALUES (7, 7, 'TEST-2', 7);

INSERT INTO AO_E8B6CC_PULL_REQUEST (AUTHOR, COMMENT_COUNT, CREATED_ON, DESTINATION_BRANCH, DOMAIN_ID, EXECUTED_BY, ID, LAST_STATUS, NAME, REMOTE_ID, SOURCE_BRANCH, SOURCE_REPO, TO_REPOSITORY_ID, UPDATED_ON, URL) VALUES ('GTTaylor', 0, '2015-10-06 10:29:03', 'master', 7, 'GTTaylor', 8, 'OPEN', 'asdf created online with Bitbucket', 1, 'TEST-2-nemo-et-dolore-cum-soluta-qui', 'GTTaylor/smartcommitstest', 7, '2015-10-06 10:29:03', 'https://bitbucket.org/GTTaylor/smartcommitstest/pull-requests/1');
INSERT INTO AO_E8B6CC_PR_ISSUE_KEY (DOMAIN_ID, ID, ISSUE_KEY, PULL_REQUEST_ID) VALUES (7, 8, 'TEST-2', 8);

INSERT INTO AO_E8B6CC_PULL_REQUEST (AUTHOR, COMMENT_COUNT, CREATED_ON, DESTINATION_BRANCH, DOMAIN_ID, EXECUTED_BY, ID, LAST_STATUS, NAME, REMOTE_ID, SOURCE_BRANCH, SOURCE_REPO, TO_REPOSITORY_ID, UPDATED_ON, URL) VALUES ('GTTaylor', 0, '2015-10-06 10:29:03', 'master', 7, 'GTTaylor', 9, 'OPEN', 'asdf created online with Bitbucket', 1, 'TEST-2-nemo-et-dolore-cum-soluta-qui', 'GTTaylor/smartcommitstest', 7, '2015-10-06 10:29:03', 'https://bitbucket.org/GTTaylor/smartcommitstest/pull-requests/1');
INSERT INTO AO_E8B6CC_PR_ISSUE_KEY (DOMAIN_ID, ID, ISSUE_KEY, PULL_REQUEST_ID) VALUES (7, 9, 'TEST-2', 9);

INSERT INTO AO_E8B6CC_PULL_REQUEST (AUTHOR, COMMENT_COUNT, CREATED_ON, DESTINATION_BRANCH, DOMAIN_ID, EXECUTED_BY, ID, LAST_STATUS, NAME, REMOTE_ID, SOURCE_BRANCH, SOURCE_REPO, TO_REPOSITORY_ID, UPDATED_ON, URL) VALUES ('GTTaylor', 0, '2015-10-06 10:29:03', 'master', 7, 'GTTaylor', 10, 'OPEN', 'asdf created online with Bitbucket', 1, 'TEST-2-nemo-et-dolore-cum-soluta-qui', 'GTTaylor/smartcommitstest', 7, '2015-10-06 10:29:03', 'https://bitbucket.org/GTTaylor/smartcommitstest/pull-requests/1');
INSERT INTO AO_E8B6CC_PR_ISSUE_KEY (DOMAIN_ID, ID, ISSUE_KEY, PULL_REQUEST_ID) VALUES (7, 10, 'TEST-2', 10);

INSERT INTO AO_E8B6CC_PULL_REQUEST (AUTHOR, COMMENT_COUNT, CREATED_ON, DESTINATION_BRANCH, DOMAIN_ID, EXECUTED_BY, ID, LAST_STATUS, NAME, REMOTE_ID, SOURCE_BRANCH, SOURCE_REPO, TO_REPOSITORY_ID, UPDATED_ON, URL) VALUES ('GTTaylor', 0, '2015-10-06 10:29:03', 'master', 7, 'GTTaylor', 11, 'OPEN', 'asdf created online with Bitbucket', 1, 'TEST-2-nemo-et-dolore-cum-soluta-qui', 'GTTaylor/smartcommitstest', 7, '2015-10-06 10:29:03', 'https://bitbucket.org/GTTaylor/smartcommitstest/pull-requests/1');
INSERT INTO AO_E8B6CC_PR_ISSUE_KEY (DOMAIN_ID, ID, ISSUE_KEY, PULL_REQUEST_ID) VALUES (7, 11, 'TEST-2', 11);

INSERT INTO AO_E8B6CC_PULL_REQUEST (AUTHOR, COMMENT_COUNT, CREATED_ON, DESTINATION_BRANCH, DOMAIN_ID, EXECUTED_BY, ID, LAST_STATUS, NAME, REMOTE_ID, SOURCE_BRANCH, SOURCE_REPO, TO_REPOSITORY_ID, UPDATED_ON, URL) VALUES ('GTTaylor', 0, '2015-10-06 10:29:03', 'master', 7, 'GTTaylor', 12, 'OPEN', 'asdf created online with Bitbucket', 1, 'TEST-2-nemo-et-dolore-cum-soluta-qui', 'GTTaylor/smartcommitstest', 7, '2015-10-06 10:29:03', 'https://bitbucket.org/GTTaylor/smartcommitstest/pull-requests/1');
INSERT INTO AO_E8B6CC_PR_ISSUE_KEY (DOMAIN_ID, ID, ISSUE_KEY, PULL_REQUEST_ID) VALUES (7, 12, 'TEST-2', 12);

INSERT INTO AO_E8B6CC_PULL_REQUEST (AUTHOR, COMMENT_COUNT, CREATED_ON, DESTINATION_BRANCH, DOMAIN_ID, EXECUTED_BY, ID, LAST_STATUS, NAME, REMOTE_ID, SOURCE_BRANCH, SOURCE_REPO, TO_REPOSITORY_ID, UPDATED_ON, URL) VALUES ('GTTaylor', 0, '2015-10-06 10:29:03', 'master', 7, 'GTTaylor', 13, 'OPEN', 'asdf created online with Bitbucket', 1, 'TEST-2-nemo-et-dolore-cum-soluta-qui', 'GTTaylor/smartcommitstest', 7, '2015-10-06 10:29:03', 'https://bitbucket.org/GTTaylor/smartcommitstest/pull-requests/1');
INSERT INTO AO_E8B6CC_PR_ISSUE_KEY (DOMAIN_ID, ID, ISSUE_KEY, PULL_REQUEST_ID) VALUES (7, 13, 'TEST-2', 13);

INSERT INTO AO_E8B6CC_PULL_REQUEST (AUTHOR, COMMENT_COUNT, CREATED_ON, DESTINATION_BRANCH, DOMAIN_ID, EXECUTED_BY, ID, LAST_STATUS, NAME, REMOTE_ID, SOURCE_BRANCH, SOURCE_REPO, TO_REPOSITORY_ID, UPDATED_ON, URL) VALUES ('GTTaylor', 0, '2015-10-06 10:29:03', 'master', 7, 'GTTaylor', 14, 'OPEN', 'asdf created online with Bitbucket', 1, 'TEST-2-nemo-et-dolore-cum-soluta-qui', 'GTTaylor/smartcommitstest', 7, '2015-10-06 10:29:03', 'https://bitbucket.org/GTTaylor/smartcommitstest/pull-requests/1');
INSERT INTO AO_E8B6CC_PR_ISSUE_KEY (DOMAIN_ID, ID, ISSUE_KEY, PULL_REQUEST_ID) VALUES (7, 14, 'TEST-2', 14);

INSERT INTO AO_E8B6CC_PULL_REQUEST (AUTHOR, COMMENT_COUNT, CREATED_ON, DESTINATION_BRANCH, DOMAIN_ID, EXECUTED_BY, ID, LAST_STATUS, NAME, REMOTE_ID, SOURCE_BRANCH, SOURCE_REPO, TO_REPOSITORY_ID, UPDATED_ON, URL) VALUES ('GTTaylor', 0, '2015-10-06 10:29:03', 'master', 7, 'GTTaylor', 15, 'OPEN', 'asdf created online with Bitbucket', 1, 'TEST-2-nemo-et-dolore-cum-soluta-qui', 'GTTaylor/smartcommitstest', 7, '2015-10-06 10:29:03', 'https://bitbucket.org/GTTaylor/smartcommitstest/pull-requests/1');
INSERT INTO AO_E8B6CC_PR_ISSUE_KEY (DOMAIN_ID, ID, ISSUE_KEY, PULL_REQUEST_ID) VALUES (7, 15, 'TEST-2', 15);

INSERT INTO AO_E8B6CC_PULL_REQUEST (AUTHOR, COMMENT_COUNT, CREATED_ON, DESTINATION_BRANCH, DOMAIN_ID, EXECUTED_BY, ID, LAST_STATUS, NAME, REMOTE_ID, SOURCE_BRANCH, SOURCE_REPO, TO_REPOSITORY_ID, UPDATED_ON, URL) VALUES ('GTTaylor', 0, '2015-10-06 10:29:03', 'master', 7, 'GTTaylor', 16, 'OPEN', 'asdf created online with Bitbucket', 1, 'TEST-2-nemo-et-dolore-cum-soluta-qui', 'GTTaylor/smartcommitstest', 7, '2015-10-06 10:29:03', 'https://bitbucket.org/GTTaylor/smartcommitstest/pull-requests/1');
INSERT INTO AO_E8B6CC_PR_ISSUE_KEY (DOMAIN_ID, ID, ISSUE_KEY, PULL_REQUEST_ID) VALUES (7, 16, 'TEST-2', 16);

INSERT INTO AO_E8B6CC_PULL_REQUEST (AUTHOR, COMMENT_COUNT, CREATED_ON, DESTINATION_BRANCH, DOMAIN_ID, EXECUTED_BY, ID, LAST_STATUS, NAME, REMOTE_ID, SOURCE_BRANCH, SOURCE_REPO, TO_REPOSITORY_ID, UPDATED_ON, URL) VALUES ('GTTaylor', 0, '2015-10-06 10:29:03', 'master', 7, 'GTTaylor', 17, 'OPEN', 'asdf created online with Bitbucket', 1, 'TEST-2-nemo-et-dolore-cum-soluta-qui', 'GTTaylor/smartcommitstest', 7, '2015-10-06 10:29:03', 'https://bitbucket.org/GTTaylor/smartcommitstest/pull-requests/1');
INSERT INTO AO_E8B6CC_PR_ISSUE_KEY (DOMAIN_ID, ID, ISSUE_KEY, PULL_REQUEST_ID) VALUES (7, 17, 'TEST-2', 17);

INSERT INTO AO_E8B6CC_PULL_REQUEST (AUTHOR, COMMENT_COUNT, CREATED_ON, DESTINATION_BRANCH, DOMAIN_ID, EXECUTED_BY, ID, LAST_STATUS, NAME, REMOTE_ID, SOURCE_BRANCH, SOURCE_REPO, TO_REPOSITORY_ID, UPDATED_ON, URL) VALUES ('GTTaylor', 0, '2015-10-06 10:29:03', 'master', 7, 'GTTaylor', 18, 'OPEN', 'asdf created online with Bitbucket', 1, 'TEST-2-nemo-et-dolore-cum-soluta-qui', 'GTTaylor/smartcommitstest', 7, '2015-10-06 10:29:03', 'https://bitbucket.org/GTTaylor/smartcommitstest/pull-requests/1');
INSERT INTO AO_E8B6CC_PR_ISSUE_KEY (DOMAIN_ID, ID, ISSUE_KEY, PULL_REQUEST_ID) VALUES (7, 18, 'TEST-2', 18);

INSERT INTO AO_E8B6CC_PULL_REQUEST (AUTHOR, COMMENT_COUNT, CREATED_ON, DESTINATION_BRANCH, DOMAIN_ID, EXECUTED_BY, ID, LAST_STATUS, NAME, REMOTE_ID, SOURCE_BRANCH, SOURCE_REPO, TO_REPOSITORY_ID, UPDATED_ON, URL) VALUES ('GTTaylor', 0, '2015-10-06 10:29:03', 'master', 7, 'GTTaylor', 19, 'OPEN', 'asdf created online with Bitbucket', 1, 'TEST-2-nemo-et-dolore-cum-soluta-qui', 'GTTaylor/smartcommitstest', 7, '2015-10-06 10:29:03', 'https://bitbucket.org/GTTaylor/smartcommitstest/pull-requests/1');
INSERT INTO AO_E8B6CC_PR_ISSUE_KEY (DOMAIN_ID, ID, ISSUE_KEY, PULL_REQUEST_ID) VALUES (7, 19, 'TEST-2', 19);

INSERT INTO AO_E8B6CC_PULL_REQUEST (AUTHOR, COMMENT_COUNT, CREATED_ON, DESTINATION_BRANCH, DOMAIN_ID, EXECUTED_BY, ID, LAST_STATUS, NAME, REMOTE_ID, SOURCE_BRANCH, SOURCE_REPO, TO_REPOSITORY_ID, UPDATED_ON, URL) VALUES ('GTTaylor', 0, '2015-10-06 10:29:03', 'master', 7, 'GTTaylor', 20, 'OPEN', 'asdf created online with Bitbucket', 1, 'TEST-2-nemo-et-dolore-cum-soluta-qui', 'GTTaylor/smartcommitstest', 7, '2015-10-06 10:29:03', 'https://bitbucket.org/GTTaylor/smartcommitstest/pull-requests/1');
INSERT INTO AO_E8B6CC_PR_ISSUE_KEY (DOMAIN_ID, ID, ISSUE_KEY, PULL_REQUEST_ID) VALUES (7, 20, 'TEST-2', 20);

INSERT INTO AO_E8B6CC_PULL_REQUEST (AUTHOR, COMMENT_COUNT, CREATED_ON, DESTINATION_BRANCH, DOMAIN_ID, EXECUTED_BY, ID, LAST_STATUS, NAME, REMOTE_ID, SOURCE_BRANCH, SOURCE_REPO, TO_REPOSITORY_ID, UPDATED_ON, URL) VALUES ('GTTaylor', 0, '2015-10-06 10:29:03', 'master', 7, 'GTTaylor', 21, 'OPEN', 'asdf created online with Bitbucket', 1, 'TEST-2-nemo-et-dolore-cum-soluta-qui', 'GTTaylor/smartcommitstest', 7, '2015-10-06 10:29:03', 'https://bitbucket.org/GTTaylor/smartcommitstest/pull-requests/1');
INSERT INTO AO_E8B6CC_PR_ISSUE_KEY (DOMAIN_ID, ID, ISSUE_KEY, PULL_REQUEST_ID) VALUES (7, 21, 'TEST-2', 21);

INSERT INTO AO_E8B6CC_PULL_REQUEST (AUTHOR, COMMENT_COUNT, CREATED_ON, DESTINATION_BRANCH, DOMAIN_ID, EXECUTED_BY, ID, LAST_STATUS, NAME, REMOTE_ID, SOURCE_BRANCH, SOURCE_REPO, TO_REPOSITORY_ID, UPDATED_ON, URL) VALUES ('GTTaylor', 0, '2015-10-06 10:29:03', 'master', 7, 'GTTaylor', 22, 'OPEN', 'asdf created online with Bitbucket', 1, 'TEST-2-nemo-et-dolore-cum-soluta-qui', 'GTTaylor/smartcommitstest', 7, '2015-10-06 10:29:03', 'https://bitbucket.org/GTTaylor/smartcommitstest/pull-requests/1');
INSERT INTO AO_E8B6CC_PR_ISSUE_KEY (DOMAIN_ID, ID, ISSUE_KEY, PULL_REQUEST_ID) VALUES (7, 22, 'TEST-2', 22);

INSERT INTO AO_E8B6CC_PULL_REQUEST (AUTHOR, COMMENT_COUNT, CREATED_ON, DESTINATION_BRANCH, DOMAIN_ID, EXECUTED_BY, ID, LAST_STATUS, NAME, REMOTE_ID, SOURCE_BRANCH, SOURCE_REPO, TO_REPOSITORY_ID, UPDATED_ON, URL) VALUES ('GTTaylor', 0, '2015-10-06 10:29:03', 'master', 7, 'GTTaylor', 23, 'OPEN', 'asdf created online with Bitbucket', 1, 'TEST-2-nemo-et-dolore-cum-soluta-qui', 'GTTaylor/smartcommitstest', 7, '2015-10-06 10:29:03', 'https://bitbucket.org/GTTaylor/smartcommitstest/pull-requests/1');
INSERT INTO AO_E8B6CC_PR_ISSUE_KEY (DOMAIN_ID, ID, ISSUE_KEY, PULL_REQUEST_ID) VALUES (7, 23, 'TEST-2', 23);

INSERT INTO AO_E8B6CC_PULL_REQUEST (AUTHOR, COMMENT_COUNT, CREATED_ON, DESTINATION_BRANCH, DOMAIN_ID, EXECUTED_BY, ID, LAST_STATUS, NAME, REMOTE_ID, SOURCE_BRANCH, SOURCE_REPO, TO_REPOSITORY_ID, UPDATED_ON, URL) VALUES ('GTTaylor', 0, '2015-10-06 10:29:03', 'master', 7, 'GTTaylor', 24, 'OPEN', 'asdf created online with Bitbucket', 1, 'TEST-2-nemo-et-dolore-cum-soluta-qui', 'GTTaylor/smartcommitstest', 7, '2015-10-06 10:29:03', 'https://bitbucket.org/GTTaylor/smartcommitstest/pull-requests/1');
INSERT INTO AO_E8B6CC_PR_ISSUE_KEY (DOMAIN_ID, ID, ISSUE_KEY, PULL_REQUEST_ID) VALUES (7, 24, 'TEST-2', 24);

INSERT INTO AO_E8B6CC_PULL_REQUEST (AUTHOR, COMMENT_COUNT, CREATED_ON, DESTINATION_BRANCH, DOMAIN_ID, EXECUTED_BY, ID, LAST_STATUS, NAME, REMOTE_ID, SOURCE_BRANCH, SOURCE_REPO, TO_REPOSITORY_ID, UPDATED_ON, URL) VALUES ('GTTaylor', 0, '2015-10-06 10:29:03', 'master', 7, 'GTTaylor', 25, 'OPEN', 'asdf created online with Bitbucket', 1, 'TEST-2-nemo-et-dolore-cum-soluta-qui', 'GTTaylor/smartcommitstest', 7, '2015-10-06 10:29:03', 'https://bitbucket.org/GTTaylor/smartcommitstest/pull-requests/1');
INSERT INTO AO_E8B6CC_PR_ISSUE_KEY (DOMAIN_ID, ID, ISSUE_KEY, PULL_REQUEST_ID) VALUES (7, 25, 'TEST-2', 25);

INSERT INTO AO_E8B6CC_PULL_REQUEST (AUTHOR, COMMENT_COUNT, CREATED_ON, DESTINATION_BRANCH, DOMAIN_ID, EXECUTED_BY, ID, LAST_STATUS, NAME, REMOTE_ID, SOURCE_BRANCH, SOURCE_REPO, TO_REPOSITORY_ID, UPDATED_ON, URL) VALUES ('GTTaylor', 0, '2015-10-06 10:29:03', 'master', 7, 'GTTaylor', 26, 'OPEN', 'asdf created online with Bitbucket', 1, 'TEST-2-nemo-et-dolore-cum-soluta-qui', 'GTTaylor/smartcommitstest', 7, '2015-10-06 10:29:03', 'https://bitbucket.org/GTTaylor/smartcommitstest/pull-requests/1');
INSERT INTO AO_E8B6CC_PR_ISSUE_KEY (DOMAIN_ID, ID, ISSUE_KEY, PULL_REQUEST_ID) VALUES (7, 26, 'TEST-2', 26);

INSERT INTO AO_E8B6CC_PULL_REQUEST (AUTHOR, COMMENT_COUNT, CREATED_ON, DESTINATION_BRANCH, DOMAIN_ID, EXECUTED_BY, ID, LAST_STATUS, NAME, REMOTE_ID, SOURCE_BRANCH, SOURCE_REPO, TO_REPOSITORY_ID, UPDATED_ON, URL) VALUES ('GTTaylor', 0, '2015-10-06 10:29:03', 'master', 7, 'GTTaylor', 27, 'OPEN', 'asdf created online with Bitbucket', 1, 'TEST-2-nemo-et-dolore-cum-soluta-qui', 'GTTaylor/smartcommitstest', 7, '2015-10-06 10:29:03', 'https://bitbucket.org/GTTaylor/smartcommitstest/pull-requests/1');
INSERT INTO AO_E8B6CC_PR_ISSUE_KEY (DOMAIN_ID, ID, ISSUE_KEY, PULL_REQUEST_ID) VALUES (7, 27, 'TEST-2', 27);

INSERT INTO AO_E8B6CC_PULL_REQUEST (AUTHOR, COMMENT_COUNT, CREATED_ON, DESTINATION_BRANCH, DOMAIN_ID, EXECUTED_BY, ID, LAST_STATUS, NAME, REMOTE_ID, SOURCE_BRANCH, SOURCE_REPO, TO_REPOSITORY_ID, UPDATED_ON, URL) VALUES ('GTTaylor', 0, '2015-10-06 10:29:03', 'master', 7, 'GTTaylor', 28, 'OPEN', 'asdf created online with Bitbucket', 1, 'TEST-2-nemo-et-dolore-cum-soluta-qui', 'GTTaylor/smartcommitstest', 7, '2015-10-06 10:29:03', 'https://bitbucket.org/GTTaylor/smartcommitstest/pull-requests/1');
INSERT INTO AO_E8B6CC_PR_ISSUE_KEY (DOMAIN_ID, ID, ISSUE_KEY, PULL_REQUEST_ID) VALUES (7, 28, 'TEST-2', 28);

INSERT INTO AO_E8B6CC_PULL_REQUEST (AUTHOR, COMMENT_COUNT, CREATED_ON, DESTINATION_BRANCH, DOMAIN_ID, EXECUTED_BY, ID, LAST_STATUS, NAME, REMOTE_ID, SOURCE_BRANCH, SOURCE_REPO, TO_REPOSITORY_ID, UPDATED_ON, URL) VALUES ('GTTaylor', 0, '2015-10-06 10:29:03', 'master', 7, 'GTTaylor', 29, 'OPEN', 'asdf created online with Bitbucket', 1, 'TEST-2-nemo-et-dolore-cum-soluta-qui', 'GTTaylor/smartcommitstest', 7, '2015-10-06 10:29:03', 'https://bitbucket.org/GTTaylor/smartcommitstest/pull-requests/1');
INSERT INTO AO_E8B6CC_PR_ISSUE_KEY (DOMAIN_ID, ID, ISSUE_KEY, PULL_REQUEST_ID) VALUES (7, 29, 'TEST-2', 29);

INSERT INTO AO_E8B6CC_PULL_REQUEST (AUTHOR, COMMENT_COUNT, CREATED_ON, DESTINATION_BRANCH, DOMAIN_ID, EXECUTED_BY, ID, LAST_STATUS, NAME, REMOTE_ID, SOURCE_BRANCH, SOURCE_REPO, TO_REPOSITORY_ID, UPDATED_ON, URL) VALUES ('GTTaylor', 0, '2015-10-06 10:29:03', 'master', 7, 'GTTaylor', 30, 'OPEN', 'asdf created online with Bitbucket', 1, 'TEST-2-nemo-et-dolore-cum-soluta-qui', 'GTTaylor/smartcommitstest', 7, '2015-10-06 10:29:03', 'https://bitbucket.org/GTTaylor/smartcommitstest/pull-requests/1');
INSERT INTO AO_E8B6CC_PR_ISSUE_KEY (DOMAIN_ID, ID, ISSUE_KEY, PULL_REQUEST_ID) VALUES (7, 30, 'TEST-2', 30);

INSERT INTO AO_E8B6CC_PULL_REQUEST (AUTHOR, COMMENT_COUNT, CREATED_ON, DESTINATION_BRANCH, DOMAIN_ID, EXECUTED_BY, ID, LAST_STATUS, NAME, REMOTE_ID, SOURCE_BRANCH, SOURCE_REPO, TO_REPOSITORY_ID, UPDATED_ON, URL) VALUES ('GTTaylor', 0, '2015-10-06 10:29:03', 'master', 7, 'GTTaylor', 31, 'OPEN', 'asdf created online with Bitbucket', 1, 'TEST-2-nemo-et-dolore-cum-soluta-qui', 'GTTaylor/smartcommitstest', 7, '2015-10-06 10:29:03', 'https://bitbucket.org/GTTaylor/smartcommitstest/pull-requests/1');
INSERT INTO AO_E8B6CC_PR_ISSUE_KEY (DOMAIN_ID, ID, ISSUE_KEY, PULL_REQUEST_ID) VALUES (7, 31, 'TEST-2', 31);

INSERT INTO AO_E8B6CC_PULL_REQUEST (AUTHOR, COMMENT_COUNT, CREATED_ON, DESTINATION_BRANCH, DOMAIN_ID, EXECUTED_BY, ID, LAST_STATUS, NAME, REMOTE_ID, SOURCE_BRANCH, SOURCE_REPO, TO_REPOSITORY_ID, UPDATED_ON, URL) VALUES ('GTTaylor', 0, '2015-10-06 10:29:03', 'master', 7, 'GTTaylor', 32, 'OPEN', 'asdf created online with Bitbucket', 1, 'TEST-2-nemo-et-dolore-cum-soluta-qui', 'GTTaylor/smartcommitstest', 7, '2015-10-06 10:29:03', 'https://bitbucket.org/GTTaylor/smartcommitstest/pull-requests/1');
INSERT INTO AO_E8B6CC_PR_ISSUE_KEY (DOMAIN_ID, ID, ISSUE_KEY, PULL_REQUEST_ID) VALUES (7, 32, 'TEST-2', 32);

INSERT INTO AO_E8B6CC_PULL_REQUEST (AUTHOR, COMMENT_COUNT, CREATED_ON, DESTINATION_BRANCH, DOMAIN_ID, EXECUTED_BY, ID, LAST_STATUS, NAME, REMOTE_ID, SOURCE_BRANCH, SOURCE_REPO, TO_REPOSITORY_ID, UPDATED_ON, URL) VALUES ('GTTaylor', 0, '2015-10-06 10:29:03', 'master', 7, 'GTTaylor', 33, 'OPEN', 'asdf created online with Bitbucket', 1, 'TEST-2-nemo-et-dolore-cum-soluta-qui', 'GTTaylor/smartcommitstest', 7, '2015-10-06 10:29:03', 'https://bitbucket.org/GTTaylor/smartcommitstest/pull-requests/1');
INSERT INTO AO_E8B6CC_PR_ISSUE_KEY (DOMAIN_ID, ID, ISSUE_KEY, PULL_REQUEST_ID) VALUES (7, 33, 'TEST-2', 33);

INSERT INTO AO_E8B6CC_PULL_REQUEST (AUTHOR, COMMENT_COUNT, CREATED_ON, DESTINATION_BRANCH, DOMAIN_ID, EXECUTED_BY, ID, LAST_STATUS, NAME, REMOTE_ID, SOURCE_BRANCH, SOURCE_REPO, TO_REPOSITORY_ID, UPDATED_ON, URL) VALUES ('GTTaylor', 0, '2015-10-06 10:29:03', 'master', 7, 'GTTaylor', 34, 'OPEN', 'asdf created online with Bitbucket', 1, 'TEST-2-nemo-et-dolore-cum-soluta-qui', 'GTTaylor/smartcommitstest', 7, '2015-10-06 10:29:03', 'https://bitbucket.org/GTTaylor/smartcommitstest/pull-requests/1');
INSERT INTO AO_E8B6CC_PR_ISSUE_KEY (DOMAIN_ID, ID, ISSUE_KEY, PULL_REQUEST_ID) VALUES (7, 34, 'TEST-2', 34);

INSERT INTO AO_E8B6CC_PULL_REQUEST (AUTHOR, COMMENT_COUNT, CREATED_ON, DESTINATION_BRANCH, DOMAIN_ID, EXECUTED_BY, ID, LAST_STATUS, NAME, REMOTE_ID, SOURCE_BRANCH, SOURCE_REPO, TO_REPOSITORY_ID, UPDATED_ON, URL) VALUES ('GTTaylor', 0, '2015-10-06 10:29:03', 'master', 7, 'GTTaylor', 35, 'OPEN', 'asdf created online with Bitbucket', 1, 'TEST-2-nemo-et-dolore-cum-soluta-qui', 'GTTaylor/smartcommitstest', 7, '2015-10-06 10:29:03', 'https://bitbucket.org/GTTaylor/smartcommitstest/pull-requests/1');
INSERT INTO AO_E8B6CC_PR_ISSUE_KEY (DOMAIN_ID, ID, ISSUE_KEY, PULL_REQUEST_ID) VALUES (7, 35, 'TEST-2', 35);

INSERT INTO AO_E8B6CC_PULL_REQUEST (AUTHOR, COMMENT_COUNT, CREATED_ON, DESTINATION_BRANCH, DOMAIN_ID, EXECUTED_BY, ID, LAST_STATUS, NAME, REMOTE_ID, SOURCE_BRANCH, SOURCE_REPO, TO_REPOSITORY_ID, UPDATED_ON, URL) VALUES ('GTTaylor', 0, '2015-10-06 10:29:03', 'master', 7, 'GTTaylor', 36, 'OPEN', 'asdf created online with Bitbucket', 1, 'TEST-2-nemo-et-dolore-cum-soluta-qui', 'GTTaylor/smartcommitstest', 7, '2015-10-06 10:29:03', 'https://bitbucket.org/GTTaylor/smartcommitstest/pull-requests/1');
INSERT INTO AO_E8B6CC_PR_ISSUE_KEY (DOMAIN_ID, ID, ISSUE_KEY, PULL_REQUEST_ID) VALUES (7, 36, 'TEST-2', 36);

INSERT INTO AO_E8B6CC_PULL_REQUEST (AUTHOR, COMMENT_COUNT, CREATED_ON, DESTINATION_BRANCH, DOMAIN_ID, EXECUTED_BY, ID, LAST_STATUS, NAME, REMOTE_ID, SOURCE_BRANCH, SOURCE_REPO, TO_REPOSITORY_ID, UPDATED_ON, URL) VALUES ('GTTaylor', 0, '2015-10-06 10:29:03', 'master', 7, 'GTTaylor', 37, 'OPEN', 'asdf created online with Bitbucket', 1, 'TEST-2-nemo-et-dolore-cum-soluta-qui', 'GTTaylor/smartcommitstest', 7, '2015-10-06 10:29:03', 'https://bitbucket.org/GTTaylor/smartcommitstest/pull-requests/1');
INSERT INTO AO_E8B6CC_PR_ISSUE_KEY (DOMAIN_ID, ID, ISSUE_KEY, PULL_REQUEST_ID) VALUES (7, 37, 'TEST-2', 37);

INSERT INTO AO_E8B6CC_PULL_REQUEST (AUTHOR, COMMENT_COUNT, CREATED_ON, DESTINATION_BRANCH, DOMAIN_ID, EXECUTED_BY, ID, LAST_STATUS, NAME, REMOTE_ID, SOURCE_BRANCH, SOURCE_REPO, TO_REPOSITORY_ID, UPDATED_ON, URL) VALUES ('GTTaylor', 0, '2015-10-06 10:29:03', 'master', 7, 'GTTaylor', 38, 'OPEN', 'asdf created online with Bitbucket', 1, 'TEST-2-nemo-et-dolore-cum-soluta-qui', 'GTTaylor/smartcommitstest', 7, '2015-10-06 10:29:03', 'https://bitbucket.org/GTTaylor/smartcommitstest/pull-requests/1');
INSERT INTO AO_E8B6CC_PR_ISSUE_KEY (DOMAIN_ID, ID, ISSUE_KEY, PULL_REQUEST_ID) VALUES (7, 38, 'TEST-2', 38);

INSERT INTO AO_E8B6CC_PULL_REQUEST (AUTHOR, COMMENT_COUNT, CREATED_ON, DESTINATION_BRANCH, DOMAIN_ID, EXECUTED_BY, ID, LAST_STATUS, NAME, REMOTE_ID, SOURCE_BRANCH, SOURCE_REPO, TO_REPOSITORY_ID, UPDATED_ON, URL) VALUES ('GTTaylor', 0, '2015-10-06 10:29:03', 'master', 7, 'GTTaylor', 39, 'OPEN', 'asdf created online with Bitbucket', 1, 'TEST-2-nemo-et-dolore-cum-soluta-qui', 'GTTaylor/smartcommitstest', 7, '2015-10-06 10:29:03', 'https://bitbucket.org/GTTaylor/smartcommitstest/pull-requests/1');
INSERT INTO AO_E8B6CC_PR_ISSUE_KEY (DOMAIN_ID, ID, ISSUE_KEY, PULL_REQUEST_ID) VALUES (7, 39, 'TEST-2', 39);

INSERT INTO AO_E8B6CC_PULL_REQUEST (AUTHOR, COMMENT_COUNT, CREATED_ON, DESTINATION_BRANCH, DOMAIN_ID, EXECUTED_BY, ID, LAST_STATUS, NAME, REMOTE_ID, SOURCE_BRANCH, SOURCE_REPO, TO_REPOSITORY_ID, UPDATED_ON, URL) VALUES ('GTTaylor', 0, '2015-10-06 10:29:03', 'master', 7, 'GTTaylor', 40, 'OPEN', 'asdf created online with Bitbucket', 1, 'TEST-2-nemo-et-dolore-cum-soluta-qui', 'GTTaylor/smartcommitstest', 7, '2015-10-06 10:29:03', 'https://bitbucket.org/GTTaylor/smartcommitstest/pull-requests/1');
INSERT INTO AO_E8B6CC_PR_ISSUE_KEY (DOMAIN_ID, ID, ISSUE_KEY, PULL_REQUEST_ID) VALUES (7, 40, 'TEST-2', 40);

INSERT INTO AO_E8B6CC_PULL_REQUEST (AUTHOR, COMMENT_COUNT, CREATED_ON, DESTINATION_BRANCH, DOMAIN_ID, EXECUTED_BY, ID, LAST_STATUS, NAME, REMOTE_ID, SOURCE_BRANCH, SOURCE_REPO, TO_REPOSITORY_ID, UPDATED_ON, URL) VALUES ('GTTaylor', 0, '2015-10-06 10:29:03', 'master', 7, 'GTTaylor', 41, 'OPEN', 'asdf created online with Bitbucket', 1, 'TEST-2-nemo-et-dolore-cum-soluta-qui', 'GTTaylor/smartcommitstest', 7, '2015-10-06 10:29:03', 'https://bitbucket.org/GTTaylor/smartcommitstest/pull-requests/1');
INSERT INTO AO_E8B6CC_PR_ISSUE_KEY (DOMAIN_ID, ID, ISSUE_KEY, PULL_REQUEST_ID) VALUES (7, 41, 'TEST-2', 41);

INSERT INTO AO_E8B6CC_PULL_REQUEST (AUTHOR, COMMENT_COUNT, CREATED_ON, DESTINATION_BRANCH, DOMAIN_ID, EXECUTED_BY, ID, LAST_STATUS, NAME, REMOTE_ID, SOURCE_BRANCH, SOURCE_REPO, TO_REPOSITORY_ID, UPDATED_ON, URL) VALUES ('GTTaylor', 0, '2015-10-06 10:29:03', 'master', 7, 'GTTaylor', 42, 'OPEN', 'asdf created online with Bitbucket', 1, 'TEST-2-nemo-et-dolore-cum-soluta-qui', 'GTTaylor/smartcommitstest', 7, '2015-10-06 10:29:03', 'https://bitbucket.org/GTTaylor/smartcommitstest/pull-requests/1');
INSERT INTO AO_E8B6CC_PR_ISSUE_KEY (DOMAIN_ID, ID, ISSUE_KEY, PULL_REQUEST_ID) VALUES (7, 42, 'TEST-2', 42);

INSERT INTO AO_E8B6CC_PULL_REQUEST (AUTHOR, COMMENT_COUNT, CREATED_ON, DESTINATION_BRANCH, DOMAIN_ID, EXECUTED_BY, ID, LAST_STATUS, NAME, REMOTE_ID, SOURCE_BRANCH, SOURCE_REPO, TO_REPOSITORY_ID, UPDATED_ON, URL) VALUES ('GTTaylor', 0, '2015-10-06 10:29:03', 'master', 7, 'GTTaylor', 43, 'OPEN', 'asdf created online with Bitbucket', 1, 'TEST-2-nemo-et-dolore-cum-soluta-qui', 'GTTaylor/smartcommitstest', 7, '2015-10-06 10:29:03', 'https://bitbucket.org/GTTaylor/smartcommitstest/pull-requests/1');
INSERT INTO AO_E8B6CC_PR_ISSUE_KEY (DOMAIN_ID, ID, ISSUE_KEY, PULL_REQUEST_ID) VALUES (7, 43, 'TEST-2', 43);

INSERT INTO AO_E8B6CC_PULL_REQUEST (AUTHOR, COMMENT_COUNT, CREATED_ON, DESTINATION_BRANCH, DOMAIN_ID, EXECUTED_BY, ID, LAST_STATUS, NAME, REMOTE_ID, SOURCE_BRANCH, SOURCE_REPO, TO_REPOSITORY_ID, UPDATED_ON, URL) VALUES ('GTTaylor', 0, '2015-10-06 10:29:03', 'master', 7, 'GTTaylor', 44, 'OPEN', 'asdf created online with Bitbucket', 1, 'TEST-2-nemo-et-dolore-cum-soluta-qui', 'GTTaylor/smartcommitstest', 7, '2015-10-06 10:29:03', 'https://bitbucket.org/GTTaylor/smartcommitstest/pull-requests/1');
INSERT INTO AO_E8B6CC_PR_ISSUE_KEY (DOMAIN_ID, ID, ISSUE_KEY, PULL_REQUEST_ID) VALUES (7, 44, 'TEST-2', 44);

INSERT INTO AO_E8B6CC_PULL_REQUEST (AUTHOR, COMMENT_COUNT, CREATED_ON, DESTINATION_BRANCH, DOMAIN_ID, EXECUTED_BY, ID, LAST_STATUS, NAME, REMOTE_ID, SOURCE_BRANCH, SOURCE_REPO, TO_REPOSITORY_ID, UPDATED_ON, URL) VALUES ('GTTaylor', 0, '2015-10-06 10:29:03', 'master', 7, 'GTTaylor', 45, 'OPEN', 'asdf created online with Bitbucket', 1, 'TEST-2-nemo-et-dolore-cum-soluta-qui', 'GTTaylor/smartcommitstest', 7, '2015-10-06 10:29:03', 'https://bitbucket.org/GTTaylor/smartcommitstest/pull-requests/1');
INSERT INTO AO_E8B6CC_PR_ISSUE_KEY (DOMAIN_ID, ID, ISSUE_KEY, PULL_REQUEST_ID) VALUES (7, 45, 'TEST-2', 45);

INSERT INTO AO_E8B6CC_PULL_REQUEST (AUTHOR, COMMENT_COUNT, CREATED_ON, DESTINATION_BRANCH, DOMAIN_ID, EXECUTED_BY, ID, LAST_STATUS, NAME, REMOTE_ID, SOURCE_BRANCH, SOURCE_REPO, TO_REPOSITORY_ID, UPDATED_ON, URL) VALUES ('GTTaylor', 0, '2015-10-06 10:29:03', 'master', 7, 'GTTaylor', 46, 'OPEN', 'asdf created online with Bitbucket', 1, 'TEST-2-nemo-et-dolore-cum-soluta-qui', 'GTTaylor/smartcommitstest', 7, '2015-10-06 10:29:03', 'https://bitbucket.org/GTTaylor/smartcommitstest/pull-requests/1');
INSERT INTO AO_E8B6CC_PR_ISSUE_KEY (DOMAIN_ID, ID, ISSUE_KEY, PULL_REQUEST_ID) VALUES (7, 46, 'TEST-2', 46);

INSERT INTO AO_E8B6CC_PULL_REQUEST (AUTHOR, COMMENT_COUNT, CREATED_ON, DESTINATION_BRANCH, DOMAIN_ID, EXECUTED_BY, ID, LAST_STATUS, NAME, REMOTE_ID, SOURCE_BRANCH, SOURCE_REPO, TO_REPOSITORY_ID, UPDATED_ON, URL) VALUES ('GTTaylor', 0, '2015-10-06 10:29:03', 'master', 7, 'GTTaylor', 47, 'OPEN', 'asdf created online with Bitbucket', 1, 'TEST-2-nemo-et-dolore-cum-soluta-qui', 'GTTaylor/smartcommitstest', 7, '2015-10-06 10:29:03', 'https://bitbucket.org/GTTaylor/smartcommitstest/pull-requests/1');
INSERT INTO AO_E8B6CC_PR_ISSUE_KEY (DOMAIN_ID, ID, ISSUE_KEY, PULL_REQUEST_ID) VALUES (7, 47, 'TEST-2', 47);

INSERT INTO AO_E8B6CC_PULL_REQUEST (AUTHOR, COMMENT_COUNT, CREATED_ON, DESTINATION_BRANCH, DOMAIN_ID, EXECUTED_BY, ID, LAST_STATUS, NAME, REMOTE_ID, SOURCE_BRANCH, SOURCE_REPO, TO_REPOSITORY_ID, UPDATED_ON, URL) VALUES ('GTTaylor', 0, '2015-10-06 10:29:03', 'master', 7, 'GTTaylor', 48, 'OPEN', 'asdf created online with Bitbucket', 1, 'TEST-2-nemo-et-dolore-cum-soluta-qui', 'GTTaylor/smartcommitstest', 7, '2015-10-06 10:29:03', 'https://bitbucket.org/GTTaylor/smartcommitstest/pull-requests/1');
INSERT INTO AO_E8B6CC_PR_ISSUE_KEY (DOMAIN_ID, ID, ISSUE_KEY, PULL_REQUEST_ID) VALUES (7, 48, 'TEST-2', 48);

INSERT INTO AO_E8B6CC_PULL_REQUEST (AUTHOR, COMMENT_COUNT, CREATED_ON, DESTINATION_BRANCH, DOMAIN_ID, EXECUTED_BY, ID, LAST_STATUS, NAME, REMOTE_ID, SOURCE_BRANCH, SOURCE_REPO, TO_REPOSITORY_ID, UPDATED_ON, URL) VALUES ('GTTaylor', 0, '2015-10-06 10:29:03', 'master', 7, 'GTTaylor', 49, 'OPEN', 'asdf created online with Bitbucket', 1, 'TEST-2-nemo-et-dolore-cum-soluta-qui', 'GTTaylor/smartcommitstest', 7, '2015-10-06 10:29:03', 'https://bitbucket.org/GTTaylor/smartcommitstest/pull-requests/1');
INSERT INTO AO_E8B6CC_PR_ISSUE_KEY (DOMAIN_ID, ID, ISSUE_KEY, PULL_REQUEST_ID) VALUES (7, 49, 'TEST-2', 49);

INSERT INTO AO_E8B6CC_PULL_REQUEST (AUTHOR, COMMENT_COUNT, CREATED_ON, DESTINATION_BRANCH, DOMAIN_ID, EXECUTED_BY, ID, LAST_STATUS, NAME, REMOTE_ID, SOURCE_BRANCH, SOURCE_REPO, TO_REPOSITORY_ID, UPDATED_ON, URL) VALUES ('GTTaylor', 0, '2015-10-06 10:29:03', 'master', 7, 'GTTaylor', 50, 'OPEN', 'asdf created online with Bitbucket', 1, 'TEST-2-nemo-et-dolore-cum-soluta-qui', 'GTTaylor/smartcommitstest', 7, '2015-10-06 10:29:03', 'https://bitbucket.org/GTTaylor/smartcommitstest/pull-requests/1');
INSERT INTO AO_E8B6CC_PR_ISSUE_KEY (DOMAIN_ID, ID, ISSUE_KEY, PULL_REQUEST_ID) VALUES (7, 50, 'TEST-2', 50);

INSERT INTO AO_E8B6CC_PULL_REQUEST (AUTHOR, COMMENT_COUNT, CREATED_ON, DESTINATION_BRANCH, DOMAIN_ID, EXECUTED_BY, ID, LAST_STATUS, NAME, REMOTE_ID, SOURCE_BRANCH, SOURCE_REPO, TO_REPOSITORY_ID, UPDATED_ON, URL) VALUES ('GTTaylor', 0, '2015-10-06 10:29:03', 'master', 7, 'GTTaylor', 51, 'OPEN', 'asdf created online with Bitbucket', 1, 'TEST-2-nemo-et-dolore-cum-soluta-qui', 'GTTaylor/smartcommitstest', 7, '2015-10-06 10:29:03', 'https://bitbucket.org/GTTaylor/smartcommitstest/pull-requests/1');
INSERT INTO AO_E8B6CC_PR_ISSUE_KEY (DOMAIN_ID, ID, ISSUE_KEY, PULL_REQUEST_ID) VALUES (7, 51, 'TEST-2', 51);

INSERT INTO AO_E8B6CC_PULL_REQUEST (AUTHOR, COMMENT_COUNT, CREATED_ON, DESTINATION_BRANCH, DOMAIN_ID, EXECUTED_BY, ID, LAST_STATUS, NAME, REMOTE_ID, SOURCE_BRANCH, SOURCE_REPO, TO_REPOSITORY_ID, UPDATED_ON, URL) VALUES ('GTTaylor', 0, '2015-10-06 10:29:03', 'master', 7, 'GTTaylor', 52, 'OPEN', 'asdf created online with Bitbucket', 1, 'TEST-2-nemo-et-dolore-cum-soluta-qui', 'GTTaylor/smartcommitstest', 7, '2015-10-06 10:29:03', 'https://bitbucket.org/GTTaylor/smartcommitstest/pull-requests/1');
INSERT INTO AO_E8B6CC_PR_ISSUE_KEY (DOMAIN_ID, ID, ISSUE_KEY, PULL_REQUEST_ID) VALUES (7, 52, 'TEST-2', 52);

INSERT INTO AO_E8B6CC_PULL_REQUEST (AUTHOR, COMMENT_COUNT, CREATED_ON, DESTINATION_BRANCH, DOMAIN_ID, EXECUTED_BY, ID, LAST_STATUS, NAME, REMOTE_ID, SOURCE_BRANCH, SOURCE_REPO, TO_REPOSITORY_ID, UPDATED_ON, URL) VALUES ('GTTaylor', 0, '2015-10-06 10:29:03', 'master', 7, 'GTTaylor', 53, 'OPEN', 'asdf created online with Bitbucket', 1, 'TEST-2-nemo-et-dolore-cum-soluta-qui', 'GTTaylor/smartcommitstest', 7, '2015-10-06 10:29:03', 'https://bitbucket.org/GTTaylor/smartcommitstest/pull-requests/1');
INSERT INTO AO_E8B6CC_PR_ISSUE_KEY (DOMAIN_ID, ID, ISSUE_KEY, PULL_REQUEST_ID) VALUES (7, 53, 'TEST-2', 53);

INSERT INTO AO_E8B6CC_PULL_REQUEST (AUTHOR, COMMENT_COUNT, CREATED_ON, DESTINATION_BRANCH, DOMAIN_ID, EXECUTED_BY, ID, LAST_STATUS, NAME, REMOTE_ID, SOURCE_BRANCH, SOURCE_REPO, TO_REPOSITORY_ID, UPDATED_ON, URL) VALUES ('GTTaylor', 0, '2015-10-06 10:29:03', 'master', 7, 'GTTaylor', 54, 'OPEN', 'asdf created online with Bitbucket', 1, 'TEST-2-nemo-et-dolore-cum-soluta-qui', 'GTTaylor/smartcommitstest', 7, '2015-10-06 10:29:03', 'https://bitbucket.org/GTTaylor/smartcommitstest/pull-requests/1');
INSERT INTO AO_E8B6CC_PR_ISSUE_KEY (DOMAIN_ID, ID, ISSUE_KEY, PULL_REQUEST_ID) VALUES (7, 54, 'TEST-2', 54);

INSERT INTO AO_E8B6CC_PULL_REQUEST (AUTHOR, COMMENT_COUNT, CREATED_ON, DESTINATION_BRANCH, DOMAIN_ID, EXECUTED_BY, ID, LAST_STATUS, NAME, REMOTE_ID, SOURCE_BRANCH, SOURCE_REPO, TO_REPOSITORY_ID, UPDATED_ON, URL) VALUES ('GTTaylor', 0, '2015-10-06 10:29:03', 'master', 7, 'GTTaylor', 55, 'OPEN', 'asdf created online with Bitbucket', 1, 'TEST-2-nemo-et-dolore-cum-soluta-qui', 'GTTaylor/smartcommitstest', 7, '2015-10-06 10:29:03', 'https://bitbucket.org/GTTaylor/smartcommitstest/pull-requests/1');
INSERT INTO AO_E8B6CC_PR_ISSUE_KEY (DOMAIN_ID, ID, ISSUE_KEY, PULL_REQUEST_ID) VALUES (7, 55, 'TEST-2', 55);

INSERT INTO AO_E8B6CC_PULL_REQUEST (AUTHOR, COMMENT_COUNT, CREATED_ON, DESTINATION_BRANCH, DOMAIN_ID, EXECUTED_BY, ID, LAST_STATUS, NAME, REMOTE_ID, SOURCE_BRANCH, SOURCE_REPO, TO_REPOSITORY_ID, UPDATED_ON, URL) VALUES ('GTTaylor', 0, '2015-10-06 10:29:03', 'master', 7, 'GTTaylor', 56, 'OPEN', 'asdf created online with Bitbucket', 1, 'TEST-2-nemo-et-dolore-cum-soluta-qui', 'GTTaylor/smartcommitstest', 7, '2015-10-06 10:29:03', 'https://bitbucket.org/GTTaylor/smartcommitstest/pull-requests/1');
INSERT INTO AO_E8B6CC_PR_ISSUE_KEY (DOMAIN_ID, ID, ISSUE_KEY, PULL_REQUEST_ID) VALUES (7, 56, 'TEST-2', 56);

INSERT INTO AO_E8B6CC_PULL_REQUEST (AUTHOR, COMMENT_COUNT, CREATED_ON, DESTINATION_BRANCH, DOMAIN_ID, EXECUTED_BY, ID, LAST_STATUS, NAME, REMOTE_ID, SOURCE_BRANCH, SOURCE_REPO, TO_REPOSITORY_ID, UPDATED_ON, URL) VALUES ('GTTaylor', 0, '2015-10-06 10:29:03', 'master', 7, 'GTTaylor', 57, 'OPEN', 'asdf created online with Bitbucket', 1, 'TEST-2-nemo-et-dolore-cum-soluta-qui', 'GTTaylor/smartcommitstest', 7, '2015-10-06 10:29:03', 'https://bitbucket.org/GTTaylor/smartcommitstest/pull-requests/1');
INSERT INTO AO_E8B6CC_PR_ISSUE_KEY (DOMAIN_ID, ID, ISSUE_KEY, PULL_REQUEST_ID) VALUES (7, 57, 'TEST-2', 57);

INSERT INTO AO_E8B6CC_PULL_REQUEST (AUTHOR, COMMENT_COUNT, CREATED_ON, DESTINATION_BRANCH, DOMAIN_ID, EXECUTED_BY, ID, LAST_STATUS, NAME, REMOTE_ID, SOURCE_BRANCH, SOURCE_REPO, TO_REPOSITORY_ID, UPDATED_ON, URL) VALUES ('GTTaylor', 0, '2015-10-06 10:29:03', 'master', 7, 'GTTaylor', 58, 'OPEN', 'asdf created online with Bitbucket', 1, 'TEST-2-nemo-et-dolore-cum-soluta-qui', 'GTTaylor/smartcommitstest', 7, '2015-10-06 10:29:03', 'https://bitbucket.org/GTTaylor/smartcommitstest/pull-requests/1');
INSERT INTO AO_E8B6CC_PR_ISSUE_KEY (DOMAIN_ID, ID, ISSUE_KEY, PULL_REQUEST_ID) VALUES (7, 58, 'TEST-2', 58);

INSERT INTO AO_E8B6CC_PULL_REQUEST (AUTHOR, COMMENT_COUNT, CREATED_ON, DESTINATION_BRANCH, DOMAIN_ID, EXECUTED_BY, ID, LAST_STATUS, NAME, REMOTE_ID, SOURCE_BRANCH, SOURCE_REPO, TO_REPOSITORY_ID, UPDATED_ON, URL) VALUES ('GTTaylor', 0, '2015-10-06 10:29:03', 'master', 7, 'GTTaylor', 59, 'OPEN', 'asdf created online with Bitbucket', 1, 'TEST-2-nemo-et-dolore-cum-soluta-qui', 'GTTaylor/smartcommitstest', 7, '2015-10-06 10:29:03', 'https://bitbucket.org/GTTaylor/smartcommitstest/pull-requests/1');
INSERT INTO AO_E8B6CC_PR_ISSUE_KEY (DOMAIN_ID, ID, ISSUE_KEY, PULL_REQUEST_ID) VALUES (7, 59, 'TEST-2', 59);

INSERT INTO AO_E8B6CC_PULL_REQUEST (AUTHOR, COMMENT_COUNT, CREATED_ON, DESTINATION_BRANCH, DOMAIN_ID, EXECUTED_BY, ID, LAST_STATUS, NAME, REMOTE_ID, SOURCE_BRANCH, SOURCE_REPO, TO_REPOSITORY_ID, UPDATED_ON, URL) VALUES ('GTTaylor', 0, '2015-10-06 10:29:03', 'master', 7, 'GTTaylor', 60, 'OPEN', 'asdf created online with Bitbucket', 1, 'TEST-2-nemo-et-dolore-cum-soluta-qui', 'GTTaylor/smartcommitstest', 7, '2015-10-06 10:29:03', 'https://bitbucket.org/GTTaylor/smartcommitstest/pull-requests/1');
INSERT INTO AO_E8B6CC_PR_ISSUE_KEY (DOMAIN_ID, ID, ISSUE_KEY, PULL_REQUEST_ID) VALUES (7, 60, 'TEST-2', 60);

INSERT INTO AO_E8B6CC_PULL_REQUEST (AUTHOR, COMMENT_COUNT, CREATED_ON, DESTINATION_BRANCH, DOMAIN_ID, EXECUTED_BY, ID, LAST_STATUS, NAME, REMOTE_ID, SOURCE_BRANCH, SOURCE_REPO, TO_REPOSITORY_ID, UPDATED_ON, URL) VALUES ('GTTaylor', 0, '2015-10-06 10:29:03', 'master', 7, 'GTTaylor', 61, 'OPEN', 'asdf created online with Bitbucket', 1, 'TEST-2-nemo-et-dolore-cum-soluta-qui', 'GTTaylor/smartcommitstest', 7, '2015-10-06 10:29:03', 'https://bitbucket.org/GTTaylor/smartcommitstest/pull-requests/1');
INSERT INTO AO_E8B6CC_PR_ISSUE_KEY (DOMAIN_ID, ID, ISSUE_KEY, PULL_REQUEST_ID) VALUES (7, 61, 'TEST-2', 61);

INSERT INTO AO_E8B6CC_PULL_REQUEST (AUTHOR, COMMENT_COUNT, CREATED_ON, DESTINATION_BRANCH, DOMAIN_ID, EXECUTED_BY, ID, LAST_STATUS, NAME, REMOTE_ID, SOURCE_BRANCH, SOURCE_REPO, TO_REPOSITORY_ID, UPDATED_ON, URL) VALUES ('GTTaylor', 0, '2015-10-06 10:29:03', 'master', 7, 'GTTaylor', 62, 'OPEN', 'asdf created online with Bitbucket', 1, 'TEST-2-nemo-et-dolore-cum-soluta-qui', 'GTTaylor/smartcommitstest', 7, '2015-10-06 10:29:03', 'https://bitbucket.org/GTTaylor/smartcommitstest/pull-requests/1');
INSERT INTO AO_E8B6CC_PR_ISSUE_KEY (DOMAIN_ID, ID, ISSUE_KEY, PULL_REQUEST_ID) VALUES (7, 62, 'TEST-2', 62);

INSERT INTO AO_E8B6CC_PULL_REQUEST (AUTHOR, COMMENT_COUNT, CREATED_ON, DESTINATION_BRANCH, DOMAIN_ID, EXECUTED_BY, ID, LAST_STATUS, NAME, REMOTE_ID, SOURCE_BRANCH, SOURCE_REPO, TO_REPOSITORY_ID, UPDATED_ON, URL) VALUES ('GTTaylor', 0, '2015-10-06 10:29:03', 'master', 7, 'GTTaylor', 63, 'OPEN', 'asdf created online with Bitbucket', 1, 'TEST-2-nemo-et-dolore-cum-soluta-qui', 'GTTaylor/smartcommitstest', 7, '2015-10-06 10:29:03', 'https://bitbucket.org/GTTaylor/smartcommitstest/pull-requests/1');
INSERT INTO AO_E8B6CC_PR_ISSUE_KEY (DOMAIN_ID, ID, ISSUE_KEY, PULL_REQUEST_ID) VALUES (7, 63, 'TEST-2', 63);

INSERT INTO AO_E8B6CC_PULL_REQUEST (AUTHOR, COMMENT_COUNT, CREATED_ON, DESTINATION_BRANCH, DOMAIN_ID, EXECUTED_BY, ID, LAST_STATUS, NAME, REMOTE_ID, SOURCE_BRANCH, SOURCE_REPO, TO_REPOSITORY_ID, UPDATED_ON, URL) VALUES ('GTTaylor', 0, '2015-10-06 10:29:03', 'master', 7, 'GTTaylor', 64, 'OPEN', 'asdf created online with Bitbucket', 1, 'TEST-2-nemo-et-dolore-cum-soluta-qui', 'GTTaylor/smartcommitstest', 7, '2015-10-06 10:29:03', 'https://bitbucket.org/GTTaylor/smartcommitstest/pull-requests/1');
INSERT INTO AO_E8B6CC_PR_ISSUE_KEY (DOMAIN_ID, ID, ISSUE_KEY, PULL_REQUEST_ID) VALUES (7, 64, 'TEST-2', 64);

INSERT INTO AO_E8B6CC_PULL_REQUEST (AUTHOR, COMMENT_COUNT, CREATED_ON, DESTINATION_BRANCH, DOMAIN_ID, EXECUTED_BY, ID, LAST_STATUS, NAME, REMOTE_ID, SOURCE_BRANCH, SOURCE_REPO, TO_REPOSITORY_ID, UPDATED_ON, URL) VALUES ('GTTaylor', 0, '2015-10-06 10:29:03', 'master', 7, 'GTTaylor', 65, 'OPEN', 'asdf created online with Bitbucket', 1, 'TEST-2-nemo-et-dolore-cum-soluta-qui', 'GTTaylor/smartcommitstest', 7, '2015-10-06 10:29:03', 'https://bitbucket.org/GTTaylor/smartcommitstest/pull-requests/1');
INSERT INTO AO_E8B6CC_PR_ISSUE_KEY (DOMAIN_ID, ID, ISSUE_KEY, PULL_REQUEST_ID) VALUES (7, 65, 'TEST-2', 65);

INSERT INTO AO_E8B6CC_PULL_REQUEST (AUTHOR, COMMENT_COUNT, CREATED_ON, DESTINATION_BRANCH, DOMAIN_ID, EXECUTED_BY, ID, LAST_STATUS, NAME, REMOTE_ID, SOURCE_BRANCH, SOURCE_REPO, TO_REPOSITORY_ID, UPDATED_ON, URL) VALUES ('GTTaylor', 0, '2015-10-06 10:29:03', 'master', 7, 'GTTaylor', 66, 'OPEN', 'asdf created online with Bitbucket', 1, 'TEST-2-nemo-et-dolore-cum-soluta-qui', 'GTTaylor/smartcommitstest', 7, '2015-10-06 10:29:03', 'https://bitbucket.org/GTTaylor/smartcommitstest/pull-requests/1');
INSERT INTO AO_E8B6CC_PR_ISSUE_KEY (DOMAIN_ID, ID, ISSUE_KEY, PULL_REQUEST_ID) VALUES (7, 66, 'TEST-2', 66);

INSERT INTO AO_E8B6CC_PULL_REQUEST (AUTHOR, COMMENT_COUNT, CREATED_ON, DESTINATION_BRANCH, DOMAIN_ID, EXECUTED_BY, ID, LAST_STATUS, NAME, REMOTE_ID, SOURCE_BRANCH, SOURCE_REPO, TO_REPOSITORY_ID, UPDATED_ON, URL) VALUES ('GTTaylor', 0, '2015-10-06 10:29:03', 'master', 7, 'GTTaylor', 67, 'OPEN', 'asdf created online with Bitbucket', 1, 'TEST-2-nemo-et-dolore-cum-soluta-qui', 'GTTaylor/smartcommitstest', 7, '2015-10-06 10:29:03', 'https://bitbucket.org/GTTaylor/smartcommitstest/pull-requests/1');
INSERT INTO AO_E8B6CC_PR_ISSUE_KEY (DOMAIN_ID, ID, ISSUE_KEY, PULL_REQUEST_ID) VALUES (7, 67, 'TEST-2', 67);

INSERT INTO AO_E8B6CC_PULL_REQUEST (AUTHOR, COMMENT_COUNT, CREATED_ON, DESTINATION_BRANCH, DOMAIN_ID, EXECUTED_BY, ID, LAST_STATUS, NAME, REMOTE_ID, SOURCE_BRANCH, SOURCE_REPO, TO_REPOSITORY_ID, UPDATED_ON, URL) VALUES ('GTTaylor', 0, '2015-10-06 10:29:03', 'master', 7, 'GTTaylor', 68, 'OPEN', 'asdf created online with Bitbucket', 1, 'TEST-2-nemo-et-dolore-cum-soluta-qui', 'GTTaylor/smartcommitstest', 7, '2015-10-06 10:29:03', 'https://bitbucket.org/GTTaylor/smartcommitstest/pull-requests/1');
INSERT INTO AO_E8B6CC_PR_ISSUE_KEY (DOMAIN_ID, ID, ISSUE_KEY, PULL_REQUEST_ID) VALUES (7, 68, 'TEST-2', 68);

INSERT INTO AO_E8B6CC_PULL_REQUEST (AUTHOR, COMMENT_COUNT, CREATED_ON, DESTINATION_BRANCH, DOMAIN_ID, EXECUTED_BY, ID, LAST_STATUS, NAME, REMOTE_ID, SOURCE_BRANCH, SOURCE_REPO, TO_REPOSITORY_ID, UPDATED_ON, URL) VALUES ('GTTaylor', 0, '2015-10-06 10:29:03', 'master', 7, 'GTTaylor', 69, 'OPEN', 'asdf created online with Bitbucket', 1, 'TEST-2-nemo-et-dolore-cum-soluta-qui', 'GTTaylor/smartcommitstest', 7, '2015-10-06 10:29:03', 'https://bitbucket.org/GTTaylor/smartcommitstest/pull-requests/1');
INSERT INTO AO_E8B6CC_PR_ISSUE_KEY (DOMAIN_ID, ID, ISSUE_KEY, PULL_REQUEST_ID) VALUES (7, 69, 'TEST-2', 69);

INSERT INTO AO_E8B6CC_PULL_REQUEST (AUTHOR, COMMENT_COUNT, CREATED_ON, DESTINATION_BRANCH, DOMAIN_ID, EXECUTED_BY, ID, LAST_STATUS, NAME, REMOTE_ID, SOURCE_BRANCH, SOURCE_REPO, TO_REPOSITORY_ID, UPDATED_ON, URL) VALUES ('GTTaylor', 0, '2015-10-06 10:29:03', 'master', 7, 'GTTaylor', 70, 'OPEN', 'asdf created online with Bitbucket', 1, 'TEST-2-nemo-et-dolore-cum-soluta-qui', 'GTTaylor/smartcommitstest', 7, '2015-10-06 10:29:03', 'https://bitbucket.org/GTTaylor/smartcommitstest/pull-requests/1');
INSERT INTO AO_E8B6CC_PR_ISSUE_KEY (DOMAIN_ID, ID, ISSUE_KEY, PULL_REQUEST_ID) VALUES (7, 70, 'TEST-2', 70);

INSERT INTO AO_E8B6CC_PULL_REQUEST (AUTHOR, COMMENT_COUNT, CREATED_ON, DESTINATION_BRANCH, DOMAIN_ID, EXECUTED_BY, ID, LAST_STATUS, NAME, REMOTE_ID, SOURCE_BRANCH, SOURCE_REPO, TO_REPOSITORY_ID, UPDATED_ON, URL) VALUES ('GTTaylor', 0, '2015-10-06 10:29:03', 'master', 7, 'GTTaylor', 71, 'OPEN', 'asdf created online with Bitbucket', 1, 'TEST-2-nemo-et-dolore-cum-soluta-qui', 'GTTaylor/smartcommitstest', 7, '2015-10-06 10:29:03', 'https://bitbucket.org/GTTaylor/smartcommitstest/pull-requests/1');
INSERT INTO AO_E8B6CC_PR_ISSUE_KEY (DOMAIN_ID, ID, ISSUE_KEY, PULL_REQUEST_ID) VALUES (7, 71, 'TEST-2', 71);

INSERT INTO AO_E8B6CC_PULL_REQUEST (AUTHOR, COMMENT_COUNT, CREATED_ON, DESTINATION_BRANCH, DOMAIN_ID, EXECUTED_BY, ID, LAST_STATUS, NAME, REMOTE_ID, SOURCE_BRANCH, SOURCE_REPO, TO_REPOSITORY_ID, UPDATED_ON, URL) VALUES ('GTTaylor', 0, '2015-10-06 10:29:03', 'master', 7, 'GTTaylor', 72, 'OPEN', 'asdf created online with Bitbucket', 1, 'TEST-2-nemo-et-dolore-cum-soluta-qui', 'GTTaylor/smartcommitstest', 7, '2015-10-06 10:29:03', 'https://bitbucket.org/GTTaylor/smartcommitstest/pull-requests/1');
INSERT INTO AO_E8B6CC_PR_ISSUE_KEY (DOMAIN_ID, ID, ISSUE_KEY, PULL_REQUEST_ID) VALUES (7, 72, 'TEST-2', 72);

INSERT INTO AO_E8B6CC_PULL_REQUEST (AUTHOR, COMMENT_COUNT, CREATED_ON, DESTINATION_BRANCH, DOMAIN_ID, EXECUTED_BY, ID, LAST_STATUS, NAME, REMOTE_ID, SOURCE_BRANCH, SOURCE_REPO, TO_REPOSITORY_ID, UPDATED_ON, URL) VALUES ('GTTaylor', 0, '2015-10-06 10:29:03', 'master', 7, 'GTTaylor', 73, 'OPEN', 'asdf created online with Bitbucket', 1, 'TEST-2-nemo-et-dolore-cum-soluta-qui', 'GTTaylor/smartcommitstest', 7, '2015-10-06 10:29:03', 'https://bitbucket.org/GTTaylor/smartcommitstest/pull-requests/1');
INSERT INTO AO_E8B6CC_PR_ISSUE_KEY (DOMAIN_ID, ID, ISSUE_KEY, PULL_REQUEST_ID) VALUES (7, 73, 'TEST-2', 73);

INSERT INTO AO_E8B6CC_PULL_REQUEST (AUTHOR, COMMENT_COUNT, CREATED_ON, DESTINATION_BRANCH, DOMAIN_ID, EXECUTED_BY, ID, LAST_STATUS, NAME, REMOTE_ID, SOURCE_BRANCH, SOURCE_REPO, TO_REPOSITORY_ID, UPDATED_ON, URL) VALUES ('GTTaylor', 0, '2015-10-06 10:29:03', 'master', 7, 'GTTaylor', 74, 'OPEN', 'asdf created online with Bitbucket', 1, 'TEST-2-nemo-et-dolore-cum-soluta-qui', 'GTTaylor/smartcommitstest', 7, '2015-10-06 10:29:03', 'https://bitbucket.org/GTTaylor/smartcommitstest/pull-requests/1');
INSERT INTO AO_E8B6CC_PR_ISSUE_KEY (DOMAIN_ID, ID, ISSUE_KEY, PULL_REQUEST_ID) VALUES (7, 74, 'TEST-2', 74);

INSERT INTO AO_E8B6CC_PULL_REQUEST (AUTHOR, COMMENT_COUNT, CREATED_ON, DESTINATION_BRANCH, DOMAIN_ID, EXECUTED_BY, ID, LAST_STATUS, NAME, REMOTE_ID, SOURCE_BRANCH, SOURCE_REPO, TO_REPOSITORY_ID, UPDATED_ON, URL) VALUES ('GTTaylor', 0, '2015-10-06 10:29:03', 'master', 7, 'GTTaylor', 75, 'OPEN', 'asdf created online with Bitbucket', 1, 'TEST-2-nemo-et-dolore-cum-soluta-qui', 'GTTaylor/smartcommitstest', 7, '2015-10-06 10:29:03', 'https://bitbucket.org/GTTaylor/smartcommitstest/pull-requests/1');
INSERT INTO AO_E8B6CC_PR_ISSUE_KEY (DOMAIN_ID, ID, ISSUE_KEY, PULL_REQUEST_ID) VALUES (7, 75, 'TEST-2', 75);

INSERT INTO AO_E8B6CC_PULL_REQUEST (AUTHOR, COMMENT_COUNT, CREATED_ON, DESTINATION_BRANCH, DOMAIN_ID, EXECUTED_BY, ID, LAST_STATUS, NAME, REMOTE_ID, SOURCE_BRANCH, SOURCE_REPO, TO_REPOSITORY_ID, UPDATED_ON, URL) VALUES ('GTTaylor', 0, '2015-10-06 10:29:03', 'master', 7, 'GTTaylor', 76, 'OPEN', 'asdf created online with Bitbucket', 1, 'TEST-2-nemo-et-dolore-cum-soluta-qui', 'GTTaylor/smartcommitstest', 7, '2015-10-06 10:29:03', 'https://bitbucket.org/GTTaylor/smartcommitstest/pull-requests/1');
INSERT INTO AO_E8B6CC_PR_ISSUE_KEY (DOMAIN_ID, ID, ISSUE_KEY, PULL_REQUEST_ID) VALUES (7, 76, 'TEST-2', 76);

INSERT INTO AO_E8B6CC_PULL_REQUEST (AUTHOR, COMMENT_COUNT, CREATED_ON, DESTINATION_BRANCH, DOMAIN_ID, EXECUTED_BY, ID, LAST_STATUS, NAME, REMOTE_ID, SOURCE_BRANCH, SOURCE_REPO, TO_REPOSITORY_ID, UPDATED_ON, URL) VALUES ('GTTaylor', 0, '2015-10-06 10:29:03', 'master', 7, 'GTTaylor', 77, 'OPEN', 'asdf created online with Bitbucket', 1, 'TEST-2-nemo-et-dolore-cum-soluta-qui', 'GTTaylor/smartcommitstest', 7, '2015-10-06 10:29:03', 'https://bitbucket.org/GTTaylor/smartcommitstest/pull-requests/1');
INSERT INTO AO_E8B6CC_PR_ISSUE_KEY (DOMAIN_ID, ID, ISSUE_KEY, PULL_REQUEST_ID) VALUES (7, 77, 'TEST-2', 77);

INSERT INTO AO_E8B6CC_PULL_REQUEST (AUTHOR, COMMENT_COUNT, CREATED_ON, DESTINATION_BRANCH, DOMAIN_ID, EXECUTED_BY, ID, LAST_STATUS, NAME, REMOTE_ID, SOURCE_BRANCH, SOURCE_REPO, TO_REPOSITORY_ID, UPDATED_ON, URL) VALUES ('GTTaylor', 0, '2015-10-06 10:29:03', 'master', 7, 'GTTaylor', 78, 'OPEN', 'asdf created online with Bitbucket', 1, 'TEST-2-nemo-et-dolore-cum-soluta-qui', 'GTTaylor/smartcommitstest', 7, '2015-10-06 10:29:03', 'https://bitbucket.org/GTTaylor/smartcommitstest/pull-requests/1');
INSERT INTO AO_E8B6CC_PR_ISSUE_KEY (DOMAIN_ID, ID, ISSUE_KEY, PULL_REQUEST_ID) VALUES (7, 78, 'TEST-2', 78);

INSERT INTO AO_E8B6CC_PULL_REQUEST (AUTHOR, COMMENT_COUNT, CREATED_ON, DESTINATION_BRANCH, DOMAIN_ID, EXECUTED_BY, ID, LAST_STATUS, NAME, REMOTE_ID, SOURCE_BRANCH, SOURCE_REPO, TO_REPOSITORY_ID, UPDATED_ON, URL) VALUES ('GTTaylor', 0, '2015-10-06 10:29:03', 'master', 7, 'GTTaylor', 79, 'OPEN', 'asdf created online with Bitbucket', 1, 'TEST-2-nemo-et-dolore-cum-soluta-qui', 'GTTaylor/smartcommitstest', 7, '2015-10-06 10:29:03', 'https://bitbucket.org/GTTaylor/smartcommitstest/pull-requests/1');
INSERT INTO AO_E8B6CC_PR_ISSUE_KEY (DOMAIN_ID, ID, ISSUE_KEY, PULL_REQUEST_ID) VALUES (7, 79, 'TEST-2', 79);

INSERT INTO AO_E8B6CC_PULL_REQUEST (AUTHOR, COMMENT_COUNT, CREATED_ON, DESTINATION_BRANCH, DOMAIN_ID, EXECUTED_BY, ID, LAST_STATUS, NAME, REMOTE_ID, SOURCE_BRANCH, SOURCE_REPO, TO_REPOSITORY_ID, UPDATED_ON, URL) VALUES ('GTTaylor', 0, '2015-10-06 10:29:03', 'master', 7, 'GTTaylor', 80, 'OPEN', 'asdf created online with Bitbucket', 1, 'TEST-2-nemo-et-dolore-cum-soluta-qui', 'GTTaylor/smartcommitstest', 7, '2015-10-06 10:29:03', 'https://bitbucket.org/GTTaylor/smartcommitstest/pull-requests/1');
INSERT INTO AO_E8B6CC_PR_ISSUE_KEY (DOMAIN_ID, ID, ISSUE_KEY, PULL_REQUEST_ID) VALUES (7, 80, 'TEST-2', 80);

INSERT INTO AO_E8B6CC_PULL_REQUEST (AUTHOR, COMMENT_COUNT, CREATED_ON, DESTINATION_BRANCH, DOMAIN_ID, EXECUTED_BY, ID, LAST_STATUS, NAME, REMOTE_ID, SOURCE_BRANCH, SOURCE_REPO, TO_REPOSITORY_ID, UPDATED_ON, URL) VALUES ('GTTaylor', 0, '2015-10-06 10:29:03', 'master', 7, 'GTTaylor', 81, 'OPEN', 'asdf created online with Bitbucket', 1, 'TEST-2-nemo-et-dolore-cum-soluta-qui', 'GTTaylor/smartcommitstest', 7, '2015-10-06 10:29:03', 'https://bitbucket.org/GTTaylor/smartcommitstest/pull-requests/1');
INSERT INTO AO_E8B6CC_PR_ISSUE_KEY (DOMAIN_ID, ID, ISSUE_KEY, PULL_REQUEST_ID) VALUES (7, 81, 'TEST-2', 81);

INSERT INTO AO_E8B6CC_PULL_REQUEST (AUTHOR, COMMENT_COUNT, CREATED_ON, DESTINATION_BRANCH, DOMAIN_ID, EXECUTED_BY, ID, LAST_STATUS, NAME, REMOTE_ID, SOURCE_BRANCH, SOURCE_REPO, TO_REPOSITORY_ID, UPDATED_ON, URL) VALUES ('GTTaylor', 0, '2015-10-06 10:29:03', 'master', 7, 'GTTaylor', 82, 'OPEN', 'asdf created online with Bitbucket', 1, 'TEST-2-nemo-et-dolore-cum-soluta-qui', 'GTTaylor/smartcommitstest', 7, '2015-10-06 10:29:03', 'https://bitbucket.org/GTTaylor/smartcommitstest/pull-requests/1');
INSERT INTO AO_E8B6CC_PR_ISSUE_KEY (DOMAIN_ID, ID, ISSUE_KEY, PULL_REQUEST_ID) VALUES (7, 82, 'TEST-2', 82);

INSERT INTO AO_E8B6CC_PULL_REQUEST (AUTHOR, COMMENT_COUNT, CREATED_ON, DESTINATION_BRANCH, DOMAIN_ID, EXECUTED_BY, ID, LAST_STATUS, NAME, REMOTE_ID, SOURCE_BRANCH, SOURCE_REPO, TO_REPOSITORY_ID, UPDATED_ON, URL) VALUES ('GTTaylor', 0, '2015-10-06 10:29:03', 'master', 7, 'GTTaylor', 83, 'OPEN', 'asdf created online with Bitbucket', 1, 'TEST-2-nemo-et-dolore-cum-soluta-qui', 'GTTaylor/smartcommitstest', 7, '2015-10-06 10:29:03', 'https://bitbucket.org/GTTaylor/smartcommitstest/pull-requests/1');
INSERT INTO AO_E8B6CC_PR_ISSUE_KEY (DOMAIN_ID, ID, ISSUE_KEY, PULL_REQUEST_ID) VALUES (7, 83, 'TEST-2', 83);

INSERT INTO AO_E8B6CC_PULL_REQUEST (AUTHOR, COMMENT_COUNT, CREATED_ON, DESTINATION_BRANCH, DOMAIN_ID, EXECUTED_BY, ID, LAST_STATUS, NAME, REMOTE_ID, SOURCE_BRANCH, SOURCE_REPO, TO_REPOSITORY_ID, UPDATED_ON, URL) VALUES ('GTTaylor', 0, '2015-10-06 10:29:03', 'master', 7, 'GTTaylor', 84, 'OPEN', 'asdf created online with Bitbucket', 1, 'TEST-2-nemo-et-dolore-cum-soluta-qui', 'GTTaylor/smartcommitstest', 7, '2015-10-06 10:29:03', 'https://bitbucket.org/GTTaylor/smartcommitstest/pull-requests/1');
INSERT INTO AO_E8B6CC_PR_ISSUE_KEY (DOMAIN_ID, ID, ISSUE_KEY, PULL_REQUEST_ID) VALUES (7, 84, 'TEST-2', 84);

INSERT INTO AO_E8B6CC_PULL_REQUEST (AUTHOR, COMMENT_COUNT, CREATED_ON, DESTINATION_BRANCH, DOMAIN_ID, EXECUTED_BY, ID, LAST_STATUS, NAME, REMOTE_ID, SOURCE_BRANCH, SOURCE_REPO, TO_REPOSITORY_ID, UPDATED_ON, URL) VALUES ('GTTaylor', 0, '2015-10-06 10:29:03', 'master', 7, 'GTTaylor', 85, 'OPEN', 'asdf created online with Bitbucket', 1, 'TEST-2-nemo-et-dolore-cum-soluta-qui', 'GTTaylor/smartcommitstest', 7, '2015-10-06 10:29:03', 'https://bitbucket.org/GTTaylor/smartcommitstest/pull-requests/1');
INSERT INTO AO_E8B6CC_PR_ISSUE_KEY (DOMAIN_ID, ID, ISSUE_KEY, PULL_REQUEST_ID) VALUES (7, 85, 'TEST-2', 85);

INSERT INTO AO_E8B6CC_PULL_REQUEST (AUTHOR, COMMENT_COUNT, CREATED_ON, DESTINATION_BRANCH, DOMAIN_ID, EXECUTED_BY, ID, LAST_STATUS, NAME, REMOTE_ID, SOURCE_BRANCH, SOURCE_REPO, TO_REPOSITORY_ID, UPDATED_ON, URL) VALUES ('GTTaylor', 0, '2015-10-06 10:29:03', 'master', 7, 'GTTaylor', 86, 'OPEN', 'asdf created online with Bitbucket', 1, 'TEST-2-nemo-et-dolore-cum-soluta-qui', 'GTTaylor/smartcommitstest', 7, '2015-10-06 10:29:03', 'https://bitbucket.org/GTTaylor/smartcommitstest/pull-requests/1');
INSERT INTO AO_E8B6CC_PR_ISSUE_KEY (DOMAIN_ID, ID, ISSUE_KEY, PULL_REQUEST_ID) VALUES (7, 86, 'TEST-2', 86);

INSERT INTO AO_E8B6CC_PULL_REQUEST (AUTHOR, COMMENT_COUNT, CREATED_ON, DESTINATION_BRANCH, DOMAIN_ID, EXECUTED_BY, ID, LAST_STATUS, NAME, REMOTE_ID, SOURCE_BRANCH, SOURCE_REPO, TO_REPOSITORY_ID, UPDATED_ON, URL) VALUES ('GTTaylor', 0, '2015-10-06 10:29:03', 'master', 7, 'GTTaylor', 87, 'OPEN', 'asdf created online with Bitbucket', 1, 'TEST-2-nemo-et-dolore-cum-soluta-qui', 'GTTaylor/smartcommitstest', 7, '2015-10-06 10:29:03', 'https://bitbucket.org/GTTaylor/smartcommitstest/pull-requests/1');
INSERT INTO AO_E8B6CC_PR_ISSUE_KEY (DOMAIN_ID, ID, ISSUE_KEY, PULL_REQUEST_ID) VALUES (7, 87, 'TEST-2', 87);

INSERT INTO AO_E8B6CC_PULL_REQUEST (AUTHOR, COMMENT_COUNT, CREATED_ON, DESTINATION_BRANCH, DOMAIN_ID, EXECUTED_BY, ID, LAST_STATUS, NAME, REMOTE_ID, SOURCE_BRANCH, SOURCE_REPO, TO_REPOSITORY_ID, UPDATED_ON, URL) VALUES ('GTTaylor', 0, '2015-10-06 10:29:03', 'master', 7, 'GTTaylor', 88, 'OPEN', 'asdf created online with Bitbucket', 1, 'TEST-2-nemo-et-dolore-cum-soluta-qui', 'GTTaylor/smartcommitstest', 7, '2015-10-06 10:29:03', 'https://bitbucket.org/GTTaylor/smartcommitstest/pull-requests/1');
INSERT INTO AO_E8B6CC_PR_ISSUE_KEY (DOMAIN_ID, ID, ISSUE_KEY, PULL_REQUEST_ID) VALUES (7, 88, 'TEST-2', 88);

INSERT INTO AO_E8B6CC_PULL_REQUEST (AUTHOR, COMMENT_COUNT, CREATED_ON, DESTINATION_BRANCH, DOMAIN_ID, EXECUTED_BY, ID, LAST_STATUS, NAME, REMOTE_ID, SOURCE_BRANCH, SOURCE_REPO, TO_REPOSITORY_ID, UPDATED_ON, URL) VALUES ('GTTaylor', 0, '2015-10-06 10:29:03', 'master', 7, 'GTTaylor', 89, 'OPEN', 'asdf created online with Bitbucket', 1, 'TEST-2-nemo-et-dolore-cum-soluta-qui', 'GTTaylor/smartcommitstest', 7, '2015-10-06 10:29:03', 'https://bitbucket.org/GTTaylor/smartcommitstest/pull-requests/1');
INSERT INTO AO_E8B6CC_PR_ISSUE_KEY (DOMAIN_ID, ID, ISSUE_KEY, PULL_REQUEST_ID) VALUES (7, 89, 'TEST-2', 89);

INSERT INTO AO_E8B6CC_PULL_REQUEST (AUTHOR, COMMENT_COUNT, CREATED_ON, DESTINATION_BRANCH, DOMAIN_ID, EXECUTED_BY, ID, LAST_STATUS, NAME, REMOTE_ID, SOURCE_BRANCH, SOURCE_REPO, TO_REPOSITORY_ID, UPDATED_ON, URL) VALUES ('GTTaylor', 0, '2015-10-06 10:29:03', 'master', 7, 'GTTaylor', 90, 'OPEN', 'asdf created online with Bitbucket', 1, 'TEST-2-nemo-et-dolore-cum-soluta-qui', 'GTTaylor/smartcommitstest', 7, '2015-10-06 10:29:03', 'https://bitbucket.org/GTTaylor/smartcommitstest/pull-requests/1');
INSERT INTO AO_E8B6CC_PR_ISSUE_KEY (DOMAIN_ID, ID, ISSUE_KEY, PULL_REQUEST_ID) VALUES (7, 90, 'TEST-2', 90);

INSERT INTO AO_E8B6CC_PULL_REQUEST (AUTHOR, COMMENT_COUNT, CREATED_ON, DESTINATION_BRANCH, DOMAIN_ID, EXECUTED_BY, ID, LAST_STATUS, NAME, REMOTE_ID, SOURCE_BRANCH, SOURCE_REPO, TO_REPOSITORY_ID, UPDATED_ON, URL) VALUES ('GTTaylor', 0, '2015-10-06 10:29:03', 'master', 7, 'GTTaylor', 91, 'OPEN', 'asdf created online with Bitbucket', 1, 'TEST-2-nemo-et-dolore-cum-soluta-qui', 'GTTaylor/smartcommitstest', 7, '2015-10-06 10:29:03', 'https://bitbucket.org/GTTaylor/smartcommitstest/pull-requests/1');
INSERT INTO AO_E8B6CC_PR_ISSUE_KEY (DOMAIN_ID, ID, ISSUE_KEY, PULL_REQUEST_ID) VALUES (7, 91, 'TEST-2', 91);

INSERT INTO AO_E8B6CC_PULL_REQUEST (AUTHOR, COMMENT_COUNT, CREATED_ON, DESTINATION_BRANCH, DOMAIN_ID, EXECUTED_BY, ID, LAST_STATUS, NAME, REMOTE_ID, SOURCE_BRANCH, SOURCE_REPO, TO_REPOSITORY_ID, UPDATED_ON, URL) VALUES ('GTTaylor', 0, '2015-10-06 10:29:03', 'master', 7, 'GTTaylor', 92, 'OPEN', 'asdf created online with Bitbucket', 1, 'TEST-2-nemo-et-dolore-cum-soluta-qui', 'GTTaylor/smartcommitstest', 7, '2015-10-06 10:29:03', 'https://bitbucket.org/GTTaylor/smartcommitstest/pull-requests/1');
INSERT INTO AO_E8B6CC_PR_ISSUE_KEY (DOMAIN_ID, ID, ISSUE_KEY, PULL_REQUEST_ID) VALUES (7, 92, 'TEST-2', 92);

INSERT INTO AO_E8B6CC_PULL_REQUEST (AUTHOR, COMMENT_COUNT, CREATED_ON, DESTINATION_BRANCH, DOMAIN_ID, EXECUTED_BY, ID, LAST_STATUS, NAME, REMOTE_ID, SOURCE_BRANCH, SOURCE_REPO, TO_REPOSITORY_ID, UPDATED_ON, URL) VALUES ('GTTaylor', 0, '2015-10-06 10:29:03', 'master', 7, 'GTTaylor', 93, 'OPEN', 'asdf created online with Bitbucket', 1, 'TEST-2-nemo-et-dolore-cum-soluta-qui', 'GTTaylor/smartcommitstest', 7, '2015-10-06 10:29:03', 'https://bitbucket.org/GTTaylor/smartcommitstest/pull-requests/1');
INSERT INTO AO_E8B6CC_PR_ISSUE_KEY (DOMAIN_ID, ID, ISSUE_KEY, PULL_REQUEST_ID) VALUES (7, 93, 'TEST-2', 93);

INSERT INTO AO_E8B6CC_PULL_REQUEST (AUTHOR, COMMENT_COUNT, CREATED_ON, DESTINATION_BRANCH, DOMAIN_ID, EXECUTED_BY, ID, LAST_STATUS, NAME, REMOTE_ID, SOURCE_BRANCH, SOURCE_REPO, TO_REPOSITORY_ID, UPDATED_ON, URL) VALUES ('GTTaylor', 0, '2015-10-06 10:29:03', 'master', 7, 'GTTaylor', 94, 'OPEN', 'asdf created online with Bitbucket', 1, 'TEST-2-nemo-et-dolore-cum-soluta-qui', 'GTTaylor/smartcommitstest', 7, '2015-10-06 10:29:03', 'https://bitbucket.org/GTTaylor/smartcommitstest/pull-requests/1');
INSERT INTO AO_E8B6CC_PR_ISSUE_KEY (DOMAIN_ID, ID, ISSUE_KEY, PULL_REQUEST_ID) VALUES (7, 94, 'TEST-2', 94);

INSERT INTO AO_E8B6CC_PULL_REQUEST (AUTHOR, COMMENT_COUNT, CREATED_ON, DESTINATION_BRANCH, DOMAIN_ID, EXECUTED_BY, ID, LAST_STATUS, NAME, REMOTE_ID, SOURCE_BRANCH, SOURCE_REPO, TO_REPOSITORY_ID, UPDATED_ON, URL) VALUES ('GTTaylor', 0, '2015-10-06 10:29:03', 'master', 7, 'GTTaylor', 95, 'OPEN', 'asdf created online with Bitbucket', 1, 'TEST-2-nemo-et-dolore-cum-soluta-qui', 'GTTaylor/smartcommitstest', 7, '2015-10-06 10:29:03', 'https://bitbucket.org/GTTaylor/smartcommitstest/pull-requests/1');
INSERT INTO AO_E8B6CC_PR_ISSUE_KEY (DOMAIN_ID, ID, ISSUE_KEY, PULL_REQUEST_ID) VALUES (7, 95, 'TEST-2', 95);

INSERT INTO AO_E8B6CC_PULL_REQUEST (AUTHOR, COMMENT_COUNT, CREATED_ON, DESTINATION_BRANCH, DOMAIN_ID, EXECUTED_BY, ID, LAST_STATUS, NAME, REMOTE_ID, SOURCE_BRANCH, SOURCE_REPO, TO_REPOSITORY_ID, UPDATED_ON, URL) VALUES ('GTTaylor', 0, '2015-10-06 10:29:03', 'master', 7, 'GTTaylor', 96, 'OPEN', 'asdf created online with Bitbucket', 1, 'TEST-2-nemo-et-dolore-cum-soluta-qui', 'GTTaylor/smartcommitstest', 7, '2015-10-06 10:29:03', 'https://bitbucket.org/GTTaylor/smartcommitstest/pull-requests/1');
INSERT INTO AO_E8B6CC_PR_ISSUE_KEY (DOMAIN_ID, ID, ISSUE_KEY, PULL_REQUEST_ID) VALUES (7, 96, 'TEST-2', 96);

INSERT INTO AO_E8B6CC_PULL_REQUEST (AUTHOR, COMMENT_COUNT, CREATED_ON, DESTINATION_BRANCH, DOMAIN_ID, EXECUTED_BY, ID, LAST_STATUS, NAME, REMOTE_ID, SOURCE_BRANCH, SOURCE_REPO, TO_REPOSITORY_ID, UPDATED_ON, URL) VALUES ('GTTaylor', 0, '2015-10-06 10:29:03', 'master', 7, 'GTTaylor', 97, 'OPEN', 'asdf created online with Bitbucket', 1, 'TEST-2-nemo-et-dolore-cum-soluta-qui', 'GTTaylor/smartcommitstest', 7, '2015-10-06 10:29:03', 'https://bitbucket.org/GTTaylor/smartcommitstest/pull-requests/1');
INSERT INTO AO_E8B6CC_PR_ISSUE_KEY (DOMAIN_ID, ID, ISSUE_KEY, PULL_REQUEST_ID) VALUES (7, 97, 'TEST-2', 97);

INSERT INTO AO_E8B6CC_PULL_REQUEST (AUTHOR, COMMENT_COUNT, CREATED_ON, DESTINATION_BRANCH, DOMAIN_ID, EXECUTED_BY, ID, LAST_STATUS, NAME, REMOTE_ID, SOURCE_BRANCH, SOURCE_REPO, TO_REPOSITORY_ID, UPDATED_ON, URL) VALUES ('GTTaylor', 0, '2015-10-06 10:29:03', 'master', 7, 'GTTaylor', 98, 'OPEN', 'asdf created online with Bitbucket', 1, 'TEST-2-nemo-et-dolore-cum-soluta-qui', 'GTTaylor/smartcommitstest', 7, '2015-10-06 10:29:03', 'https://bitbucket.org/GTTaylor/smartcommitstest/pull-requests/1');
INSERT INTO AO_E8B6CC_PR_ISSUE_KEY (DOMAIN_ID, ID, ISSUE_KEY, PULL_REQUEST_ID) VALUES (7, 98, 'TEST-2', 98);

INSERT INTO AO_E8B6CC_PULL_REQUEST (AUTHOR, COMMENT_COUNT, CREATED_ON, DESTINATION_BRANCH, DOMAIN_ID, EXECUTED_BY, ID, LAST_STATUS, NAME, REMOTE_ID, SOURCE_BRANCH, SOURCE_REPO, TO_REPOSITORY_ID, UPDATED_ON, URL) VALUES ('GTTaylor', 0, '2015-10-06 10:29:03', 'master', 7, 'GTTaylor', 99, 'OPEN', 'asdf created online with Bitbucket', 1, 'TEST-2-nemo-et-dolore-cum-soluta-qui', 'GTTaylor/smartcommitstest', 7, '2015-10-06 10:29:03', 'https://bitbucket.org/GTTaylor/smartcommitstest/pull-requests/1');
INSERT INTO AO_E8B6CC_PR_ISSUE_KEY (DOMAIN_ID, ID, ISSUE_KEY, PULL_REQUEST_ID) VALUES (7, 99, 'TEST-2', 99);

INSERT INTO AO_E8B6CC_PULL_REQUEST (AUTHOR, COMMENT_COUNT, CREATED_ON, DESTINATION_BRANCH, DOMAIN_ID, EXECUTED_BY, ID, LAST_STATUS, NAME, REMOTE_ID, SOURCE_BRANCH, SOURCE_REPO, TO_REPOSITORY_ID, UPDATED_ON, URL) VALUES ('GTTaylor', 0, '2015-10-06 10:29:03', 'master', 7, 'GTTaylor', 100, 'OPEN', 'asdf created online with Bitbucket', 1, 'TEST-2-nemo-et-dolore-cum-soluta-qui', 'GTTaylor/smartcommitstest', 7, '2015-10-06 10:29:03', 'https://bitbucket.org/GTTaylor/smartcommitstest/pull-requests/1');
INSERT INTO AO_E8B6CC_PR_ISSUE_KEY (DOMAIN_ID, ID, ISSUE_KEY, PULL_REQUEST_ID) VALUES (7, 100, 'TEST-2', 100);

INSERT INTO AO_E8B6CC_PULL_REQUEST (AUTHOR, COMMENT_COUNT, CREATED_ON, DESTINATION_BRANCH, DOMAIN_ID, EXECUTED_BY, ID, LAST_STATUS, NAME, REMOTE_ID, SOURCE_BRANCH, SOURCE_REPO, TO_REPOSITORY_ID, UPDATED_ON, URL) VALUES ('GTTaylor', 0, '2015-10-06 10:29:03', 'master', 7, 'GTTaylor', 101, 'OPEN', 'asdf created online with Bitbucket', 1, 'TEST-2-nemo-et-dolore-cum-soluta-qui', 'GTTaylor/smartcommitstest', 7, '2015-10-06 10:29:03', 'https://bitbucket.org/GTTaylor/smartcommitstest/pull-requests/1');
INSERT INTO AO_E8B6CC_PR_ISSUE_KEY (DOMAIN_ID, ID, ISSUE_KEY, PULL_REQUEST_ID) VALUES (7, 101, 'TEST-2', 101);

INSERT INTO AO_E8B6CC_PULL_REQUEST (AUTHOR, COMMENT_COUNT, CREATED_ON, DESTINATION_BRANCH, DOMAIN_ID, EXECUTED_BY, ID, LAST_STATUS, NAME, REMOTE_ID, SOURCE_BRANCH, SOURCE_REPO, TO_REPOSITORY_ID, UPDATED_ON, URL) VALUES ('GTTaylor', 0, '2015-10-06 10:29:03', 'master', 7, 'GTTaylor', 102, 'OPEN', 'asdf created online with Bitbucket', 1, 'TEST-2-nemo-et-dolore-cum-soluta-qui', 'GTTaylor/smartcommitstest', 7, '2015-10-06 10:29:03', 'https://bitbucket.org/GTTaylor/smartcommitstest/pull-requests/1');
INSERT INTO AO_E8B6CC_PR_ISSUE_KEY (DOMAIN_ID, ID, ISSUE_KEY, PULL_REQUEST_ID) VALUES (7, 102, 'TEST-2', 102);

INSERT INTO AO_E8B6CC_PULL_REQUEST (AUTHOR, COMMENT_COUNT, CREATED_ON, DESTINATION_BRANCH, DOMAIN_ID, EXECUTED_BY, ID, LAST_STATUS, NAME, REMOTE_ID, SOURCE_BRANCH, SOURCE_REPO, TO_REPOSITORY_ID, UPDATED_ON, URL) VALUES ('GTTaylor', 0, '2015-10-06 10:29:03', 'master', 7, 'GTTaylor', 103, 'OPEN', 'asdf created online with Bitbucket', 1, 'TEST-2-nemo-et-dolore-cum-soluta-qui', 'GTTaylor/smartcommitstest', 7, '2015-10-06 10:29:03', 'https://bitbucket.org/GTTaylor/smartcommitstest/pull-requests/1');
INSERT INTO AO_E8B6CC_PR_ISSUE_KEY (DOMAIN_ID, ID, ISSUE_KEY, PULL_REQUEST_ID) VALUES (7, 103, 'TEST-2', 103);

INSERT INTO AO_E8B6CC_PULL_REQUEST (AUTHOR, COMMENT_COUNT, CREATED_ON, DESTINATION_BRANCH, DOMAIN_ID, EXECUTED_BY, ID, LAST_STATUS, NAME, REMOTE_ID, SOURCE_BRANCH, SOURCE_REPO, TO_REPOSITORY_ID, UPDATED_ON, URL) VALUES ('GTTaylor', 0, '2015-10-06 10:29:03', 'master', 7, 'GTTaylor', 104, 'OPEN', 'asdf created online with Bitbucket', 1, 'TEST-2-nemo-et-dolore-cum-soluta-qui', 'GTTaylor/smartcommitstest', 7, '2015-10-06 10:29:03', 'https://bitbucket.org/GTTaylor/smartcommitstest/pull-requests/1');
INSERT INTO AO_E8B6CC_PR_ISSUE_KEY (DOMAIN_ID, ID, ISSUE_KEY, PULL_REQUEST_ID) VALUES (7, 104, 'TEST-2', 104);

INSERT INTO AO_E8B6CC_PULL_REQUEST (AUTHOR, COMMENT_COUNT, CREATED_ON, DESTINATION_BRANCH, DOMAIN_ID, EXECUTED_BY, ID, LAST_STATUS, NAME, REMOTE_ID, SOURCE_BRANCH, SOURCE_REPO, TO_REPOSITORY_ID, UPDATED_ON, URL) VALUES ('GTTaylor', 0, '2015-10-06 10:29:03', 'master', 7, 'GTTaylor', 105, 'OPEN', 'asdf created online with Bitbucket', 1, 'TEST-2-nemo-et-dolore-cum-soluta-qui', 'GTTaylor/smartcommitstest', 7, '2015-10-06 10:29:03', 'https://bitbucket.org/GTTaylor/smartcommitstest/pull-requests/1');
INSERT INTO AO_E8B6CC_PR_ISSUE_KEY (DOMAIN_ID, ID, ISSUE_KEY, PULL_REQUEST_ID) VALUES (7, 105, 'TEST-2', 105);

INSERT INTO AO_E8B6CC_PULL_REQUEST (AUTHOR, COMMENT_COUNT, CREATED_ON, DESTINATION_BRANCH, DOMAIN_ID, EXECUTED_BY, ID, LAST_STATUS, NAME, REMOTE_ID, SOURCE_BRANCH, SOURCE_REPO, TO_REPOSITORY_ID, UPDATED_ON, URL) VALUES ('GTTaylor', 0, '2015-10-06 10:29:03', 'master', 7, 'GTTaylor', 106, 'OPEN', 'asdf created online with Bitbucket', 1, 'TEST-2-nemo-et-dolore-cum-soluta-qui', 'GTTaylor/smartcommitstest', 7, '2015-10-06 10:29:03', 'https://bitbucket.org/GTTaylor/smartcommitstest/pull-requests/1');
INSERT INTO AO_E8B6CC_PR_ISSUE_KEY (DOMAIN_ID, ID, ISSUE_KEY, PULL_REQUEST_ID) VALUES (7, 106, 'TEST-2', 106);

INSERT INTO AO_E8B6CC_PULL_REQUEST (AUTHOR, COMMENT_COUNT, CREATED_ON, DESTINATION_BRANCH, DOMAIN_ID, EXECUTED_BY, ID, LAST_STATUS, NAME, REMOTE_ID, SOURCE_BRANCH, SOURCE_REPO, TO_REPOSITORY_ID, UPDATED_ON, URL) VALUES ('GTTaylor', 0, '2015-10-06 10:29:03', 'master', 7, 'GTTaylor', 107, 'OPEN', 'asdf created online with Bitbucket', 1, 'TEST-2-nemo-et-dolore-cum-soluta-qui', 'GTTaylor/smartcommitstest', 7, '2015-10-06 10:29:03', 'https://bitbucket.org/GTTaylor/smartcommitstest/pull-requests/1');
INSERT INTO AO_E8B6CC_PR_ISSUE_KEY (DOMAIN_ID, ID, ISSUE_KEY, PULL_REQUEST_ID) VALUES (7, 107, 'TEST-2', 107);

INSERT INTO AO_E8B6CC_PULL_REQUEST (AUTHOR, COMMENT_COUNT, CREATED_ON, DESTINATION_BRANCH, DOMAIN_ID, EXECUTED_BY, ID, LAST_STATUS, NAME, REMOTE_ID, SOURCE_BRANCH, SOURCE_REPO, TO_REPOSITORY_ID, UPDATED_ON, URL) VALUES ('GTTaylor', 0, '2015-10-06 10:29:03', 'master', 7, 'GTTaylor', 108, 'OPEN', 'asdf created online with Bitbucket', 1, 'TEST-2-nemo-et-dolore-cum-soluta-qui', 'GTTaylor/smartcommitstest', 7, '2015-10-06 10:29:03', 'https://bitbucket.org/GTTaylor/smartcommitstest/pull-requests/1');
INSERT INTO AO_E8B6CC_PR_ISSUE_KEY (DOMAIN_ID, ID, ISSUE_KEY, PULL_REQUEST_ID) VALUES (7, 108, 'TEST-2', 108);

INSERT INTO AO_E8B6CC_PULL_REQUEST (AUTHOR, COMMENT_COUNT, CREATED_ON, DESTINATION_BRANCH, DOMAIN_ID, EXECUTED_BY, ID, LAST_STATUS, NAME, REMOTE_ID, SOURCE_BRANCH, SOURCE_REPO, TO_REPOSITORY_ID, UPDATED_ON, URL) VALUES ('GTTaylor', 0, '2015-10-06 10:29:03', 'master', 7, 'GTTaylor', 109, 'OPEN', 'asdf created online with Bitbucket', 1, 'TEST-2-nemo-et-dolore-cum-soluta-qui', 'GTTaylor/smartcommitstest', 7, '2015-10-06 10:29:03', 'https://bitbucket.org/GTTaylor/smartcommitstest/pull-requests/1');
INSERT INTO AO_E8B6CC_PR_ISSUE_KEY (DOMAIN_ID, ID, ISSUE_KEY, PULL_REQUEST_ID) VALUES (7, 109, 'TEST-2', 109);

INSERT INTO AO_E8B6CC_PULL_REQUEST (AUTHOR, COMMENT_COUNT, CREATED_ON, DESTINATION_BRANCH, DOMAIN_ID, EXECUTED_BY, ID, LAST_STATUS, NAME, REMOTE_ID, SOURCE_BRANCH, SOURCE_REPO, TO_REPOSITORY_ID, UPDATED_ON, URL) VALUES ('GTTaylor', 0, '2015-10-06 10:29:03', 'master', 7, 'GTTaylor', 110, 'OPEN', 'asdf created online with Bitbucket', 1, 'TEST-2-nemo-et-dolore-cum-soluta-qui', 'GTTaylor/smartcommitstest', 7, '2015-10-06 10:29:03', 'https://bitbucket.org/GTTaylor/smartcommitstest/pull-requests/1');
INSERT INTO AO_E8B6CC_PR_ISSUE_KEY (DOMAIN_ID, ID, ISSUE_KEY, PULL_REQUEST_ID) VALUES (7, 110, 'TEST-2', 110);

INSERT INTO AO_E8B6CC_PULL_REQUEST (AUTHOR, COMMENT_COUNT, CREATED_ON, DESTINATION_BRANCH, DOMAIN_ID, EXECUTED_BY, ID, LAST_STATUS, NAME, REMOTE_ID, SOURCE_BRANCH, SOURCE_REPO, TO_REPOSITORY_ID, UPDATED_ON, URL) VALUES ('GTTaylor', 0, '2015-10-06 10:29:03', 'master', 7, 'GTTaylor', 111, 'OPEN', 'asdf created online with Bitbucket', 1, 'TEST-2-nemo-et-dolore-cum-soluta-qui', 'GTTaylor/smartcommitstest', 7, '2015-10-06 10:29:03', 'https://bitbucket.org/GTTaylor/smartcommitstest/pull-requests/1');
INSERT INTO AO_E8B6CC_PR_ISSUE_KEY (DOMAIN_ID, ID, ISSUE_KEY, PULL_REQUEST_ID) VALUES (7, 111, 'TEST-2', 111);

INSERT INTO AO_E8B6CC_PULL_REQUEST (AUTHOR, COMMENT_COUNT, CREATED_ON, DESTINATION_BRANCH, DOMAIN_ID, EXECUTED_BY, ID, LAST_STATUS, NAME, REMOTE_ID, SOURCE_BRANCH, SOURCE_REPO, TO_REPOSITORY_ID, UPDATED_ON, URL) VALUES ('GTTaylor', 0, '2015-10-06 10:29:03', 'master', 7, 'GTTaylor', 112, 'OPEN', 'asdf created online with Bitbucket', 1, 'TEST-2-nemo-et-dolore-cum-soluta-qui', 'GTTaylor/smartcommitstest', 7, '2015-10-06 10:29:03', 'https://bitbucket.org/GTTaylor/smartcommitstest/pull-requests/1');
INSERT INTO AO_E8B6CC_PR_ISSUE_KEY (DOMAIN_ID, ID, ISSUE_KEY, PULL_REQUEST_ID) VALUES (7, 112, 'TEST-2', 112);

INSERT INTO AO_E8B6CC_PULL_REQUEST (AUTHOR, COMMENT_COUNT, CREATED_ON, DESTINATION_BRANCH, DOMAIN_ID, EXECUTED_BY, ID, LAST_STATUS, NAME, REMOTE_ID, SOURCE_BRANCH, SOURCE_REPO, TO_REPOSITORY_ID, UPDATED_ON, URL) VALUES ('GTTaylor', 0, '2015-10-06 10:29:03', 'master', 7, 'GTTaylor', 113, 'OPEN', 'asdf created online with Bitbucket', 1, 'TEST-2-nemo-et-dolore-cum-soluta-qui', 'GTTaylor/smartcommitstest', 7, '2015-10-06 10:29:03', 'https://bitbucket.org/GTTaylor/smartcommitstest/pull-requests/1');
INSERT INTO AO_E8B6CC_PR_ISSUE_KEY (DOMAIN_ID, ID, ISSUE_KEY, PULL_REQUEST_ID) VALUES (7, 113, 'TEST-2', 113);

INSERT INTO AO_E8B6CC_PULL_REQUEST (AUTHOR, COMMENT_COUNT, CREATED_ON, DESTINATION_BRANCH, DOMAIN_ID, EXECUTED_BY, ID, LAST_STATUS, NAME, REMOTE_ID, SOURCE_BRANCH, SOURCE_REPO, TO_REPOSITORY_ID, UPDATED_ON, URL) VALUES ('GTTaylor', 0, '2015-10-06 10:29:03', 'master', 7, 'GTTaylor', 114, 'OPEN', 'asdf created online with Bitbucket', 1, 'TEST-2-nemo-et-dolore-cum-soluta-qui', 'GTTaylor/smartcommitstest', 7, '2015-10-06 10:29:03', 'https://bitbucket.org/GTTaylor/smartcommitstest/pull-requests/1');
INSERT INTO AO_E8B6CC_PR_ISSUE_KEY (DOMAIN_ID, ID, ISSUE_KEY, PULL_REQUEST_ID) VALUES (7, 114, 'TEST-2', 114);

INSERT INTO AO_E8B6CC_PULL_REQUEST (AUTHOR, COMMENT_COUNT, CREATED_ON, DESTINATION_BRANCH, DOMAIN_ID, EXECUTED_BY, ID, LAST_STATUS, NAME, REMOTE_ID, SOURCE_BRANCH, SOURCE_REPO, TO_REPOSITORY_ID, UPDATED_ON, URL) VALUES ('GTTaylor', 0, '2015-10-06 10:29:03', 'master', 7, 'GTTaylor', 115, 'OPEN', 'asdf created online with Bitbucket', 1, 'TEST-2-nemo-et-dolore-cum-soluta-qui', 'GTTaylor/smartcommitstest', 7, '2015-10-06 10:29:03', 'https://bitbucket.org/GTTaylor/smartcommitstest/pull-requests/1');
INSERT INTO AO_E8B6CC_PR_ISSUE_KEY (DOMAIN_ID, ID, ISSUE_KEY, PULL_REQUEST_ID) VALUES (7, 115, 'TEST-2', 115);

INSERT INTO AO_E8B6CC_PULL_REQUEST (AUTHOR, COMMENT_COUNT, CREATED_ON, DESTINATION_BRANCH, DOMAIN_ID, EXECUTED_BY, ID, LAST_STATUS, NAME, REMOTE_ID, SOURCE_BRANCH, SOURCE_REPO, TO_REPOSITORY_ID, UPDATED_ON, URL) VALUES ('GTTaylor', 0, '2015-10-06 10:29:03', 'master', 7, 'GTTaylor', 116, 'OPEN', 'asdf created online with Bitbucket', 1, 'TEST-2-nemo-et-dolore-cum-soluta-qui', 'GTTaylor/smartcommitstest', 7, '2015-10-06 10:29:03', 'https://bitbucket.org/GTTaylor/smartcommitstest/pull-requests/1');
INSERT INTO AO_E8B6CC_PR_ISSUE_KEY (DOMAIN_ID, ID, ISSUE_KEY, PULL_REQUEST_ID) VALUES (7, 116, 'TEST-2', 116);

INSERT INTO AO_E8B6CC_PULL_REQUEST (AUTHOR, COMMENT_COUNT, CREATED_ON, DESTINATION_BRANCH, DOMAIN_ID, EXECUTED_BY, ID, LAST_STATUS, NAME, REMOTE_ID, SOURCE_BRANCH, SOURCE_REPO, TO_REPOSITORY_ID, UPDATED_ON, URL) VALUES ('GTTaylor', 0, '2015-10-06 10:29:03', 'master', 7, 'GTTaylor', 117, 'OPEN', 'asdf created online with Bitbucket', 1, 'TEST-2-nemo-et-dolore-cum-soluta-qui', 'GTTaylor/smartcommitstest', 7, '2015-10-06 10:29:03', 'https://bitbucket.org/GTTaylor/smartcommitstest/pull-requests/1');
INSERT INTO AO_E8B6CC_PR_ISSUE_KEY (DOMAIN_ID, ID, ISSUE_KEY, PULL_REQUEST_ID) VALUES (7, 117, 'TEST-2', 117);

INSERT INTO AO_E8B6CC_PULL_REQUEST (AUTHOR, COMMENT_COUNT, CREATED_ON, DESTINATION_BRANCH, DOMAIN_ID, EXECUTED_BY, ID, LAST_STATUS, NAME, REMOTE_ID, SOURCE_BRANCH, SOURCE_REPO, TO_REPOSITORY_ID, UPDATED_ON, URL) VALUES ('GTTaylor', 0, '2015-10-06 10:29:03', 'master', 7, 'GTTaylor', 118, 'OPEN', 'asdf created online with Bitbucket', 1, 'TEST-2-nemo-et-dolore-cum-soluta-qui', 'GTTaylor/smartcommitstest', 7, '2015-10-06 10:29:03', 'https://bitbucket.org/GTTaylor/smartcommitstest/pull-requests/1');
INSERT INTO AO_E8B6CC_PR_ISSUE_KEY (DOMAIN_ID, ID, ISSUE_KEY, PULL_REQUEST_ID) VALUES (7, 118, 'TEST-2', 118);

INSERT INTO AO_E8B6CC_PULL_REQUEST (AUTHOR, COMMENT_COUNT, CREATED_ON, DESTINATION_BRANCH, DOMAIN_ID, EXECUTED_BY, ID, LAST_STATUS, NAME, REMOTE_ID, SOURCE_BRANCH, SOURCE_REPO, TO_REPOSITORY_ID, UPDATED_ON, URL) VALUES ('GTTaylor', 0, '2015-10-06 10:29:03', 'master', 7, 'GTTaylor', 119, 'OPEN', 'asdf created online with Bitbucket', 1, 'TEST-2-nemo-et-dolore-cum-soluta-qui', 'GTTaylor/smartcommitstest', 7, '2015-10-06 10:29:03', 'https://bitbucket.org/GTTaylor/smartcommitstest/pull-requests/1');
INSERT INTO AO_E8B6CC_PR_ISSUE_KEY (DOMAIN_ID, ID, ISSUE_KEY, PULL_REQUEST_ID) VALUES (7, 119, 'TEST-2', 119);

INSERT INTO AO_E8B6CC_PULL_REQUEST (AUTHOR, COMMENT_COUNT, CREATED_ON, DESTINATION_BRANCH, DOMAIN_ID, EXECUTED_BY, ID, LAST_STATUS, NAME, REMOTE_ID, SOURCE_BRANCH, SOURCE_REPO, TO_REPOSITORY_ID, UPDATED_ON, URL) VALUES ('GTTaylor', 0, '2015-10-06 10:29:03', 'master', 7, 'GTTaylor', 120, 'OPEN', 'asdf created online with Bitbucket', 1, 'TEST-2-nemo-et-dolore-cum-soluta-qui', 'GTTaylor/smartcommitstest', 7, '2015-10-06 10:29:03', 'https://bitbucket.org/GTTaylor/smartcommitstest/pull-requests/1');
INSERT INTO AO_E8B6CC_PR_ISSUE_KEY (DOMAIN_ID, ID, ISSUE_KEY, PULL_REQUEST_ID) VALUES (7, 120, 'TEST-2', 120);

INSERT INTO AO_E8B6CC_PULL_REQUEST (AUTHOR, COMMENT_COUNT, CREATED_ON, DESTINATION_BRANCH, DOMAIN_ID, EXECUTED_BY, ID, LAST_STATUS, NAME, REMOTE_ID, SOURCE_BRANCH, SOURCE_REPO, TO_REPOSITORY_ID, UPDATED_ON, URL) VALUES ('GTTaylor', 0, '2015-10-06 10:29:03', 'master', 7, 'GTTaylor', 121, 'OPEN', 'asdf created online with Bitbucket', 1, 'TEST-2-nemo-et-dolore-cum-soluta-qui', 'GTTaylor/smartcommitstest', 7, '2015-10-06 10:29:03', 'https://bitbucket.org/GTTaylor/smartcommitstest/pull-requests/1');
INSERT INTO AO_E8B6CC_PR_ISSUE_KEY (DOMAIN_ID, ID, ISSUE_KEY, PULL_REQUEST_ID) VALUES (7, 121, 'TEST-2', 121);

INSERT INTO AO_E8B6CC_PULL_REQUEST (AUTHOR, COMMENT_COUNT, CREATED_ON, DESTINATION_BRANCH, DOMAIN_ID, EXECUTED_BY, ID, LAST_STATUS, NAME, REMOTE_ID, SOURCE_BRANCH, SOURCE_REPO, TO_REPOSITORY_ID, UPDATED_ON, URL) VALUES ('GTTaylor', 0, '2015-10-06 10:29:03', 'master', 7, 'GTTaylor', 122, 'OPEN', 'asdf created online with Bitbucket', 1, 'TEST-2-nemo-et-dolore-cum-soluta-qui', 'GTTaylor/smartcommitstest', 7, '2015-10-06 10:29:03', 'https://bitbucket.org/GTTaylor/smartcommitstest/pull-requests/1');
INSERT INTO AO_E8B6CC_PR_ISSUE_KEY (DOMAIN_ID, ID, ISSUE_KEY, PULL_REQUEST_ID) VALUES (7, 122, 'TEST-2', 122);

INSERT INTO AO_E8B6CC_PULL_REQUEST (AUTHOR, COMMENT_COUNT, CREATED_ON, DESTINATION_BRANCH, DOMAIN_ID, EXECUTED_BY, ID, LAST_STATUS, NAME, REMOTE_ID, SOURCE_BRANCH, SOURCE_REPO, TO_REPOSITORY_ID, UPDATED_ON, URL) VALUES ('GTTaylor', 0, '2015-10-06 10:29:03', 'master', 7, 'GTTaylor', 123, 'OPEN', 'asdf created online with Bitbucket', 1, 'TEST-2-nemo-et-dolore-cum-soluta-qui', 'GTTaylor/smartcommitstest', 7, '2015-10-06 10:29:03', 'https://bitbucket.org/GTTaylor/smartcommitstest/pull-requests/1');
INSERT INTO AO_E8B6CC_PR_ISSUE_KEY (DOMAIN_ID, ID, ISSUE_KEY, PULL_REQUEST_ID) VALUES (7, 123, 'TEST-2', 123);

INSERT INTO AO_E8B6CC_PULL_REQUEST (AUTHOR, COMMENT_COUNT, CREATED_ON, DESTINATION_BRANCH, DOMAIN_ID, EXECUTED_BY, ID, LAST_STATUS, NAME, REMOTE_ID, SOURCE_BRANCH, SOURCE_REPO, TO_REPOSITORY_ID, UPDATED_ON, URL) VALUES ('GTTaylor', 0, '2015-10-06 10:29:03', 'master', 7, 'GTTaylor', 124, 'OPEN', 'asdf created online with Bitbucket', 1, 'TEST-2-nemo-et-dolore-cum-soluta-qui', 'GTTaylor/smartcommitstest', 7, '2015-10-06 10:29:03', 'https://bitbucket.org/GTTaylor/smartcommitstest/pull-requests/1');
INSERT INTO AO_E8B6CC_PR_ISSUE_KEY (DOMAIN_ID, ID, ISSUE_KEY, PULL_REQUEST_ID) VALUES (7, 124, 'TEST-2', 124);

INSERT INTO AO_E8B6CC_PULL_REQUEST (AUTHOR, COMMENT_COUNT, CREATED_ON, DESTINATION_BRANCH, DOMAIN_ID, EXECUTED_BY, ID, LAST_STATUS, NAME, REMOTE_ID, SOURCE_BRANCH, SOURCE_REPO, TO_REPOSITORY_ID, UPDATED_ON, URL) VALUES ('GTTaylor', 0, '2015-10-06 10:29:03', 'master', 7, 'GTTaylor', 125, 'OPEN', 'asdf created online with Bitbucket', 1, 'TEST-2-nemo-et-dolore-cum-soluta-qui', 'GTTaylor/smartcommitstest', 7, '2015-10-06 10:29:03', 'https://bitbucket.org/GTTaylor/smartcommitstest/pull-requests/1');
INSERT INTO AO_E8B6CC_PR_ISSUE_KEY (DOMAIN_ID, ID, ISSUE_KEY, PULL_REQUEST_ID) VALUES (7, 125, 'TEST-2', 125);

INSERT INTO AO_E8B6CC_PULL_REQUEST (AUTHOR, COMMENT_COUNT, CREATED_ON, DESTINATION_BRANCH, DOMAIN_ID, EXECUTED_BY, ID, LAST_STATUS, NAME, REMOTE_ID, SOURCE_BRANCH, SOURCE_REPO, TO_REPOSITORY_ID, UPDATED_ON, URL) VALUES ('GTTaylor', 0, '2015-10-06 10:29:03', 'master', 7, 'GTTaylor', 126, 'OPEN', 'asdf created online with Bitbucket', 1, 'TEST-2-nemo-et-dolore-cum-soluta-qui', 'GTTaylor/smartcommitstest', 7, '2015-10-06 10:29:03', 'https://bitbucket.org/GTTaylor/smartcommitstest/pull-requests/1');
INSERT INTO AO_E8B6CC_PR_ISSUE_KEY (DOMAIN_ID, ID, ISSUE_KEY, PULL_REQUEST_ID) VALUES (7, 126, 'TEST-2', 126);

INSERT INTO AO_E8B6CC_PULL_REQUEST (AUTHOR, COMMENT_COUNT, CREATED_ON, DESTINATION_BRANCH, DOMAIN_ID, EXECUTED_BY, ID, LAST_STATUS, NAME, REMOTE_ID, SOURCE_BRANCH, SOURCE_REPO, TO_REPOSITORY_ID, UPDATED_ON, URL) VALUES ('GTTaylor', 0, '2015-10-06 10:29:03', 'master', 7, 'GTTaylor', 127, 'OPEN', 'asdf created online with Bitbucket', 1, 'TEST-2-nemo-et-dolore-cum-soluta-qui', 'GTTaylor/smartcommitstest', 7, '2015-10-06 10:29:03', 'https://bitbucket.org/GTTaylor/smartcommitstest/pull-requests/1');
INSERT INTO AO_E8B6CC_PR_ISSUE_KEY (DOMAIN_ID, ID, ISSUE_KEY, PULL_REQUEST_ID) VALUES (7, 127, 'TEST-2', 127);

INSERT INTO AO_E8B6CC_PULL_REQUEST (AUTHOR, COMMENT_COUNT, CREATED_ON, DESTINATION_BRANCH, DOMAIN_ID, EXECUTED_BY, ID, LAST_STATUS, NAME, REMOTE_ID, SOURCE_BRANCH, SOURCE_REPO, TO_REPOSITORY_ID, UPDATED_ON, URL) VALUES ('GTTaylor', 0, '2015-10-06 10:29:03', 'master', 7, 'GTTaylor', 128, 'OPEN', 'asdf created online with Bitbucket', 1, 'TEST-2-nemo-et-dolore-cum-soluta-qui', 'GTTaylor/smartcommitstest', 7, '2015-10-06 10:29:03', 'https://bitbucket.org/GTTaylor/smartcommitstest/pull-requests/1');
INSERT INTO AO_E8B6CC_PR_ISSUE_KEY (DOMAIN_ID, ID, ISSUE_KEY, PULL_REQUEST_ID) VALUES (7, 128, 'TEST-2', 128);

INSERT INTO AO_E8B6CC_PULL_REQUEST (AUTHOR, COMMENT_COUNT, CREATED_ON, DESTINATION_BRANCH, DOMAIN_ID, EXECUTED_BY, ID, LAST_STATUS, NAME, REMOTE_ID, SOURCE_BRANCH, SOURCE_REPO, TO_REPOSITORY_ID, UPDATED_ON, URL) VALUES ('GTTaylor', 0, '2015-10-06 10:29:03', 'master', 7, 'GTTaylor', 129, 'OPEN', 'asdf created online with Bitbucket', 1, 'TEST-2-nemo-et-dolore-cum-soluta-qui', 'GTTaylor/smartcommitstest', 7, '2015-10-06 10:29:03', 'https://bitbucket.org/GTTaylor/smartcommitstest/pull-requests/1');
INSERT INTO AO_E8B6CC_PR_ISSUE_KEY (DOMAIN_ID, ID, ISSUE_KEY, PULL_REQUEST_ID) VALUES (7, 129, 'TEST-2', 129);

INSERT INTO AO_E8B6CC_PULL_REQUEST (AUTHOR, COMMENT_COUNT, CREATED_ON, DESTINATION_BRANCH, DOMAIN_ID, EXECUTED_BY, ID, LAST_STATUS, NAME, REMOTE_ID, SOURCE_BRANCH, SOURCE_REPO, TO_REPOSITORY_ID, UPDATED_ON, URL) VALUES ('GTTaylor', 0, '2015-10-06 10:29:03', 'master', 7, 'GTTaylor', 130, 'OPEN', 'asdf created online with Bitbucket', 1, 'TEST-2-nemo-et-dolore-cum-soluta-qui', 'GTTaylor/smartcommitstest', 7, '2015-10-06 10:29:03', 'https://bitbucket.org/GTTaylor/smartcommitstest/pull-requests/1');
INSERT INTO AO_E8B6CC_PR_ISSUE_KEY (DOMAIN_ID, ID, ISSUE_KEY, PULL_REQUEST_ID) VALUES (7, 130, 'TEST-2', 130);

INSERT INTO AO_E8B6CC_PULL_REQUEST (AUTHOR, COMMENT_COUNT, CREATED_ON, DESTINATION_BRANCH, DOMAIN_ID, EXECUTED_BY, ID, LAST_STATUS, NAME, REMOTE_ID, SOURCE_BRANCH, SOURCE_REPO, TO_REPOSITORY_ID, UPDATED_ON, URL) VALUES ('GTTaylor', 0, '2015-10-06 10:29:03', 'master', 7, 'GTTaylor', 131, 'OPEN', 'asdf created online with Bitbucket', 1, 'TEST-2-nemo-et-dolore-cum-soluta-qui', 'GTTaylor/smartcommitstest', 7, '2015-10-06 10:29:03', 'https://bitbucket.org/GTTaylor/smartcommitstest/pull-requests/1');
INSERT INTO AO_E8B6CC_PR_ISSUE_KEY (DOMAIN_ID, ID, ISSUE_KEY, PULL_REQUEST_ID) VALUES (7, 131, 'TEST-2', 131);

INSERT INTO AO_E8B6CC_PULL_REQUEST (AUTHOR, COMMENT_COUNT, CREATED_ON, DESTINATION_BRANCH, DOMAIN_ID, EXECUTED_BY, ID, LAST_STATUS, NAME, REMOTE_ID, SOURCE_BRANCH, SOURCE_REPO, TO_REPOSITORY_ID, UPDATED_ON, URL) VALUES ('GTTaylor', 0, '2015-10-06 10:29:03', 'master', 7, 'GTTaylor', 132, 'OPEN', 'asdf created online with Bitbucket', 1, 'TEST-2-nemo-et-dolore-cum-soluta-qui', 'GTTaylor/smartcommitstest', 7, '2015-10-06 10:29:03', 'https://bitbucket.org/GTTaylor/smartcommitstest/pull-requests/1');
INSERT INTO AO_E8B6CC_PR_ISSUE_KEY (DOMAIN_ID, ID, ISSUE_KEY, PULL_REQUEST_ID) VALUES (7, 132, 'TEST-2', 132);

INSERT INTO AO_E8B6CC_PULL_REQUEST (AUTHOR, COMMENT_COUNT, CREATED_ON, DESTINATION_BRANCH, DOMAIN_ID, EXECUTED_BY, ID, LAST_STATUS, NAME, REMOTE_ID, SOURCE_BRANCH, SOURCE_REPO, TO_REPOSITORY_ID, UPDATED_ON, URL) VALUES ('GTTaylor', 0, '2015-10-06 10:29:03', 'master', 7, 'GTTaylor', 133, 'OPEN', 'asdf created online with Bitbucket', 1, 'TEST-2-nemo-et-dolore-cum-soluta-qui', 'GTTaylor/smartcommitstest', 7, '2015-10-06 10:29:03', 'https://bitbucket.org/GTTaylor/smartcommitstest/pull-requests/1');
INSERT INTO AO_E8B6CC_PR_ISSUE_KEY (DOMAIN_ID, ID, ISSUE_KEY, PULL_REQUEST_ID) VALUES (7, 133, 'TEST-2', 133);

INSERT INTO AO_E8B6CC_PULL_REQUEST (AUTHOR, COMMENT_COUNT, CREATED_ON, DESTINATION_BRANCH, DOMAIN_ID, EXECUTED_BY, ID, LAST_STATUS, NAME, REMOTE_ID, SOURCE_BRANCH, SOURCE_REPO, TO_REPOSITORY_ID, UPDATED_ON, URL) VALUES ('GTTaylor', 0, '2015-10-06 10:29:03', 'master', 7, 'GTTaylor', 134, 'OPEN', 'asdf created online with Bitbucket', 1, 'TEST-2-nemo-et-dolore-cum-soluta-qui', 'GTTaylor/smartcommitstest', 7, '2015-10-06 10:29:03', 'https://bitbucket.org/GTTaylor/smartcommitstest/pull-requests/1');
INSERT INTO AO_E8B6CC_PR_ISSUE_KEY (DOMAIN_ID, ID, ISSUE_KEY, PULL_REQUEST_ID) VALUES (7, 134, 'TEST-2', 134);

INSERT INTO AO_E8B6CC_PULL_REQUEST (AUTHOR, COMMENT_COUNT, CREATED_ON, DESTINATION_BRANCH, DOMAIN_ID, EXECUTED_BY, ID, LAST_STATUS, NAME, REMOTE_ID, SOURCE_BRANCH, SOURCE_REPO, TO_REPOSITORY_ID, UPDATED_ON, URL) VALUES ('GTTaylor', 0, '2015-10-06 10:29:03', 'master', 7, 'GTTaylor', 135, 'OPEN', 'asdf created online with Bitbucket', 1, 'TEST-2-nemo-et-dolore-cum-soluta-qui', 'GTTaylor/smartcommitstest', 7, '2015-10-06 10:29:03', 'https://bitbucket.org/GTTaylor/smartcommitstest/pull-requests/1');
INSERT INTO AO_E8B6CC_PR_ISSUE_KEY (DOMAIN_ID, ID, ISSUE_KEY, PULL_REQUEST_ID) VALUES (7, 135, 'TEST-2', 135);

INSERT INTO AO_E8B6CC_PULL_REQUEST (AUTHOR, COMMENT_COUNT, CREATED_ON, DESTINATION_BRANCH, DOMAIN_ID, EXECUTED_BY, ID, LAST_STATUS, NAME, REMOTE_ID, SOURCE_BRANCH, SOURCE_REPO, TO_REPOSITORY_ID, UPDATED_ON, URL) VALUES ('GTTaylor', 0, '2015-10-06 10:29:03', 'master', 7, 'GTTaylor', 136, 'OPEN', 'asdf created online with Bitbucket', 1, 'TEST-2-nemo-et-dolore-cum-soluta-qui', 'GTTaylor/smartcommitstest', 7, '2015-10-06 10:29:03', 'https://bitbucket.org/GTTaylor/smartcommitstest/pull-requests/1');
INSERT INTO AO_E8B6CC_PR_ISSUE_KEY (DOMAIN_ID, ID, ISSUE_KEY, PULL_REQUEST_ID) VALUES (7, 136, 'TEST-2', 136);

INSERT INTO AO_E8B6CC_PULL_REQUEST (AUTHOR, COMMENT_COUNT, CREATED_ON, DESTINATION_BRANCH, DOMAIN_ID, EXECUTED_BY, ID, LAST_STATUS, NAME, REMOTE_ID, SOURCE_BRANCH, SOURCE_REPO, TO_REPOSITORY_ID, UPDATED_ON, URL) VALUES ('GTTaylor', 0, '2015-10-06 10:29:03', 'master', 7, 'GTTaylor', 137, 'OPEN', 'asdf created online with Bitbucket', 1, 'TEST-2-nemo-et-dolore-cum-soluta-qui', 'GTTaylor/smartcommitstest', 7, '2015-10-06 10:29:03', 'https://bitbucket.org/GTTaylor/smartcommitstest/pull-requests/1');
INSERT INTO AO_E8B6CC_PR_ISSUE_KEY (DOMAIN_ID, ID, ISSUE_KEY, PULL_REQUEST_ID) VALUES (7, 137, 'TEST-2', 137);

INSERT INTO AO_E8B6CC_PULL_REQUEST (AUTHOR, COMMENT_COUNT, CREATED_ON, DESTINATION_BRANCH, DOMAIN_ID, EXECUTED_BY, ID, LAST_STATUS, NAME, REMOTE_ID, SOURCE_BRANCH, SOURCE_REPO, TO_REPOSITORY_ID, UPDATED_ON, URL) VALUES ('GTTaylor', 0, '2015-10-06 10:29:03', 'master', 7, 'GTTaylor', 138, 'OPEN', 'asdf created online with Bitbucket', 1, 'TEST-2-nemo-et-dolore-cum-soluta-qui', 'GTTaylor/smartcommitstest', 7, '2015-10-06 10:29:03', 'https://bitbucket.org/GTTaylor/smartcommitstest/pull-requests/1');
INSERT INTO AO_E8B6CC_PR_ISSUE_KEY (DOMAIN_ID, ID, ISSUE_KEY, PULL_REQUEST_ID) VALUES (7, 138, 'TEST-2', 138);

INSERT INTO AO_E8B6CC_PULL_REQUEST (AUTHOR, COMMENT_COUNT, CREATED_ON, DESTINATION_BRANCH, DOMAIN_ID, EXECUTED_BY, ID, LAST_STATUS, NAME, REMOTE_ID, SOURCE_BRANCH, SOURCE_REPO, TO_REPOSITORY_ID, UPDATED_ON, URL) VALUES ('GTTaylor', 0, '2015-10-06 10:29:03', 'master', 7, 'GTTaylor', 139, 'OPEN', 'asdf created online with Bitbucket', 1, 'TEST-2-nemo-et-dolore-cum-soluta-qui', 'GTTaylor/smartcommitstest', 7, '2015-10-06 10:29:03', 'https://bitbucket.org/GTTaylor/smartcommitstest/pull-requests/1');
INSERT INTO AO_E8B6CC_PR_ISSUE_KEY (DOMAIN_ID, ID, ISSUE_KEY, PULL_REQUEST_ID) VALUES (7, 139, 'TEST-2', 139);

INSERT INTO AO_E8B6CC_PULL_REQUEST (AUTHOR, COMMENT_COUNT, CREATED_ON, DESTINATION_BRANCH, DOMAIN_ID, EXECUTED_BY, ID, LAST_STATUS, NAME, REMOTE_ID, SOURCE_BRANCH, SOURCE_REPO, TO_REPOSITORY_ID, UPDATED_ON, URL) VALUES ('GTTaylor', 0, '2015-10-06 10:29:03', 'master', 7, 'GTTaylor', 140, 'OPEN', 'asdf created online with Bitbucket', 1, 'TEST-2-nemo-et-dolore-cum-soluta-qui', 'GTTaylor/smartcommitstest', 7, '2015-10-06 10:29:03', 'https://bitbucket.org/GTTaylor/smartcommitstest/pull-requests/1');
INSERT INTO AO_E8B6CC_PR_ISSUE_KEY (DOMAIN_ID, ID, ISSUE_KEY, PULL_REQUEST_ID) VALUES (7, 140, 'TEST-2', 140);

INSERT INTO AO_E8B6CC_PULL_REQUEST (AUTHOR, COMMENT_COUNT, CREATED_ON, DESTINATION_BRANCH, DOMAIN_ID, EXECUTED_BY, ID, LAST_STATUS, NAME, REMOTE_ID, SOURCE_BRANCH, SOURCE_REPO, TO_REPOSITORY_ID, UPDATED_ON, URL) VALUES ('GTTaylor', 0, '2015-10-06 10:29:03', 'master', 7, 'GTTaylor', 141, 'OPEN', 'asdf created online with Bitbucket', 1, 'TEST-2-nemo-et-dolore-cum-soluta-qui', 'GTTaylor/smartcommitstest', 7, '2015-10-06 10:29:03', 'https://bitbucket.org/GTTaylor/smartcommitstest/pull-requests/1');
INSERT INTO AO_E8B6CC_PR_ISSUE_KEY (DOMAIN_ID, ID, ISSUE_KEY, PULL_REQUEST_ID) VALUES (7, 141, 'TEST-2', 141);

INSERT INTO AO_E8B6CC_PULL_REQUEST (AUTHOR, COMMENT_COUNT, CREATED_ON, DESTINATION_BRANCH, DOMAIN_ID, EXECUTED_BY, ID, LAST_STATUS, NAME, REMOTE_ID, SOURCE_BRANCH, SOURCE_REPO, TO_REPOSITORY_ID, UPDATED_ON, URL) VALUES ('GTTaylor', 0, '2015-10-06 10:29:03', 'master', 7, 'GTTaylor', 142, 'OPEN', 'asdf created online with Bitbucket', 1, 'TEST-2-nemo-et-dolore-cum-soluta-qui', 'GTTaylor/smartcommitstest', 7, '2015-10-06 10:29:03', 'https://bitbucket.org/GTTaylor/smartcommitstest/pull-requests/1');
INSERT INTO AO_E8B6CC_PR_ISSUE_KEY (DOMAIN_ID, ID, ISSUE_KEY, PULL_REQUEST_ID) VALUES (7, 142, 'TEST-2', 142);

INSERT INTO AO_E8B6CC_PULL_REQUEST (AUTHOR, COMMENT_COUNT, CREATED_ON, DESTINATION_BRANCH, DOMAIN_ID, EXECUTED_BY, ID, LAST_STATUS, NAME, REMOTE_ID, SOURCE_BRANCH, SOURCE_REPO, TO_REPOSITORY_ID, UPDATED_ON, URL) VALUES ('GTTaylor', 0, '2015-10-06 10:29:03', 'master', 7, 'GTTaylor', 143, 'OPEN', 'asdf created online with Bitbucket', 1, 'TEST-2-nemo-et-dolore-cum-soluta-qui', 'GTTaylor/smartcommitstest', 7, '2015-10-06 10:29:03', 'https://bitbucket.org/GTTaylor/smartcommitstest/pull-requests/1');
INSERT INTO AO_E8B6CC_PR_ISSUE_KEY (DOMAIN_ID, ID, ISSUE_KEY, PULL_REQUEST_ID) VALUES (7, 143, 'TEST-2', 143);

INSERT INTO AO_E8B6CC_PULL_REQUEST (AUTHOR, COMMENT_COUNT, CREATED_ON, DESTINATION_BRANCH, DOMAIN_ID, EXECUTED_BY, ID, LAST_STATUS, NAME, REMOTE_ID, SOURCE_BRANCH, SOURCE_REPO, TO_REPOSITORY_ID, UPDATED_ON, URL) VALUES ('GTTaylor', 0, '2015-10-06 10:29:03', 'master', 7, 'GTTaylor', 144, 'OPEN', 'asdf created online with Bitbucket', 1, 'TEST-2-nemo-et-dolore-cum-soluta-qui', 'GTTaylor/smartcommitstest', 7, '2015-10-06 10:29:03', 'https://bitbucket.org/GTTaylor/smartcommitstest/pull-requests/1');
INSERT INTO AO_E8B6CC_PR_ISSUE_KEY (DOMAIN_ID, ID, ISSUE_KEY, PULL_REQUEST_ID) VALUES (7, 144, 'TEST-2', 144);

INSERT INTO AO_E8B6CC_PULL_REQUEST (AUTHOR, COMMENT_COUNT, CREATED_ON, DESTINATION_BRANCH, DOMAIN_ID, EXECUTED_BY, ID, LAST_STATUS, NAME, REMOTE_ID, SOURCE_BRANCH, SOURCE_REPO, TO_REPOSITORY_ID, UPDATED_ON, URL) VALUES ('GTTaylor', 0, '2015-10-06 10:29:03', 'master', 7, 'GTTaylor', 145, 'OPEN', 'asdf created online with Bitbucket', 1, 'TEST-2-nemo-et-dolore-cum-soluta-qui', 'GTTaylor/smartcommitstest', 7, '2015-10-06 10:29:03', 'https://bitbucket.org/GTTaylor/smartcommitstest/pull-requests/1');
INSERT INTO AO_E8B6CC_PR_ISSUE_KEY (DOMAIN_ID, ID, ISSUE_KEY, PULL_REQUEST_ID) VALUES (7, 145, 'TEST-2', 145);

INSERT INTO AO_E8B6CC_PULL_REQUEST (AUTHOR, COMMENT_COUNT, CREATED_ON, DESTINATION_BRANCH, DOMAIN_ID, EXECUTED_BY, ID, LAST_STATUS, NAME, REMOTE_ID, SOURCE_BRANCH, SOURCE_REPO, TO_REPOSITORY_ID, UPDATED_ON, URL) VALUES ('GTTaylor', 0, '2015-10-06 10:29:03', 'master', 7, 'GTTaylor', 146, 'OPEN', 'asdf created online with Bitbucket', 1, 'TEST-2-nemo-et-dolore-cum-soluta-qui', 'GTTaylor/smartcommitstest', 7, '2015-10-06 10:29:03', 'https://bitbucket.org/GTTaylor/smartcommitstest/pull-requests/1');
INSERT INTO AO_E8B6CC_PR_ISSUE_KEY (DOMAIN_ID, ID, ISSUE_KEY, PULL_REQUEST_ID) VALUES (7, 146, 'TEST-2', 146);

INSERT INTO AO_E8B6CC_PULL_REQUEST (AUTHOR, COMMENT_COUNT, CREATED_ON, DESTINATION_BRANCH, DOMAIN_ID, EXECUTED_BY, ID, LAST_STATUS, NAME, REMOTE_ID, SOURCE_BRANCH, SOURCE_REPO, TO_REPOSITORY_ID, UPDATED_ON, URL) VALUES ('GTTaylor', 0, '2015-10-06 10:29:03', 'master', 7, 'GTTaylor', 147, 'OPEN', 'asdf created online with Bitbucket', 1, 'TEST-2-nemo-et-dolore-cum-soluta-qui', 'GTTaylor/smartcommitstest', 7, '2015-10-06 10:29:03', 'https://bitbucket.org/GTTaylor/smartcommitstest/pull-requests/1');
INSERT INTO AO_E8B6CC_PR_ISSUE_KEY (DOMAIN_ID, ID, ISSUE_KEY, PULL_REQUEST_ID) VALUES (7, 147, 'TEST-2', 147);

INSERT INTO AO_E8B6CC_PULL_REQUEST (AUTHOR, COMMENT_COUNT, CREATED_ON, DESTINATION_BRANCH, DOMAIN_ID, EXECUTED_BY, ID, LAST_STATUS, NAME, REMOTE_ID, SOURCE_BRANCH, SOURCE_REPO, TO_REPOSITORY_ID, UPDATED_ON, URL) VALUES ('GTTaylor', 0, '2015-10-06 10:29:03', 'master', 7, 'GTTaylor', 148, 'OPEN', 'asdf created online with Bitbucket', 1, 'TEST-2-nemo-et-dolore-cum-soluta-qui', 'GTTaylor/smartcommitstest', 7, '2015-10-06 10:29:03', 'https://bitbucket.org/GTTaylor/smartcommitstest/pull-requests/1');
INSERT INTO AO_E8B6CC_PR_ISSUE_KEY (DOMAIN_ID, ID, ISSUE_KEY, PULL_REQUEST_ID) VALUES (7, 148, 'TEST-2', 148);

INSERT INTO AO_E8B6CC_PULL_REQUEST (AUTHOR, COMMENT_COUNT, CREATED_ON, DESTINATION_BRANCH, DOMAIN_ID, EXECUTED_BY, ID, LAST_STATUS, NAME, REMOTE_ID, SOURCE_BRANCH, SOURCE_REPO, TO_REPOSITORY_ID, UPDATED_ON, URL) VALUES ('GTTaylor', 0, '2015-10-06 10:29:03', 'master', 7, 'GTTaylor', 149, 'OPEN', 'asdf created online with Bitbucket', 1, 'TEST-2-nemo-et-dolore-cum-soluta-qui', 'GTTaylor/smartcommitstest', 7, '2015-10-06 10:29:03', 'https://bitbucket.org/GTTaylor/smartcommitstest/pull-requests/1');
INSERT INTO AO_E8B6CC_PR_ISSUE_KEY (DOMAIN_ID, ID, ISSUE_KEY, PULL_REQUEST_ID) VALUES (7, 149, 'TEST-2', 149);

INSERT INTO AO_E8B6CC_PULL_REQUEST (AUTHOR, COMMENT_COUNT, CREATED_ON, DESTINATION_BRANCH, DOMAIN_ID, EXECUTED_BY, ID, LAST_STATUS, NAME, REMOTE_ID, SOURCE_BRANCH, SOURCE_REPO, TO_REPOSITORY_ID, UPDATED_ON, URL) VALUES ('GTTaylor', 0, '2015-10-06 10:29:03', 'master', 7, 'GTTaylor', 150, 'OPEN', 'asdf created online with Bitbucket', 1, 'TEST-2-nemo-et-dolore-cum-soluta-qui', 'GTTaylor/smartcommitstest', 7, '2015-10-06 10:29:03', 'https://bitbucket.org/GTTaylor/smartcommitstest/pull-requests/1');
INSERT INTO AO_E8B6CC_PR_ISSUE_KEY (DOMAIN_ID, ID, ISSUE_KEY, PULL_REQUEST_ID) VALUES (7, 150, 'TEST-2', 150);

INSERT INTO AO_E8B6CC_PULL_REQUEST (AUTHOR, COMMENT_COUNT, CREATED_ON, DESTINATION_BRANCH, DOMAIN_ID, EXECUTED_BY, ID, LAST_STATUS, NAME, REMOTE_ID, SOURCE_BRANCH, SOURCE_REPO, TO_REPOSITORY_ID, UPDATED_ON, URL) VALUES ('GTTaylor', 0, '2015-10-06 10:29:03', 'master', 7, 'GTTaylor', 151, 'OPEN', 'asdf created online with Bitbucket', 1, 'TEST-2-nemo-et-dolore-cum-soluta-qui', 'GTTaylor/smartcommitstest', 7, '2015-10-06 10:29:03', 'https://bitbucket.org/GTTaylor/smartcommitstest/pull-requests/1');
INSERT INTO AO_E8B6CC_PR_ISSUE_KEY (DOMAIN_ID, ID, ISSUE_KEY, PULL_REQUEST_ID) VALUES (7, 151, 'TEST-2', 151);

INSERT INTO AO_E8B6CC_PULL_REQUEST (AUTHOR, COMMENT_COUNT, CREATED_ON, DESTINATION_BRANCH, DOMAIN_ID, EXECUTED_BY, ID, LAST_STATUS, NAME, REMOTE_ID, SOURCE_BRANCH, SOURCE_REPO, TO_REPOSITORY_ID, UPDATED_ON, URL) VALUES ('GTTaylor', 0, '2015-10-06 10:29:03', 'master', 7, 'GTTaylor', 152, 'OPEN', 'asdf created online with Bitbucket', 1, 'TEST-2-nemo-et-dolore-cum-soluta-qui', 'GTTaylor/smartcommitstest', 7, '2015-10-06 10:29:03', 'https://bitbucket.org/GTTaylor/smartcommitstest/pull-requests/1');
INSERT INTO AO_E8B6CC_PR_ISSUE_KEY (DOMAIN_ID, ID, ISSUE_KEY, PULL_REQUEST_ID) VALUES (7, 152, 'TEST-2', 152);

INSERT INTO AO_E8B6CC_PULL_REQUEST (AUTHOR, COMMENT_COUNT, CREATED_ON, DESTINATION_BRANCH, DOMAIN_ID, EXECUTED_BY, ID, LAST_STATUS, NAME, REMOTE_ID, SOURCE_BRANCH, SOURCE_REPO, TO_REPOSITORY_ID, UPDATED_ON, URL) VALUES ('GTTaylor', 0, '2015-10-06 10:29:03', 'master', 7, 'GTTaylor', 153, 'OPEN', 'asdf created online with Bitbucket', 1, 'TEST-2-nemo-et-dolore-cum-soluta-qui', 'GTTaylor/smartcommitstest', 7, '2015-10-06 10:29:03', 'https://bitbucket.org/GTTaylor/smartcommitstest/pull-requests/1');
INSERT INTO AO_E8B6CC_PR_ISSUE_KEY (DOMAIN_ID, ID, ISSUE_KEY, PULL_REQUEST_ID) VALUES (7, 153, 'TEST-2', 153);

INSERT INTO AO_E8B6CC_PULL_REQUEST (AUTHOR, COMMENT_COUNT, CREATED_ON, DESTINATION_BRANCH, DOMAIN_ID, EXECUTED_BY, ID, LAST_STATUS, NAME, REMOTE_ID, SOURCE_BRANCH, SOURCE_REPO, TO_REPOSITORY_ID, UPDATED_ON, URL) VALUES ('GTTaylor', 0, '2015-10-06 10:29:03', 'master', 7, 'GTTaylor', 154, 'OPEN', 'asdf created online with Bitbucket', 1, 'TEST-2-nemo-et-dolore-cum-soluta-qui', 'GTTaylor/smartcommitstest', 7, '2015-10-06 10:29:03', 'https://bitbucket.org/GTTaylor/smartcommitstest/pull-requests/1');
INSERT INTO AO_E8B6CC_PR_ISSUE_KEY (DOMAIN_ID, ID, ISSUE_KEY, PULL_REQUEST_ID) VALUES (7, 154, 'TEST-2', 154);

INSERT INTO AO_E8B6CC_PULL_REQUEST (AUTHOR, COMMENT_COUNT, CREATED_ON, DESTINATION_BRANCH, DOMAIN_ID, EXECUTED_BY, ID, LAST_STATUS, NAME, REMOTE_ID, SOURCE_BRANCH, SOURCE_REPO, TO_REPOSITORY_ID, UPDATED_ON, URL) VALUES ('GTTaylor', 0, '2015-10-06 10:29:03', 'master', 7, 'GTTaylor', 155, 'OPEN', 'asdf created online with Bitbucket', 1, 'TEST-2-nemo-et-dolore-cum-soluta-qui', 'GTTaylor/smartcommitstest', 7, '2015-10-06 10:29:03', 'https://bitbucket.org/GTTaylor/smartcommitstest/pull-requests/1');
INSERT INTO AO_E8B6CC_PR_ISSUE_KEY (DOMAIN_ID, ID, ISSUE_KEY, PULL_REQUEST_ID) VALUES (7, 155, 'TEST-2', 155);

INSERT INTO AO_E8B6CC_PULL_REQUEST (AUTHOR, COMMENT_COUNT, CREATED_ON, DESTINATION_BRANCH, DOMAIN_ID, EXECUTED_BY, ID, LAST_STATUS, NAME, REMOTE_ID, SOURCE_BRANCH, SOURCE_REPO, TO_REPOSITORY_ID, UPDATED_ON, URL) VALUES ('GTTaylor', 0, '2015-10-06 10:29:03', 'master', 7, 'GTTaylor', 156, 'OPEN', 'asdf created online with Bitbucket', 1, 'TEST-2-nemo-et-dolore-cum-soluta-qui', 'GTTaylor/smartcommitstest', 7, '2015-10-06 10:29:03', 'https://bitbucket.org/GTTaylor/smartcommitstest/pull-requests/1');
INSERT INTO AO_E8B6CC_PR_ISSUE_KEY (DOMAIN_ID, ID, ISSUE_KEY, PULL_REQUEST_ID) VALUES (7, 156, 'TEST-2', 156);

INSERT INTO AO_E8B6CC_PULL_REQUEST (AUTHOR, COMMENT_COUNT, CREATED_ON, DESTINATION_BRANCH, DOMAIN_ID, EXECUTED_BY, ID, LAST_STATUS, NAME, REMOTE_ID, SOURCE_BRANCH, SOURCE_REPO, TO_REPOSITORY_ID, UPDATED_ON, URL) VALUES ('GTTaylor', 0, '2015-10-06 10:29:03', 'master', 7, 'GTTaylor', 157, 'OPEN', 'asdf created online with Bitbucket', 1, 'TEST-2-nemo-et-dolore-cum-soluta-qui', 'GTTaylor/smartcommitstest', 7, '2015-10-06 10:29:03', 'https://bitbucket.org/GTTaylor/smartcommitstest/pull-requests/1');
INSERT INTO AO_E8B6CC_PR_ISSUE_KEY (DOMAIN_ID, ID, ISSUE_KEY, PULL_REQUEST_ID) VALUES (7, 157, 'TEST-2', 157);

INSERT INTO AO_E8B6CC_PULL_REQUEST (AUTHOR, COMMENT_COUNT, CREATED_ON, DESTINATION_BRANCH, DOMAIN_ID, EXECUTED_BY, ID, LAST_STATUS, NAME, REMOTE_ID, SOURCE_BRANCH, SOURCE_REPO, TO_REPOSITORY_ID, UPDATED_ON, URL) VALUES ('GTTaylor', 0, '2015-10-06 10:29:03', 'master', 7, 'GTTaylor', 158, 'OPEN', 'asdf created online with Bitbucket', 1, 'TEST-2-nemo-et-dolore-cum-soluta-qui', 'GTTaylor/smartcommitstest', 7, '2015-10-06 10:29:03', 'https://bitbucket.org/GTTaylor/smartcommitstest/pull-requests/1');
INSERT INTO AO_E8B6CC_PR_ISSUE_KEY (DOMAIN_ID, ID, ISSUE_KEY, PULL_REQUEST_ID) VALUES (7, 158, 'TEST-2', 158);

INSERT INTO AO_E8B6CC_PULL_REQUEST (AUTHOR, COMMENT_COUNT, CREATED_ON, DESTINATION_BRANCH, DOMAIN_ID, EXECUTED_BY, ID, LAST_STATUS, NAME, REMOTE_ID, SOURCE_BRANCH, SOURCE_REPO, TO_REPOSITORY_ID, UPDATED_ON, URL) VALUES ('GTTaylor', 0, '2015-10-06 10:29:03', 'master', 7, 'GTTaylor', 159, 'OPEN', 'asdf created online with Bitbucket', 1, 'TEST-2-nemo-et-dolore-cum-soluta-qui', 'GTTaylor/smartcommitstest', 7, '2015-10-06 10:29:03', 'https://bitbucket.org/GTTaylor/smartcommitstest/pull-requests/1');
INSERT INTO AO_E8B6CC_PR_ISSUE_KEY (DOMAIN_ID, ID, ISSUE_KEY, PULL_REQUEST_ID) VALUES (7, 159, 'TEST-2', 159);

INSERT INTO AO_E8B6CC_PULL_REQUEST (AUTHOR, COMMENT_COUNT, CREATED_ON, DESTINATION_BRANCH, DOMAIN_ID, EXECUTED_BY, ID, LAST_STATUS, NAME, REMOTE_ID, SOURCE_BRANCH, SOURCE_REPO, TO_REPOSITORY_ID, UPDATED_ON, URL) VALUES ('GTTaylor', 0, '2015-10-06 10:29:03', 'master', 7, 'GTTaylor', 160, 'OPEN', 'asdf created online with Bitbucket', 1, 'TEST-2-nemo-et-dolore-cum-soluta-qui', 'GTTaylor/smartcommitstest', 7, '2015-10-06 10:29:03', 'https://bitbucket.org/GTTaylor/smartcommitstest/pull-requests/1');
INSERT INTO AO_E8B6CC_PR_ISSUE_KEY (DOMAIN_ID, ID, ISSUE_KEY, PULL_REQUEST_ID) VALUES (7, 160, 'TEST-2', 160);

INSERT INTO AO_E8B6CC_PULL_REQUEST (AUTHOR, COMMENT_COUNT, CREATED_ON, DESTINATION_BRANCH, DOMAIN_ID, EXECUTED_BY, ID, LAST_STATUS, NAME, REMOTE_ID, SOURCE_BRANCH, SOURCE_REPO, TO_REPOSITORY_ID, UPDATED_ON, URL) VALUES ('GTTaylor', 0, '2015-10-06 10:29:03', 'master', 7, 'GTTaylor', 161, 'OPEN', 'asdf created online with Bitbucket', 1, 'TEST-2-nemo-et-dolore-cum-soluta-qui', 'GTTaylor/smartcommitstest', 7, '2015-10-06 10:29:03', 'https://bitbucket.org/GTTaylor/smartcommitstest/pull-requests/1');
INSERT INTO AO_E8B6CC_PR_ISSUE_KEY (DOMAIN_ID, ID, ISSUE_KEY, PULL_REQUEST_ID) VALUES (7, 161, 'TEST-2', 161);

INSERT INTO AO_E8B6CC_PULL_REQUEST (AUTHOR, COMMENT_COUNT, CREATED_ON, DESTINATION_BRANCH, DOMAIN_ID, EXECUTED_BY, ID, LAST_STATUS, NAME, REMOTE_ID, SOURCE_BRANCH, SOURCE_REPO, TO_REPOSITORY_ID, UPDATED_ON, URL) VALUES ('GTTaylor', 0, '2015-10-06 10:29:03', 'master', 7, 'GTTaylor', 162, 'OPEN', 'asdf created online with Bitbucket', 1, 'TEST-2-nemo-et-dolore-cum-soluta-qui', 'GTTaylor/smartcommitstest', 7, '2015-10-06 10:29:03', 'https://bitbucket.org/GTTaylor/smartcommitstest/pull-requests/1');
INSERT INTO AO_E8B6CC_PR_ISSUE_KEY (DOMAIN_ID, ID, ISSUE_KEY, PULL_REQUEST_ID) VALUES (7, 162, 'TEST-2', 162);

INSERT INTO AO_E8B6CC_PULL_REQUEST (AUTHOR, COMMENT_COUNT, CREATED_ON, DESTINATION_BRANCH, DOMAIN_ID, EXECUTED_BY, ID, LAST_STATUS, NAME, REMOTE_ID, SOURCE_BRANCH, SOURCE_REPO, TO_REPOSITORY_ID, UPDATED_ON, URL) VALUES ('GTTaylor', 0, '2015-10-06 10:29:03', 'master', 7, 'GTTaylor', 163, 'OPEN', 'asdf created online with Bitbucket', 1, 'TEST-2-nemo-et-dolore-cum-soluta-qui', 'GTTaylor/smartcommitstest', 7, '2015-10-06 10:29:03', 'https://bitbucket.org/GTTaylor/smartcommitstest/pull-requests/1');
INSERT INTO AO_E8B6CC_PR_ISSUE_KEY (DOMAIN_ID, ID, ISSUE_KEY, PULL_REQUEST_ID) VALUES (7, 163, 'TEST-2', 163);

INSERT INTO AO_E8B6CC_PULL_REQUEST (AUTHOR, COMMENT_COUNT, CREATED_ON, DESTINATION_BRANCH, DOMAIN_ID, EXECUTED_BY, ID, LAST_STATUS, NAME, REMOTE_ID, SOURCE_BRANCH, SOURCE_REPO, TO_REPOSITORY_ID, UPDATED_ON, URL) VALUES ('GTTaylor', 0, '2015-10-06 10:29:03', 'master', 7, 'GTTaylor', 164, 'OPEN', 'asdf created online with Bitbucket', 1, 'TEST-2-nemo-et-dolore-cum-soluta-qui', 'GTTaylor/smartcommitstest', 7, '2015-10-06 10:29:03', 'https://bitbucket.org/GTTaylor/smartcommitstest/pull-requests/1');
INSERT INTO AO_E8B6CC_PR_ISSUE_KEY (DOMAIN_ID, ID, ISSUE_KEY, PULL_REQUEST_ID) VALUES (7, 164, 'TEST-2', 164);

INSERT INTO AO_E8B6CC_PULL_REQUEST (AUTHOR, COMMENT_COUNT, CREATED_ON, DESTINATION_BRANCH, DOMAIN_ID, EXECUTED_BY, ID, LAST_STATUS, NAME, REMOTE_ID, SOURCE_BRANCH, SOURCE_REPO, TO_REPOSITORY_ID, UPDATED_ON, URL) VALUES ('GTTaylor', 0, '2015-10-06 10:29:03', 'master', 7, 'GTTaylor', 165, 'OPEN', 'asdf created online with Bitbucket', 1, 'TEST-2-nemo-et-dolore-cum-soluta-qui', 'GTTaylor/smartcommitstest', 7, '2015-10-06 10:29:03', 'https://bitbucket.org/GTTaylor/smartcommitstest/pull-requests/1');
INSERT INTO AO_E8B6CC_PR_ISSUE_KEY (DOMAIN_ID, ID, ISSUE_KEY, PULL_REQUEST_ID) VALUES (7, 165, 'TEST-2', 165);

INSERT INTO AO_E8B6CC_PULL_REQUEST (AUTHOR, COMMENT_COUNT, CREATED_ON, DESTINATION_BRANCH, DOMAIN_ID, EXECUTED_BY, ID, LAST_STATUS, NAME, REMOTE_ID, SOURCE_BRANCH, SOURCE_REPO, TO_REPOSITORY_ID, UPDATED_ON, URL) VALUES ('GTTaylor', 0, '2015-10-06 10:29:03', 'master', 7, 'GTTaylor', 166, 'OPEN', 'asdf created online with Bitbucket', 1, 'TEST-2-nemo-et-dolore-cum-soluta-qui', 'GTTaylor/smartcommitstest', 7, '2015-10-06 10:29:03', 'https://bitbucket.org/GTTaylor/smartcommitstest/pull-requests/1');
INSERT INTO AO_E8B6CC_PR_ISSUE_KEY (DOMAIN_ID, ID, ISSUE_KEY, PULL_REQUEST_ID) VALUES (7, 166, 'TEST-2', 166);

INSERT INTO AO_E8B6CC_PULL_REQUEST (AUTHOR, COMMENT_COUNT, CREATED_ON, DESTINATION_BRANCH, DOMAIN_ID, EXECUTED_BY, ID, LAST_STATUS, NAME, REMOTE_ID, SOURCE_BRANCH, SOURCE_REPO, TO_REPOSITORY_ID, UPDATED_ON, URL) VALUES ('GTTaylor', 0, '2015-10-06 10:29:03', 'master', 7, 'GTTaylor', 167, 'OPEN', 'asdf created online with Bitbucket', 1, 'TEST-2-nemo-et-dolore-cum-soluta-qui', 'GTTaylor/smartcommitstest', 7, '2015-10-06 10:29:03', 'https://bitbucket.org/GTTaylor/smartcommitstest/pull-requests/1');
INSERT INTO AO_E8B6CC_PR_ISSUE_KEY (DOMAIN_ID, ID, ISSUE_KEY, PULL_REQUEST_ID) VALUES (7, 167, 'TEST-2', 167);

INSERT INTO AO_E8B6CC_PULL_REQUEST (AUTHOR, COMMENT_COUNT, CREATED_ON, DESTINATION_BRANCH, DOMAIN_ID, EXECUTED_BY, ID, LAST_STATUS, NAME, REMOTE_ID, SOURCE_BRANCH, SOURCE_REPO, TO_REPOSITORY_ID, UPDATED_ON, URL) VALUES ('GTTaylor', 0, '2015-10-06 10:29:03', 'master', 7, 'GTTaylor', 168, 'OPEN', 'asdf created online with Bitbucket', 1, 'TEST-2-nemo-et-dolore-cum-soluta-qui', 'GTTaylor/smartcommitstest', 7, '2015-10-06 10:29:03', 'https://bitbucket.org/GTTaylor/smartcommitstest/pull-requests/1');
INSERT INTO AO_E8B6CC_PR_ISSUE_KEY (DOMAIN_ID, ID, ISSUE_KEY, PULL_REQUEST_ID) VALUES (7, 168, 'TEST-2', 168);

INSERT INTO AO_E8B6CC_PULL_REQUEST (AUTHOR, COMMENT_COUNT, CREATED_ON, DESTINATION_BRANCH, DOMAIN_ID, EXECUTED_BY, ID, LAST_STATUS, NAME, REMOTE_ID, SOURCE_BRANCH, SOURCE_REPO, TO_REPOSITORY_ID, UPDATED_ON, URL) VALUES ('GTTaylor', 0, '2015-10-06 10:29:03', 'master', 7, 'GTTaylor', 169, 'OPEN', 'asdf created online with Bitbucket', 1, 'TEST-2-nemo-et-dolore-cum-soluta-qui', 'GTTaylor/smartcommitstest', 7, '2015-10-06 10:29:03', 'https://bitbucket.org/GTTaylor/smartcommitstest/pull-requests/1');
INSERT INTO AO_E8B6CC_PR_ISSUE_KEY (DOMAIN_ID, ID, ISSUE_KEY, PULL_REQUEST_ID) VALUES (7, 169, 'TEST-2', 169);

INSERT INTO AO_E8B6CC_PULL_REQUEST (AUTHOR, COMMENT_COUNT, CREATED_ON, DESTINATION_BRANCH, DOMAIN_ID, EXECUTED_BY, ID, LAST_STATUS, NAME, REMOTE_ID, SOURCE_BRANCH, SOURCE_REPO, TO_REPOSITORY_ID, UPDATED_ON, URL) VALUES ('GTTaylor', 0, '2015-10-06 10:29:03', 'master', 7, 'GTTaylor', 170, 'OPEN', 'asdf created online with Bitbucket', 1, 'TEST-2-nemo-et-dolore-cum-soluta-qui', 'GTTaylor/smartcommitstest', 7, '2015-10-06 10:29:03', 'https://bitbucket.org/GTTaylor/smartcommitstest/pull-requests/1');
INSERT INTO AO_E8B6CC_PR_ISSUE_KEY (DOMAIN_ID, ID, ISSUE_KEY, PULL_REQUEST_ID) VALUES (7, 170, 'TEST-2', 170);

INSERT INTO AO_E8B6CC_PULL_REQUEST (AUTHOR, COMMENT_COUNT, CREATED_ON, DESTINATION_BRANCH, DOMAIN_ID, EXECUTED_BY, ID, LAST_STATUS, NAME, REMOTE_ID, SOURCE_BRANCH, SOURCE_REPO, TO_REPOSITORY_ID, UPDATED_ON, URL) VALUES ('GTTaylor', 0, '2015-10-06 10:29:03', 'master', 7, 'GTTaylor', 171, 'OPEN', 'asdf created online with Bitbucket', 1, 'TEST-2-nemo-et-dolore-cum-soluta-qui', 'GTTaylor/smartcommitstest', 7, '2015-10-06 10:29:03', 'https://bitbucket.org/GTTaylor/smartcommitstest/pull-requests/1');
INSERT INTO AO_E8B6CC_PR_ISSUE_KEY (DOMAIN_ID, ID, ISSUE_KEY, PULL_REQUEST_ID) VALUES (7, 171, 'TEST-2', 171);

INSERT INTO AO_E8B6CC_PULL_REQUEST (AUTHOR, COMMENT_COUNT, CREATED_ON, DESTINATION_BRANCH, DOMAIN_ID, EXECUTED_BY, ID, LAST_STATUS, NAME, REMOTE_ID, SOURCE_BRANCH, SOURCE_REPO, TO_REPOSITORY_ID, UPDATED_ON, URL) VALUES ('GTTaylor', 0, '2015-10-06 10:29:03', 'master', 7, 'GTTaylor', 172, 'OPEN', 'asdf created online with Bitbucket', 1, 'TEST-2-nemo-et-dolore-cum-soluta-qui', 'GTTaylor/smartcommitstest', 7, '2015-10-06 10:29:03', 'https://bitbucket.org/GTTaylor/smartcommitstest/pull-requests/1');
INSERT INTO AO_E8B6CC_PR_ISSUE_KEY (DOMAIN_ID, ID, ISSUE_KEY, PULL_REQUEST_ID) VALUES (7, 172, 'TEST-2', 172);

INSERT INTO AO_E8B6CC_PULL_REQUEST (AUTHOR, COMMENT_COUNT, CREATED_ON, DESTINATION_BRANCH, DOMAIN_ID, EXECUTED_BY, ID, LAST_STATUS, NAME, REMOTE_ID, SOURCE_BRANCH, SOURCE_REPO, TO_REPOSITORY_ID, UPDATED_ON, URL) VALUES ('GTTaylor', 0, '2015-10-06 10:29:03', 'master', 7, 'GTTaylor', 173, 'OPEN', 'asdf created online with Bitbucket', 1, 'TEST-2-nemo-et-dolore-cum-soluta-qui', 'GTTaylor/smartcommitstest', 7, '2015-10-06 10:29:03', 'https://bitbucket.org/GTTaylor/smartcommitstest/pull-requests/1');
INSERT INTO AO_E8B6CC_PR_ISSUE_KEY (DOMAIN_ID, ID, ISSUE_KEY, PULL_REQUEST_ID) VALUES (7, 173, 'TEST-2', 173);

INSERT INTO AO_E8B6CC_PULL_REQUEST (AUTHOR, COMMENT_COUNT, CREATED_ON, DESTINATION_BRANCH, DOMAIN_ID, EXECUTED_BY, ID, LAST_STATUS, NAME, REMOTE_ID, SOURCE_BRANCH, SOURCE_REPO, TO_REPOSITORY_ID, UPDATED_ON, URL) VALUES ('GTTaylor', 0, '2015-10-06 10:29:03', 'master', 7, 'GTTaylor', 174, 'OPEN', 'asdf created online with Bitbucket', 1, 'TEST-2-nemo-et-dolore-cum-soluta-qui', 'GTTaylor/smartcommitstest', 7, '2015-10-06 10:29:03', 'https://bitbucket.org/GTTaylor/smartcommitstest/pull-requests/1');
INSERT INTO AO_E8B6CC_PR_ISSUE_KEY (DOMAIN_ID, ID, ISSUE_KEY, PULL_REQUEST_ID) VALUES (7, 174, 'TEST-2', 174);

INSERT INTO AO_E8B6CC_PULL_REQUEST (AUTHOR, COMMENT_COUNT, CREATED_ON, DESTINATION_BRANCH, DOMAIN_ID, EXECUTED_BY, ID, LAST_STATUS, NAME, REMOTE_ID, SOURCE_BRANCH, SOURCE_REPO, TO_REPOSITORY_ID, UPDATED_ON, URL) VALUES ('GTTaylor', 0, '2015-10-06 10:29:03', 'master', 7, 'GTTaylor', 175, 'OPEN', 'asdf created online with Bitbucket', 1, 'TEST-2-nemo-et-dolore-cum-soluta-qui', 'GTTaylor/smartcommitstest', 7, '2015-10-06 10:29:03', 'https://bitbucket.org/GTTaylor/smartcommitstest/pull-requests/1');
INSERT INTO AO_E8B6CC_PR_ISSUE_KEY (DOMAIN_ID, ID, ISSUE_KEY, PULL_REQUEST_ID) VALUES (7, 175, 'TEST-2', 175);

INSERT INTO AO_E8B6CC_PULL_REQUEST (AUTHOR, COMMENT_COUNT, CREATED_ON, DESTINATION_BRANCH, DOMAIN_ID, EXECUTED_BY, ID, LAST_STATUS, NAME, REMOTE_ID, SOURCE_BRANCH, SOURCE_REPO, TO_REPOSITORY_ID, UPDATED_ON, URL) VALUES ('GTTaylor', 0, '2015-10-06 10:29:03', 'master', 7, 'GTTaylor', 176, 'OPEN', 'asdf created online with Bitbucket', 1, 'TEST-2-nemo-et-dolore-cum-soluta-qui', 'GTTaylor/smartcommitstest', 7, '2015-10-06 10:29:03', 'https://bitbucket.org/GTTaylor/smartcommitstest/pull-requests/1');
INSERT INTO AO_E8B6CC_PR_ISSUE_KEY (DOMAIN_ID, ID, ISSUE_KEY, PULL_REQUEST_ID) VALUES (7, 176, 'TEST-2', 176);

INSERT INTO AO_E8B6CC_PULL_REQUEST (AUTHOR, COMMENT_COUNT, CREATED_ON, DESTINATION_BRANCH, DOMAIN_ID, EXECUTED_BY, ID, LAST_STATUS, NAME, REMOTE_ID, SOURCE_BRANCH, SOURCE_REPO, TO_REPOSITORY_ID, UPDATED_ON, URL) VALUES ('GTTaylor', 0, '2015-10-06 10:29:03', 'master', 7, 'GTTaylor', 177, 'OPEN', 'asdf created online with Bitbucket', 1, 'TEST-2-nemo-et-dolore-cum-soluta-qui', 'GTTaylor/smartcommitstest', 7, '2015-10-06 10:29:03', 'https://bitbucket.org/GTTaylor/smartcommitstest/pull-requests/1');
INSERT INTO AO_E8B6CC_PR_ISSUE_KEY (DOMAIN_ID, ID, ISSUE_KEY, PULL_REQUEST_ID) VALUES (7, 177, 'TEST-2', 177);

INSERT INTO AO_E8B6CC_PULL_REQUEST (AUTHOR, COMMENT_COUNT, CREATED_ON, DESTINATION_BRANCH, DOMAIN_ID, EXECUTED_BY, ID, LAST_STATUS, NAME, REMOTE_ID, SOURCE_BRANCH, SOURCE_REPO, TO_REPOSITORY_ID, UPDATED_ON, URL) VALUES ('GTTaylor', 0, '2015-10-06 10:29:03', 'master', 7, 'GTTaylor', 178, 'OPEN', 'asdf created online with Bitbucket', 1, 'TEST-2-nemo-et-dolore-cum-soluta-qui', 'GTTaylor/smartcommitstest', 7, '2015-10-06 10:29:03', 'https://bitbucket.org/GTTaylor/smartcommitstest/pull-requests/1');
INSERT INTO AO_E8B6CC_PR_ISSUE_KEY (DOMAIN_ID, ID, ISSUE_KEY, PULL_REQUEST_ID) VALUES (7, 178, 'TEST-2', 178);

INSERT INTO AO_E8B6CC_PULL_REQUEST (AUTHOR, COMMENT_COUNT, CREATED_ON, DESTINATION_BRANCH, DOMAIN_ID, EXECUTED_BY, ID, LAST_STATUS, NAME, REMOTE_ID, SOURCE_BRANCH, SOURCE_REPO, TO_REPOSITORY_ID, UPDATED_ON, URL) VALUES ('GTTaylor', 0, '2015-10-06 10:29:03', 'master', 7, 'GTTaylor', 179, 'OPEN', 'asdf created online with Bitbucket', 1, 'TEST-2-nemo-et-dolore-cum-soluta-qui', 'GTTaylor/smartcommitstest', 7, '2015-10-06 10:29:03', 'https://bitbucket.org/GTTaylor/smartcommitstest/pull-requests/1');
INSERT INTO AO_E8B6CC_PR_ISSUE_KEY (DOMAIN_ID, ID, ISSUE_KEY, PULL_REQUEST_ID) VALUES (7, 179, 'TEST-2', 179);

INSERT INTO AO_E8B6CC_PULL_REQUEST (AUTHOR, COMMENT_COUNT, CREATED_ON, DESTINATION_BRANCH, DOMAIN_ID, EXECUTED_BY, ID, LAST_STATUS, NAME, REMOTE_ID, SOURCE_BRANCH, SOURCE_REPO, TO_REPOSITORY_ID, UPDATED_ON, URL) VALUES ('GTTaylor', 0, '2015-10-06 10:29:03', 'master', 7, 'GTTaylor', 180, 'OPEN', 'asdf created online with Bitbucket', 1, 'TEST-2-nemo-et-dolore-cum-soluta-qui', 'GTTaylor/smartcommitstest', 7, '2015-10-06 10:29:03', 'https://bitbucket.org/GTTaylor/smartcommitstest/pull-requests/1');
INSERT INTO AO_E8B6CC_PR_ISSUE_KEY (DOMAIN_ID, ID, ISSUE_KEY, PULL_REQUEST_ID) VALUES (7, 180, 'TEST-2', 180);

INSERT INTO AO_E8B6CC_PULL_REQUEST (AUTHOR, COMMENT_COUNT, CREATED_ON, DESTINATION_BRANCH, DOMAIN_ID, EXECUTED_BY, ID, LAST_STATUS, NAME, REMOTE_ID, SOURCE_BRANCH, SOURCE_REPO, TO_REPOSITORY_ID, UPDATED_ON, URL) VALUES ('GTTaylor', 0, '2015-10-06 10:29:03', 'master', 7, 'GTTaylor', 181, 'OPEN', 'asdf created online with Bitbucket', 1, 'TEST-2-nemo-et-dolore-cum-soluta-qui', 'GTTaylor/smartcommitstest', 7, '2015-10-06 10:29:03', 'https://bitbucket.org/GTTaylor/smartcommitstest/pull-requests/1');
INSERT INTO AO_E8B6CC_PR_ISSUE_KEY (DOMAIN_ID, ID, ISSUE_KEY, PULL_REQUEST_ID) VALUES (7, 181, 'TEST-2', 181);

INSERT INTO AO_E8B6CC_PULL_REQUEST (AUTHOR, COMMENT_COUNT, CREATED_ON, DESTINATION_BRANCH, DOMAIN_ID, EXECUTED_BY, ID, LAST_STATUS, NAME, REMOTE_ID, SOURCE_BRANCH, SOURCE_REPO, TO_REPOSITORY_ID, UPDATED_ON, URL) VALUES ('GTTaylor', 0, '2015-10-06 10:29:03', 'master', 7, 'GTTaylor', 182, 'OPEN', 'asdf created online with Bitbucket', 1, 'TEST-2-nemo-et-dolore-cum-soluta-qui', 'GTTaylor/smartcommitstest', 7, '2015-10-06 10:29:03', 'https://bitbucket.org/GTTaylor/smartcommitstest/pull-requests/1');
INSERT INTO AO_E8B6CC_PR_ISSUE_KEY (DOMAIN_ID, ID, ISSUE_KEY, PULL_REQUEST_ID) VALUES (7, 182, 'TEST-2', 182);

INSERT INTO AO_E8B6CC_PULL_REQUEST (AUTHOR, COMMENT_COUNT, CREATED_ON, DESTINATION_BRANCH, DOMAIN_ID, EXECUTED_BY, ID, LAST_STATUS, NAME, REMOTE_ID, SOURCE_BRANCH, SOURCE_REPO, TO_REPOSITORY_ID, UPDATED_ON, URL) VALUES ('GTTaylor', 0, '2015-10-06 10:29:03', 'master', 7, 'GTTaylor', 183, 'OPEN', 'asdf created online with Bitbucket', 1, 'TEST-2-nemo-et-dolore-cum-soluta-qui', 'GTTaylor/smartcommitstest', 7, '2015-10-06 10:29:03', 'https://bitbucket.org/GTTaylor/smartcommitstest/pull-requests/1');
INSERT INTO AO_E8B6CC_PR_ISSUE_KEY (DOMAIN_ID, ID, ISSUE_KEY, PULL_REQUEST_ID) VALUES (7, 183, 'TEST-2', 183);

INSERT INTO AO_E8B6CC_PULL_REQUEST (AUTHOR, COMMENT_COUNT, CREATED_ON, DESTINATION_BRANCH, DOMAIN_ID, EXECUTED_BY, ID, LAST_STATUS, NAME, REMOTE_ID, SOURCE_BRANCH, SOURCE_REPO, TO_REPOSITORY_ID, UPDATED_ON, URL) VALUES ('GTTaylor', 0, '2015-10-06 10:29:03', 'master', 7, 'GTTaylor', 184, 'OPEN', 'asdf created online with Bitbucket', 1, 'TEST-2-nemo-et-dolore-cum-soluta-qui', 'GTTaylor/smartcommitstest', 7, '2015-10-06 10:29:03', 'https://bitbucket.org/GTTaylor/smartcommitstest/pull-requests/1');
INSERT INTO AO_E8B6CC_PR_ISSUE_KEY (DOMAIN_ID, ID, ISSUE_KEY, PULL_REQUEST_ID) VALUES (7, 184, 'TEST-2', 184);

INSERT INTO AO_E8B6CC_PULL_REQUEST (AUTHOR, COMMENT_COUNT, CREATED_ON, DESTINATION_BRANCH, DOMAIN_ID, EXECUTED_BY, ID, LAST_STATUS, NAME, REMOTE_ID, SOURCE_BRANCH, SOURCE_REPO, TO_REPOSITORY_ID, UPDATED_ON, URL) VALUES ('GTTaylor', 0, '2015-10-06 10:29:03', 'master', 7, 'GTTaylor', 185, 'OPEN', 'asdf created online with Bitbucket', 1, 'TEST-2-nemo-et-dolore-cum-soluta-qui', 'GTTaylor/smartcommitstest', 7, '2015-10-06 10:29:03', 'https://bitbucket.org/GTTaylor/smartcommitstest/pull-requests/1');
INSERT INTO AO_E8B6CC_PR_ISSUE_KEY (DOMAIN_ID, ID, ISSUE_KEY, PULL_REQUEST_ID) VALUES (7, 185, 'TEST-2', 185);

INSERT INTO AO_E8B6CC_PULL_REQUEST (AUTHOR, COMMENT_COUNT, CREATED_ON, DESTINATION_BRANCH, DOMAIN_ID, EXECUTED_BY, ID, LAST_STATUS, NAME, REMOTE_ID, SOURCE_BRANCH, SOURCE_REPO, TO_REPOSITORY_ID, UPDATED_ON, URL) VALUES ('GTTaylor', 0, '2015-10-06 10:29:03', 'master', 7, 'GTTaylor', 186, 'OPEN', 'asdf created online with Bitbucket', 1, 'TEST-2-nemo-et-dolore-cum-soluta-qui', 'GTTaylor/smartcommitstest', 7, '2015-10-06 10:29:03', 'https://bitbucket.org/GTTaylor/smartcommitstest/pull-requests/1');
INSERT INTO AO_E8B6CC_PR_ISSUE_KEY (DOMAIN_ID, ID, ISSUE_KEY, PULL_REQUEST_ID) VALUES (7, 186, 'TEST-2', 186);

INSERT INTO AO_E8B6CC_PULL_REQUEST (AUTHOR, COMMENT_COUNT, CREATED_ON, DESTINATION_BRANCH, DOMAIN_ID, EXECUTED_BY, ID, LAST_STATUS, NAME, REMOTE_ID, SOURCE_BRANCH, SOURCE_REPO, TO_REPOSITORY_ID, UPDATED_ON, URL) VALUES ('GTTaylor', 0, '2015-10-06 10:29:03', 'master', 7, 'GTTaylor', 187, 'OPEN', 'asdf created online with Bitbucket', 1, 'TEST-2-nemo-et-dolore-cum-soluta-qui', 'GTTaylor/smartcommitstest', 7, '2015-10-06 10:29:03', 'https://bitbucket.org/GTTaylor/smartcommitstest/pull-requests/1');
INSERT INTO AO_E8B6CC_PR_ISSUE_KEY (DOMAIN_ID, ID, ISSUE_KEY, PULL_REQUEST_ID) VALUES (7, 187, 'TEST-2', 187);

INSERT INTO AO_E8B6CC_PULL_REQUEST (AUTHOR, COMMENT_COUNT, CREATED_ON, DESTINATION_BRANCH, DOMAIN_ID, EXECUTED_BY, ID, LAST_STATUS, NAME, REMOTE_ID, SOURCE_BRANCH, SOURCE_REPO, TO_REPOSITORY_ID, UPDATED_ON, URL) VALUES ('GTTaylor', 0, '2015-10-06 10:29:03', 'master', 7, 'GTTaylor', 188, 'OPEN', 'asdf created online with Bitbucket', 1, 'TEST-2-nemo-et-dolore-cum-soluta-qui', 'GTTaylor/smartcommitstest', 7, '2015-10-06 10:29:03', 'https://bitbucket.org/GTTaylor/smartcommitstest/pull-requests/1');
INSERT INTO AO_E8B6CC_PR_ISSUE_KEY (DOMAIN_ID, ID, ISSUE_KEY, PULL_REQUEST_ID) VALUES (7, 188, 'TEST-2', 188);

INSERT INTO AO_E8B6CC_PULL_REQUEST (AUTHOR, COMMENT_COUNT, CREATED_ON, DESTINATION_BRANCH, DOMAIN_ID, EXECUTED_BY, ID, LAST_STATUS, NAME, REMOTE_ID, SOURCE_BRANCH, SOURCE_REPO, TO_REPOSITORY_ID, UPDATED_ON, URL) VALUES ('GTTaylor', 0, '2015-10-06 10:29:03', 'master', 7, 'GTTaylor', 189, 'OPEN', 'asdf created online with Bitbucket', 1, 'TEST-2-nemo-et-dolore-cum-soluta-qui', 'GTTaylor/smartcommitstest', 7, '2015-10-06 10:29:03', 'https://bitbucket.org/GTTaylor/smartcommitstest/pull-requests/1');
INSERT INTO AO_E8B6CC_PR_ISSUE_KEY (DOMAIN_ID, ID, ISSUE_KEY, PULL_REQUEST_ID) VALUES (7, 189, 'TEST-2', 189);

INSERT INTO AO_E8B6CC_PULL_REQUEST (AUTHOR, COMMENT_COUNT, CREATED_ON, DESTINATION_BRANCH, DOMAIN_ID, EXECUTED_BY, ID, LAST_STATUS, NAME, REMOTE_ID, SOURCE_BRANCH, SOURCE_REPO, TO_REPOSITORY_ID, UPDATED_ON, URL) VALUES ('GTTaylor', 0, '2015-10-06 10:29:03', 'master', 7, 'GTTaylor', 190, 'OPEN', 'asdf created online with Bitbucket', 1, 'TEST-2-nemo-et-dolore-cum-soluta-qui', 'GTTaylor/smartcommitstest', 7, '2015-10-06 10:29:03', 'https://bitbucket.org/GTTaylor/smartcommitstest/pull-requests/1');
INSERT INTO AO_E8B6CC_PR_ISSUE_KEY (DOMAIN_ID, ID, ISSUE_KEY, PULL_REQUEST_ID) VALUES (7, 190, 'TEST-2', 190);

INSERT INTO AO_E8B6CC_PULL_REQUEST (AUTHOR, COMMENT_COUNT, CREATED_ON, DESTINATION_BRANCH, DOMAIN_ID, EXECUTED_BY, ID, LAST_STATUS, NAME, REMOTE_ID, SOURCE_BRANCH, SOURCE_REPO, TO_REPOSITORY_ID, UPDATED_ON, URL) VALUES ('GTTaylor', 0, '2015-10-06 10:29:03', 'master', 7, 'GTTaylor', 191, 'OPEN', 'asdf created online with Bitbucket', 1, 'TEST-2-nemo-et-dolore-cum-soluta-qui', 'GTTaylor/smartcommitstest', 7, '2015-10-06 10:29:03', 'https://bitbucket.org/GTTaylor/smartcommitstest/pull-requests/1');
INSERT INTO AO_E8B6CC_PR_ISSUE_KEY (DOMAIN_ID, ID, ISSUE_KEY, PULL_REQUEST_ID) VALUES (7, 191, 'TEST-2', 191);

INSERT INTO AO_E8B6CC_PULL_REQUEST (AUTHOR, COMMENT_COUNT, CREATED_ON, DESTINATION_BRANCH, DOMAIN_ID, EXECUTED_BY, ID, LAST_STATUS, NAME, REMOTE_ID, SOURCE_BRANCH, SOURCE_REPO, TO_REPOSITORY_ID, UPDATED_ON, URL) VALUES ('GTTaylor', 0, '2015-10-06 10:29:03', 'master', 7, 'GTTaylor', 192, 'OPEN', 'asdf created online with Bitbucket', 1, 'TEST-2-nemo-et-dolore-cum-soluta-qui', 'GTTaylor/smartcommitstest', 7, '2015-10-06 10:29:03', 'https://bitbucket.org/GTTaylor/smartcommitstest/pull-requests/1');
INSERT INTO AO_E8B6CC_PR_ISSUE_KEY (DOMAIN_ID, ID, ISSUE_KEY, PULL_REQUEST_ID) VALUES (7, 192, 'TEST-2', 192);

INSERT INTO AO_E8B6CC_PULL_REQUEST (AUTHOR, COMMENT_COUNT, CREATED_ON, DESTINATION_BRANCH, DOMAIN_ID, EXECUTED_BY, ID, LAST_STATUS, NAME, REMOTE_ID, SOURCE_BRANCH, SOURCE_REPO, TO_REPOSITORY_ID, UPDATED_ON, URL) VALUES ('GTTaylor', 0, '2015-10-06 10:29:03', 'master', 7, 'GTTaylor', 193, 'OPEN', 'asdf created online with Bitbucket', 1, 'TEST-2-nemo-et-dolore-cum-soluta-qui', 'GTTaylor/smartcommitstest', 7, '2015-10-06 10:29:03', 'https://bitbucket.org/GTTaylor/smartcommitstest/pull-requests/1');
INSERT INTO AO_E8B6CC_PR_ISSUE_KEY (DOMAIN_ID, ID, ISSUE_KEY, PULL_REQUEST_ID) VALUES (7, 193, 'TEST-2', 193);

INSERT INTO AO_E8B6CC_PULL_REQUEST (AUTHOR, COMMENT_COUNT, CREATED_ON, DESTINATION_BRANCH, DOMAIN_ID, EXECUTED_BY, ID, LAST_STATUS, NAME, REMOTE_ID, SOURCE_BRANCH, SOURCE_REPO, TO_REPOSITORY_ID, UPDATED_ON, URL) VALUES ('GTTaylor', 0, '2015-10-06 10:29:03', 'master', 7, 'GTTaylor', 194, 'OPEN', 'asdf created online with Bitbucket', 1, 'TEST-2-nemo-et-dolore-cum-soluta-qui', 'GTTaylor/smartcommitstest', 7, '2015-10-06 10:29:03', 'https://bitbucket.org/GTTaylor/smartcommitstest/pull-requests/1');
INSERT INTO AO_E8B6CC_PR_ISSUE_KEY (DOMAIN_ID, ID, ISSUE_KEY, PULL_REQUEST_ID) VALUES (7, 194, 'TEST-2', 194);

INSERT INTO AO_E8B6CC_PULL_REQUEST (AUTHOR, COMMENT_COUNT, CREATED_ON, DESTINATION_BRANCH, DOMAIN_ID, EXECUTED_BY, ID, LAST_STATUS, NAME, REMOTE_ID, SOURCE_BRANCH, SOURCE_REPO, TO_REPOSITORY_ID, UPDATED_ON, URL) VALUES ('GTTaylor', 0, '2015-10-06 10:29:03', 'master', 7, 'GTTaylor', 195, 'OPEN', 'asdf created online with Bitbucket', 1, 'TEST-2-nemo-et-dolore-cum-soluta-qui', 'GTTaylor/smartcommitstest', 7, '2015-10-06 10:29:03', 'https://bitbucket.org/GTTaylor/smartcommitstest/pull-requests/1');
INSERT INTO AO_E8B6CC_PR_ISSUE_KEY (DOMAIN_ID, ID, ISSUE_KEY, PULL_REQUEST_ID) VALUES (7, 195, 'TEST-2', 195);

INSERT INTO AO_E8B6CC_PULL_REQUEST (AUTHOR, COMMENT_COUNT, CREATED_ON, DESTINATION_BRANCH, DOMAIN_ID, EXECUTED_BY, ID, LAST_STATUS, NAME, REMOTE_ID, SOURCE_BRANCH, SOURCE_REPO, TO_REPOSITORY_ID, UPDATED_ON, URL) VALUES ('GTTaylor', 0, '2015-10-06 10:29:03', 'master', 7, 'GTTaylor', 196, 'OPEN', 'asdf created online with Bitbucket', 1, 'TEST-2-nemo-et-dolore-cum-soluta-qui', 'GTTaylor/smartcommitstest', 7, '2015-10-06 10:29:03', 'https://bitbucket.org/GTTaylor/smartcommitstest/pull-requests/1');
INSERT INTO AO_E8B6CC_PR_ISSUE_KEY (DOMAIN_ID, ID, ISSUE_KEY, PULL_REQUEST_ID) VALUES (7, 196, 'TEST-2', 196);

INSERT INTO AO_E8B6CC_PULL_REQUEST (AUTHOR, COMMENT_COUNT, CREATED_ON, DESTINATION_BRANCH, DOMAIN_ID, EXECUTED_BY, ID, LAST_STATUS, NAME, REMOTE_ID, SOURCE_BRANCH, SOURCE_REPO, TO_REPOSITORY_ID, UPDATED_ON, URL) VALUES ('GTTaylor', 0, '2015-10-06 10:29:03', 'master', 7, 'GTTaylor', 197, 'OPEN', 'asdf created online with Bitbucket', 1, 'TEST-2-nemo-et-dolore-cum-soluta-qui', 'GTTaylor/smartcommitstest', 7, '2015-10-06 10:29:03', 'https://bitbucket.org/GTTaylor/smartcommitstest/pull-requests/1');
INSERT INTO AO_E8B6CC_PR_ISSUE_KEY (DOMAIN_ID, ID, ISSUE_KEY, PULL_REQUEST_ID) VALUES (7, 197, 'TEST-2', 197);

INSERT INTO AO_E8B6CC_PULL_REQUEST (AUTHOR, COMMENT_COUNT, CREATED_ON, DESTINATION_BRANCH, DOMAIN_ID, EXECUTED_BY, ID, LAST_STATUS, NAME, REMOTE_ID, SOURCE_BRANCH, SOURCE_REPO, TO_REPOSITORY_ID, UPDATED_ON, URL) VALUES ('GTTaylor', 0, '2015-10-06 10:29:03', 'master', 7, 'GTTaylor', 198, 'OPEN', 'asdf created online with Bitbucket', 1, 'TEST-2-nemo-et-dolore-cum-soluta-qui', 'GTTaylor/smartcommitstest', 7, '2015-10-06 10:29:03', 'https://bitbucket.org/GTTaylor/smartcommitstest/pull-requests/1');
INSERT INTO AO_E8B6CC_PR_ISSUE_KEY (DOMAIN_ID, ID, ISSUE_KEY, PULL_REQUEST_ID) VALUES (7, 198, 'TEST-2', 198);

INSERT INTO AO_E8B6CC_PULL_REQUEST (AUTHOR, COMMENT_COUNT, CREATED_ON, DESTINATION_BRANCH, DOMAIN_ID, EXECUTED_BY, ID, LAST_STATUS, NAME, REMOTE_ID, SOURCE_BRANCH, SOURCE_REPO, TO_REPOSITORY_ID, UPDATED_ON, URL) VALUES ('GTTaylor', 0, '2015-10-06 10:29:03', 'master', 7, 'GTTaylor', 199, 'OPEN', 'asdf created online with Bitbucket', 1, 'TEST-2-nemo-et-dolore-cum-soluta-qui', 'GTTaylor/smartcommitstest', 7, '2015-10-06 10:29:03', 'https://bitbucket.org/GTTaylor/smartcommitstest/pull-requests/1');
INSERT INTO AO_E8B6CC_PR_ISSUE_KEY (DOMAIN_ID, ID, ISSUE_KEY, PULL_REQUEST_ID) VALUES (7, 199, 'TEST-2', 199);

INSERT INTO AO_E8B6CC_PULL_REQUEST (AUTHOR, COMMENT_COUNT, CREATED_ON, DESTINATION_BRANCH, DOMAIN_ID, EXECUTED_BY, ID, LAST_STATUS, NAME, REMOTE_ID, SOURCE_BRANCH, SOURCE_REPO, TO_REPOSITORY_ID, UPDATED_ON, URL) VALUES ('GTTaylor', 0, '2015-10-06 10:29:03', 'master', 7, 'GTTaylor', 200, 'OPEN', 'asdf created online with Bitbucket', 1, 'TEST-2-nemo-et-dolore-cum-soluta-qui', 'GTTaylor/smartcommitstest', 7, '2015-10-06 10:29:03', 'https://bitbucket.org/GTTaylor/smartcommitstest/pull-requests/1');
INSERT INTO AO_E8B6CC_PR_ISSUE_KEY (DOMAIN_ID, ID, ISSUE_KEY, PULL_REQUEST_ID) VALUES (7, 200, 'TEST-2', 200);

INSERT INTO AO_E8B6CC_PULL_REQUEST (AUTHOR, COMMENT_COUNT, CREATED_ON, DESTINATION_BRANCH, DOMAIN_ID, EXECUTED_BY, ID, LAST_STATUS, NAME, REMOTE_ID, SOURCE_BRANCH, SOURCE_REPO, TO_REPOSITORY_ID, UPDATED_ON, URL) VALUES ('GTTaylor', 0, '2015-10-06 10:29:03', 'master', 7, 'GTTaylor', 201, 'OPEN', 'asdf created online with Bitbucket', 1, 'TEST-2-nemo-et-dolore-cum-soluta-qui', 'GTTaylor/smartcommitstest', 7, '2015-10-06 10:29:03', 'https://bitbucket.org/GTTaylor/smartcommitstest/pull-requests/1');
INSERT INTO AO_E8B6CC_PR_ISSUE_KEY (DOMAIN_ID, ID, ISSUE_KEY, PULL_REQUEST_ID) VALUES (7, 201, 'TEST-2', 201);

INSERT INTO AO_E8B6CC_PULL_REQUEST (AUTHOR, COMMENT_COUNT, CREATED_ON, DESTINATION_BRANCH, DOMAIN_ID, EXECUTED_BY, ID, LAST_STATUS, NAME, REMOTE_ID, SOURCE_BRANCH, SOURCE_REPO, TO_REPOSITORY_ID, UPDATED_ON, URL) VALUES ('GTTaylor', 0, '2015-10-06 10:29:03', 'master', 7, 'GTTaylor', 202, 'OPEN', 'asdf created online with Bitbucket', 1, 'TEST-2-nemo-et-dolore-cum-soluta-qui', 'GTTaylor/smartcommitstest', 7, '2015-10-06 10:29:03', 'https://bitbucket.org/GTTaylor/smartcommitstest/pull-requests/1');
INSERT INTO AO_E8B6CC_PR_ISSUE_KEY (DOMAIN_ID, ID, ISSUE_KEY, PULL_REQUEST_ID) VALUES (7, 202, 'TEST-2', 202);

INSERT INTO AO_E8B6CC_PULL_REQUEST (AUTHOR, COMMENT_COUNT, CREATED_ON, DESTINATION_BRANCH, DOMAIN_ID, EXECUTED_BY, ID, LAST_STATUS, NAME, REMOTE_ID, SOURCE_BRANCH, SOURCE_REPO, TO_REPOSITORY_ID, UPDATED_ON, URL) VALUES ('GTTaylor', 0, '2015-10-06 10:29:03', 'master', 7, 'GTTaylor', 203, 'OPEN', 'asdf created online with Bitbucket', 1, 'TEST-2-nemo-et-dolore-cum-soluta-qui', 'GTTaylor/smartcommitstest', 7, '2015-10-06 10:29:03', 'https://bitbucket.org/GTTaylor/smartcommitstest/pull-requests/1');
INSERT INTO AO_E8B6CC_PR_ISSUE_KEY (DOMAIN_ID, ID, ISSUE_KEY, PULL_REQUEST_ID) VALUES (7, 203, 'TEST-2', 203);

INSERT INTO AO_E8B6CC_PULL_REQUEST (AUTHOR, COMMENT_COUNT, CREATED_ON, DESTINATION_BRANCH, DOMAIN_ID, EXECUTED_BY, ID, LAST_STATUS, NAME, REMOTE_ID, SOURCE_BRANCH, SOURCE_REPO, TO_REPOSITORY_ID, UPDATED_ON, URL) VALUES ('GTTaylor', 0, '2015-10-06 10:29:03', 'master', 7, 'GTTaylor', 204, 'OPEN', 'asdf created online with Bitbucket', 1, 'TEST-2-nemo-et-dolore-cum-soluta-qui', 'GTTaylor/smartcommitstest', 7, '2015-10-06 10:29:03', 'https://bitbucket.org/GTTaylor/smartcommitstest/pull-requests/1');
INSERT INTO AO_E8B6CC_PR_ISSUE_KEY (DOMAIN_ID, ID, ISSUE_KEY, PULL_REQUEST_ID) VALUES (7, 204, 'TEST-2', 204);

INSERT INTO AO_E8B6CC_PULL_REQUEST (AUTHOR, COMMENT_COUNT, CREATED_ON, DESTINATION_BRANCH, DOMAIN_ID, EXECUTED_BY, ID, LAST_STATUS, NAME, REMOTE_ID, SOURCE_BRANCH, SOURCE_REPO, TO_REPOSITORY_ID, UPDATED_ON, URL) VALUES ('GTTaylor', 0, '2015-10-06 10:29:03', 'master', 7, 'GTTaylor', 205, 'OPEN', 'asdf created online with Bitbucket', 1, 'TEST-2-nemo-et-dolore-cum-soluta-qui', 'GTTaylor/smartcommitstest', 7, '2015-10-06 10:29:03', 'https://bitbucket.org/GTTaylor/smartcommitstest/pull-requests/1');
INSERT INTO AO_E8B6CC_PR_ISSUE_KEY (DOMAIN_ID, ID, ISSUE_KEY, PULL_REQUEST_ID) VALUES (7, 205, 'TEST-2', 205);

INSERT INTO AO_E8B6CC_PULL_REQUEST (AUTHOR, COMMENT_COUNT, CREATED_ON, DESTINATION_BRANCH, DOMAIN_ID, EXECUTED_BY, ID, LAST_STATUS, NAME, REMOTE_ID, SOURCE_BRANCH, SOURCE_REPO, TO_REPOSITORY_ID, UPDATED_ON, URL) VALUES ('GTTaylor', 0, '2015-10-06 10:29:03', 'master', 7, 'GTTaylor', 206, 'OPEN', 'asdf created online with Bitbucket', 1, 'TEST-2-nemo-et-dolore-cum-soluta-qui', 'GTTaylor/smartcommitstest', 7, '2015-10-06 10:29:03', 'https://bitbucket.org/GTTaylor/smartcommitstest/pull-requests/1');
INSERT INTO AO_E8B6CC_PR_ISSUE_KEY (DOMAIN_ID, ID, ISSUE_KEY, PULL_REQUEST_ID) VALUES (7, 206, 'TEST-2', 206);

INSERT INTO AO_E8B6CC_PULL_REQUEST (AUTHOR, COMMENT_COUNT, CREATED_ON, DESTINATION_BRANCH, DOMAIN_ID, EXECUTED_BY, ID, LAST_STATUS, NAME, REMOTE_ID, SOURCE_BRANCH, SOURCE_REPO, TO_REPOSITORY_ID, UPDATED_ON, URL) VALUES ('GTTaylor', 0, '2015-10-06 10:29:03', 'master', 7, 'GTTaylor', 207, 'OPEN', 'asdf created online with Bitbucket', 1, 'TEST-2-nemo-et-dolore-cum-soluta-qui', 'GTTaylor/smartcommitstest', 7, '2015-10-06 10:29:03', 'https://bitbucket.org/GTTaylor/smartcommitstest/pull-requests/1');
INSERT INTO AO_E8B6CC_PR_ISSUE_KEY (DOMAIN_ID, ID, ISSUE_KEY, PULL_REQUEST_ID) VALUES (7, 207, 'TEST-2', 207);

INSERT INTO AO_E8B6CC_PULL_REQUEST (AUTHOR, COMMENT_COUNT, CREATED_ON, DESTINATION_BRANCH, DOMAIN_ID, EXECUTED_BY, ID, LAST_STATUS, NAME, REMOTE_ID, SOURCE_BRANCH, SOURCE_REPO, TO_REPOSITORY_ID, UPDATED_ON, URL) VALUES ('GTTaylor', 0, '2015-10-06 10:29:03', 'master', 7, 'GTTaylor', 208, 'OPEN', 'asdf created online with Bitbucket', 1, 'TEST-2-nemo-et-dolore-cum-soluta-qui', 'GTTaylor/smartcommitstest', 7, '2015-10-06 10:29:03', 'https://bitbucket.org/GTTaylor/smartcommitstest/pull-requests/1');
INSERT INTO AO_E8B6CC_PR_ISSUE_KEY (DOMAIN_ID, ID, ISSUE_KEY, PULL_REQUEST_ID) VALUES (7, 208, 'TEST-2', 208);

INSERT INTO AO_E8B6CC_PULL_REQUEST (AUTHOR, COMMENT_COUNT, CREATED_ON, DESTINATION_BRANCH, DOMAIN_ID, EXECUTED_BY, ID, LAST_STATUS, NAME, REMOTE_ID, SOURCE_BRANCH, SOURCE_REPO, TO_REPOSITORY_ID, UPDATED_ON, URL) VALUES ('GTTaylor', 0, '2015-10-06 10:29:03', 'master', 7, 'GTTaylor', 209, 'OPEN', 'asdf created online with Bitbucket', 1, 'TEST-2-nemo-et-dolore-cum-soluta-qui', 'GTTaylor/smartcommitstest', 7, '2015-10-06 10:29:03', 'https://bitbucket.org/GTTaylor/smartcommitstest/pull-requests/1');
INSERT INTO AO_E8B6CC_PR_ISSUE_KEY (DOMAIN_ID, ID, ISSUE_KEY, PULL_REQUEST_ID) VALUES (7, 209, 'TEST-2', 209);

INSERT INTO AO_E8B6CC_PULL_REQUEST (AUTHOR, COMMENT_COUNT, CREATED_ON, DESTINATION_BRANCH, DOMAIN_ID, EXECUTED_BY, ID, LAST_STATUS, NAME, REMOTE_ID, SOURCE_BRANCH, SOURCE_REPO, TO_REPOSITORY_ID, UPDATED_ON, URL) VALUES ('GTTaylor', 0, '2015-10-06 10:29:03', 'master', 7, 'GTTaylor', 210, 'OPEN', 'asdf created online with Bitbucket', 1, 'TEST-2-nemo-et-dolore-cum-soluta-qui', 'GTTaylor/smartcommitstest', 7, '2015-10-06 10:29:03', 'https://bitbucket.org/GTTaylor/smartcommitstest/pull-requests/1');
INSERT INTO AO_E8B6CC_PR_ISSUE_KEY (DOMAIN_ID, ID, ISSUE_KEY, PULL_REQUEST_ID) VALUES (7, 210, 'TEST-2', 210);

INSERT INTO AO_E8B6CC_PULL_REQUEST (AUTHOR, COMMENT_COUNT, CREATED_ON, DESTINATION_BRANCH, DOMAIN_ID, EXECUTED_BY, ID, LAST_STATUS, NAME, REMOTE_ID, SOURCE_BRANCH, SOURCE_REPO, TO_REPOSITORY_ID, UPDATED_ON, URL) VALUES ('GTTaylor', 0, '2015-10-06 10:29:03', 'master', 7, 'GTTaylor', 211, 'OPEN', 'asdf created online with Bitbucket', 1, 'TEST-2-nemo-et-dolore-cum-soluta-qui', 'GTTaylor/smartcommitstest', 7, '2015-10-06 10:29:03', 'https://bitbucket.org/GTTaylor/smartcommitstest/pull-requests/1');
INSERT INTO AO_E8B6CC_PR_ISSUE_KEY (DOMAIN_ID, ID, ISSUE_KEY, PULL_REQUEST_ID) VALUES (7, 211, 'TEST-2', 211);

INSERT INTO AO_E8B6CC_PULL_REQUEST (AUTHOR, COMMENT_COUNT, CREATED_ON, DESTINATION_BRANCH, DOMAIN_ID, EXECUTED_BY, ID, LAST_STATUS, NAME, REMOTE_ID, SOURCE_BRANCH, SOURCE_REPO, TO_REPOSITORY_ID, UPDATED_ON, URL) VALUES ('GTTaylor', 0, '2015-10-06 10:29:03', 'master', 7, 'GTTaylor', 212, 'OPEN', 'asdf created online with Bitbucket', 1, 'TEST-2-nemo-et-dolore-cum-soluta-qui', 'GTTaylor/smartcommitstest', 7, '2015-10-06 10:29:03', 'https://bitbucket.org/GTTaylor/smartcommitstest/pull-requests/1');
INSERT INTO AO_E8B6CC_PR_ISSUE_KEY (DOMAIN_ID, ID, ISSUE_KEY, PULL_REQUEST_ID) VALUES (7, 212, 'TEST-2', 212);

INSERT INTO AO_E8B6CC_PULL_REQUEST (AUTHOR, COMMENT_COUNT, CREATED_ON, DESTINATION_BRANCH, DOMAIN_ID, EXECUTED_BY, ID, LAST_STATUS, NAME, REMOTE_ID, SOURCE_BRANCH, SOURCE_REPO, TO_REPOSITORY_ID, UPDATED_ON, URL) VALUES ('GTTaylor', 0, '2015-10-06 10:29:03', 'master', 7, 'GTTaylor', 213, 'OPEN', 'asdf created online with Bitbucket', 1, 'TEST-2-nemo-et-dolore-cum-soluta-qui', 'GTTaylor/smartcommitstest', 7, '2015-10-06 10:29:03', 'https://bitbucket.org/GTTaylor/smartcommitstest/pull-requests/1');
INSERT INTO AO_E8B6CC_PR_ISSUE_KEY (DOMAIN_ID, ID, ISSUE_KEY, PULL_REQUEST_ID) VALUES (7, 213, 'TEST-2', 213);

INSERT INTO AO_E8B6CC_PULL_REQUEST (AUTHOR, COMMENT_COUNT, CREATED_ON, DESTINATION_BRANCH, DOMAIN_ID, EXECUTED_BY, ID, LAST_STATUS, NAME, REMOTE_ID, SOURCE_BRANCH, SOURCE_REPO, TO_REPOSITORY_ID, UPDATED_ON, URL) VALUES ('GTTaylor', 0, '2015-10-06 10:29:03', 'master', 7, 'GTTaylor', 214, 'OPEN', 'asdf created online with Bitbucket', 1, 'TEST-2-nemo-et-dolore-cum-soluta-qui', 'GTTaylor/smartcommitstest', 7, '2015-10-06 10:29:03', 'https://bitbucket.org/GTTaylor/smartcommitstest/pull-requests/1');
INSERT INTO AO_E8B6CC_PR_ISSUE_KEY (DOMAIN_ID, ID, ISSUE_KEY, PULL_REQUEST_ID) VALUES (7, 214, 'TEST-2', 214);

INSERT INTO AO_E8B6CC_PULL_REQUEST (AUTHOR, COMMENT_COUNT, CREATED_ON, DESTINATION_BRANCH, DOMAIN_ID, EXECUTED_BY, ID, LAST_STATUS, NAME, REMOTE_ID, SOURCE_BRANCH, SOURCE_REPO, TO_REPOSITORY_ID, UPDATED_ON, URL) VALUES ('GTTaylor', 0, '2015-10-06 10:29:03', 'master', 7, 'GTTaylor', 215, 'OPEN', 'asdf created online with Bitbucket', 1, 'TEST-2-nemo-et-dolore-cum-soluta-qui', 'GTTaylor/smartcommitstest', 7, '2015-10-06 10:29:03', 'https://bitbucket.org/GTTaylor/smartcommitstest/pull-requests/1');
INSERT INTO AO_E8B6CC_PR_ISSUE_KEY (DOMAIN_ID, ID, ISSUE_KEY, PULL_REQUEST_ID) VALUES (7, 215, 'TEST-2', 215);

INSERT INTO AO_E8B6CC_PULL_REQUEST (AUTHOR, COMMENT_COUNT, CREATED_ON, DESTINATION_BRANCH, DOMAIN_ID, EXECUTED_BY, ID, LAST_STATUS, NAME, REMOTE_ID, SOURCE_BRANCH, SOURCE_REPO, TO_REPOSITORY_ID, UPDATED_ON, URL) VALUES ('GTTaylor', 0, '2015-10-06 10:29:03', 'master', 7, 'GTTaylor', 216, 'OPEN', 'asdf created online with Bitbucket', 1, 'TEST-2-nemo-et-dolore-cum-soluta-qui', 'GTTaylor/smartcommitstest', 7, '2015-10-06 10:29:03', 'https://bitbucket.org/GTTaylor/smartcommitstest/pull-requests/1');
INSERT INTO AO_E8B6CC_PR_ISSUE_KEY (DOMAIN_ID, ID, ISSUE_KEY, PULL_REQUEST_ID) VALUES (7, 216, 'TEST-2', 216);

INSERT INTO AO_E8B6CC_PULL_REQUEST (AUTHOR, COMMENT_COUNT, CREATED_ON, DESTINATION_BRANCH, DOMAIN_ID, EXECUTED_BY, ID, LAST_STATUS, NAME, REMOTE_ID, SOURCE_BRANCH, SOURCE_REPO, TO_REPOSITORY_ID, UPDATED_ON, URL) VALUES ('GTTaylor', 0, '2015-10-06 10:29:03', 'master', 7, 'GTTaylor', 217, 'OPEN', 'asdf created online with Bitbucket', 1, 'TEST-2-nemo-et-dolore-cum-soluta-qui', 'GTTaylor/smartcommitstest', 7, '2015-10-06 10:29:03', 'https://bitbucket.org/GTTaylor/smartcommitstest/pull-requests/1');
INSERT INTO AO_E8B6CC_PR_ISSUE_KEY (DOMAIN_ID, ID, ISSUE_KEY, PULL_REQUEST_ID) VALUES (7, 217, 'TEST-2', 217);

INSERT INTO AO_E8B6CC_PULL_REQUEST (AUTHOR, COMMENT_COUNT, CREATED_ON, DESTINATION_BRANCH, DOMAIN_ID, EXECUTED_BY, ID, LAST_STATUS, NAME, REMOTE_ID, SOURCE_BRANCH, SOURCE_REPO, TO_REPOSITORY_ID, UPDATED_ON, URL) VALUES ('GTTaylor', 0, '2015-10-06 10:29:03', 'master', 7, 'GTTaylor', 218, 'OPEN', 'asdf created online with Bitbucket', 1, 'TEST-2-nemo-et-dolore-cum-soluta-qui', 'GTTaylor/smartcommitstest', 7, '2015-10-06 10:29:03', 'https://bitbucket.org/GTTaylor/smartcommitstest/pull-requests/1');
INSERT INTO AO_E8B6CC_PR_ISSUE_KEY (DOMAIN_ID, ID, ISSUE_KEY, PULL_REQUEST_ID) VALUES (7, 218, 'TEST-2', 218);

INSERT INTO AO_E8B6CC_PULL_REQUEST (AUTHOR, COMMENT_COUNT, CREATED_ON, DESTINATION_BRANCH, DOMAIN_ID, EXECUTED_BY, ID, LAST_STATUS, NAME, REMOTE_ID, SOURCE_BRANCH, SOURCE_REPO, TO_REPOSITORY_ID, UPDATED_ON, URL) VALUES ('GTTaylor', 0, '2015-10-06 10:29:03', 'master', 7, 'GTTaylor', 219, 'OPEN', 'asdf created online with Bitbucket', 1, 'TEST-2-nemo-et-dolore-cum-soluta-qui', 'GTTaylor/smartcommitstest', 7, '2015-10-06 10:29:03', 'https://bitbucket.org/GTTaylor/smartcommitstest/pull-requests/1');
INSERT INTO AO_E8B6CC_PR_ISSUE_KEY (DOMAIN_ID, ID, ISSUE_KEY, PULL_REQUEST_ID) VALUES (7, 219, 'TEST-2', 219);

INSERT INTO AO_E8B6CC_PULL_REQUEST (AUTHOR, COMMENT_COUNT, CREATED_ON, DESTINATION_BRANCH, DOMAIN_ID, EXECUTED_BY, ID, LAST_STATUS, NAME, REMOTE_ID, SOURCE_BRANCH, SOURCE_REPO, TO_REPOSITORY_ID, UPDATED_ON, URL) VALUES ('GTTaylor', 0, '2015-10-06 10:29:03', 'master', 7, 'GTTaylor', 220, 'OPEN', 'asdf created online with Bitbucket', 1, 'TEST-2-nemo-et-dolore-cum-soluta-qui', 'GTTaylor/smartcommitstest', 7, '2015-10-06 10:29:03', 'https://bitbucket.org/GTTaylor/smartcommitstest/pull-requests/1');
INSERT INTO AO_E8B6CC_PR_ISSUE_KEY (DOMAIN_ID, ID, ISSUE_KEY, PULL_REQUEST_ID) VALUES (7, 220, 'TEST-2', 220);

INSERT INTO AO_E8B6CC_PULL_REQUEST (AUTHOR, COMMENT_COUNT, CREATED_ON, DESTINATION_BRANCH, DOMAIN_ID, EXECUTED_BY, ID, LAST_STATUS, NAME, REMOTE_ID, SOURCE_BRANCH, SOURCE_REPO, TO_REPOSITORY_ID, UPDATED_ON, URL) VALUES ('GTTaylor', 0, '2015-10-06 10:29:03', 'master', 7, 'GTTaylor', 221, 'OPEN', 'asdf created online with Bitbucket', 1, 'TEST-2-nemo-et-dolore-cum-soluta-qui', 'GTTaylor/smartcommitstest', 7, '2015-10-06 10:29:03', 'https://bitbucket.org/GTTaylor/smartcommitstest/pull-requests/1');
INSERT INTO AO_E8B6CC_PR_ISSUE_KEY (DOMAIN_ID, ID, ISSUE_KEY, PULL_REQUEST_ID) VALUES (7, 221, 'TEST-2', 221);

INSERT INTO AO_E8B6CC_PULL_REQUEST (AUTHOR, COMMENT_COUNT, CREATED_ON, DESTINATION_BRANCH, DOMAIN_ID, EXECUTED_BY, ID, LAST_STATUS, NAME, REMOTE_ID, SOURCE_BRANCH, SOURCE_REPO, TO_REPOSITORY_ID, UPDATED_ON, URL) VALUES ('GTTaylor', 0, '2015-10-06 10:29:03', 'master', 7, 'GTTaylor', 222, 'OPEN', 'asdf created online with Bitbucket', 1, 'TEST-2-nemo-et-dolore-cum-soluta-qui', 'GTTaylor/smartcommitstest', 7, '2015-10-06 10:29:03', 'https://bitbucket.org/GTTaylor/smartcommitstest/pull-requests/1');
INSERT INTO AO_E8B6CC_PR_ISSUE_KEY (DOMAIN_ID, ID, ISSUE_KEY, PULL_REQUEST_ID) VALUES (7, 222, 'TEST-2', 222);

INSERT INTO AO_E8B6CC_PULL_REQUEST (AUTHOR, COMMENT_COUNT, CREATED_ON, DESTINATION_BRANCH, DOMAIN_ID, EXECUTED_BY, ID, LAST_STATUS, NAME, REMOTE_ID, SOURCE_BRANCH, SOURCE_REPO, TO_REPOSITORY_ID, UPDATED_ON, URL) VALUES ('GTTaylor', 0, '2015-10-06 10:29:03', 'master', 7, 'GTTaylor', 223, 'OPEN', 'asdf created online with Bitbucket', 1, 'TEST-2-nemo-et-dolore-cum-soluta-qui', 'GTTaylor/smartcommitstest', 7, '2015-10-06 10:29:03', 'https://bitbucket.org/GTTaylor/smartcommitstest/pull-requests/1');
INSERT INTO AO_E8B6CC_PR_ISSUE_KEY (DOMAIN_ID, ID, ISSUE_KEY, PULL_REQUEST_ID) VALUES (7, 223, 'TEST-2', 223);

INSERT INTO AO_E8B6CC_PULL_REQUEST (AUTHOR, COMMENT_COUNT, CREATED_ON, DESTINATION_BRANCH, DOMAIN_ID, EXECUTED_BY, ID, LAST_STATUS, NAME, REMOTE_ID, SOURCE_BRANCH, SOURCE_REPO, TO_REPOSITORY_ID, UPDATED_ON, URL) VALUES ('GTTaylor', 0, '2015-10-06 10:29:03', 'master', 7, 'GTTaylor', 224, 'OPEN', 'asdf created online with Bitbucket', 1, 'TEST-2-nemo-et-dolore-cum-soluta-qui', 'GTTaylor/smartcommitstest', 7, '2015-10-06 10:29:03', 'https://bitbucket.org/GTTaylor/smartcommitstest/pull-requests/1');
INSERT INTO AO_E8B6CC_PR_ISSUE_KEY (DOMAIN_ID, ID, ISSUE_KEY, PULL_REQUEST_ID) VALUES (7, 224, 'TEST-2', 224);

INSERT INTO AO_E8B6CC_PULL_REQUEST (AUTHOR, COMMENT_COUNT, CREATED_ON, DESTINATION_BRANCH, DOMAIN_ID, EXECUTED_BY, ID, LAST_STATUS, NAME, REMOTE_ID, SOURCE_BRANCH, SOURCE_REPO, TO_REPOSITORY_ID, UPDATED_ON, URL) VALUES ('GTTaylor', 0, '2015-10-06 10:29:03', 'master', 7, 'GTTaylor', 225, 'OPEN', 'asdf created online with Bitbucket', 1, 'TEST-2-nemo-et-dolore-cum-soluta-qui', 'GTTaylor/smartcommitstest', 7, '2015-10-06 10:29:03', 'https://bitbucket.org/GTTaylor/smartcommitstest/pull-requests/1');
INSERT INTO AO_E8B6CC_PR_ISSUE_KEY (DOMAIN_ID, ID, ISSUE_KEY, PULL_REQUEST_ID) VALUES (7, 225, 'TEST-2', 225);

INSERT INTO AO_E8B6CC_PULL_REQUEST (AUTHOR, COMMENT_COUNT, CREATED_ON, DESTINATION_BRANCH, DOMAIN_ID, EXECUTED_BY, ID, LAST_STATUS, NAME, REMOTE_ID, SOURCE_BRANCH, SOURCE_REPO, TO_REPOSITORY_ID, UPDATED_ON, URL) VALUES ('GTTaylor', 0, '2015-10-06 10:29:03', 'master', 7, 'GTTaylor', 226, 'OPEN', 'asdf created online with Bitbucket', 1, 'TEST-2-nemo-et-dolore-cum-soluta-qui', 'GTTaylor/smartcommitstest', 7, '2015-10-06 10:29:03', 'https://bitbucket.org/GTTaylor/smartcommitstest/pull-requests/1');
INSERT INTO AO_E8B6CC_PR_ISSUE_KEY (DOMAIN_ID, ID, ISSUE_KEY, PULL_REQUEST_ID) VALUES (7, 226, 'TEST-2', 226);

INSERT INTO AO_E8B6CC_PULL_REQUEST (AUTHOR, COMMENT_COUNT, CREATED_ON, DESTINATION_BRANCH, DOMAIN_ID, EXECUTED_BY, ID, LAST_STATUS, NAME, REMOTE_ID, SOURCE_BRANCH, SOURCE_REPO, TO_REPOSITORY_ID, UPDATED_ON, URL) VALUES ('GTTaylor', 0, '2015-10-06 10:29:03', 'master', 7, 'GTTaylor', 227, 'OPEN', 'asdf created online with Bitbucket', 1, 'TEST-2-nemo-et-dolore-cum-soluta-qui', 'GTTaylor/smartcommitstest', 7, '2015-10-06 10:29:03', 'https://bitbucket.org/GTTaylor/smartcommitstest/pull-requests/1');
INSERT INTO AO_E8B6CC_PR_ISSUE_KEY (DOMAIN_ID, ID, ISSUE_KEY, PULL_REQUEST_ID) VALUES (7, 227, 'TEST-2', 227);

INSERT INTO AO_E8B6CC_PULL_REQUEST (AUTHOR, COMMENT_COUNT, CREATED_ON, DESTINATION_BRANCH, DOMAIN_ID, EXECUTED_BY, ID, LAST_STATUS, NAME, REMOTE_ID, SOURCE_BRANCH, SOURCE_REPO, TO_REPOSITORY_ID, UPDATED_ON, URL) VALUES ('GTTaylor', 0, '2015-10-06 10:29:03', 'master', 7, 'GTTaylor', 228, 'OPEN', 'asdf created online with Bitbucket', 1, 'TEST-2-nemo-et-dolore-cum-soluta-qui', 'GTTaylor/smartcommitstest', 7, '2015-10-06 10:29:03', 'https://bitbucket.org/GTTaylor/smartcommitstest/pull-requests/1');
INSERT INTO AO_E8B6CC_PR_ISSUE_KEY (DOMAIN_ID, ID, ISSUE_KEY, PULL_REQUEST_ID) VALUES (7, 228, 'TEST-2', 228);

INSERT INTO AO_E8B6CC_PULL_REQUEST (AUTHOR, COMMENT_COUNT, CREATED_ON, DESTINATION_BRANCH, DOMAIN_ID, EXECUTED_BY, ID, LAST_STATUS, NAME, REMOTE_ID, SOURCE_BRANCH, SOURCE_REPO, TO_REPOSITORY_ID, UPDATED_ON, URL) VALUES ('GTTaylor', 0, '2015-10-06 10:29:03', 'master', 7, 'GTTaylor', 229, 'OPEN', 'asdf created online with Bitbucket', 1, 'TEST-2-nemo-et-dolore-cum-soluta-qui', 'GTTaylor/smartcommitstest', 7, '2015-10-06 10:29:03', 'https://bitbucket.org/GTTaylor/smartcommitstest/pull-requests/1');
INSERT INTO AO_E8B6CC_PR_ISSUE_KEY (DOMAIN_ID, ID, ISSUE_KEY, PULL_REQUEST_ID) VALUES (7, 229, 'TEST-2', 229);

INSERT INTO AO_E8B6CC_PULL_REQUEST (AUTHOR, COMMENT_COUNT, CREATED_ON, DESTINATION_BRANCH, DOMAIN_ID, EXECUTED_BY, ID, LAST_STATUS, NAME, REMOTE_ID, SOURCE_BRANCH, SOURCE_REPO, TO_REPOSITORY_ID, UPDATED_ON, URL) VALUES ('GTTaylor', 0, '2015-10-06 10:29:03', 'master', 7, 'GTTaylor', 230, 'OPEN', 'asdf created online with Bitbucket', 1, 'TEST-2-nemo-et-dolore-cum-soluta-qui', 'GTTaylor/smartcommitstest', 7, '2015-10-06 10:29:03', 'https://bitbucket.org/GTTaylor/smartcommitstest/pull-requests/1');
INSERT INTO AO_E8B6CC_PR_ISSUE_KEY (DOMAIN_ID, ID, ISSUE_KEY, PULL_REQUEST_ID) VALUES (7, 230, 'TEST-2', 230);

INSERT INTO AO_E8B6CC_PULL_REQUEST (AUTHOR, COMMENT_COUNT, CREATED_ON, DESTINATION_BRANCH, DOMAIN_ID, EXECUTED_BY, ID, LAST_STATUS, NAME, REMOTE_ID, SOURCE_BRANCH, SOURCE_REPO, TO_REPOSITORY_ID, UPDATED_ON, URL) VALUES ('GTTaylor', 0, '2015-10-06 10:29:03', 'master', 7, 'GTTaylor', 231, 'OPEN', 'asdf created online with Bitbucket', 1, 'TEST-2-nemo-et-dolore-cum-soluta-qui', 'GTTaylor/smartcommitstest', 7, '2015-10-06 10:29:03', 'https://bitbucket.org/GTTaylor/smartcommitstest/pull-requests/1');
INSERT INTO AO_E8B6CC_PR_ISSUE_KEY (DOMAIN_ID, ID, ISSUE_KEY, PULL_REQUEST_ID) VALUES (7, 231, 'TEST-2', 231);

INSERT INTO AO_E8B6CC_PULL_REQUEST (AUTHOR, COMMENT_COUNT, CREATED_ON, DESTINATION_BRANCH, DOMAIN_ID, EXECUTED_BY, ID, LAST_STATUS, NAME, REMOTE_ID, SOURCE_BRANCH, SOURCE_REPO, TO_REPOSITORY_ID, UPDATED_ON, URL) VALUES ('GTTaylor', 0, '2015-10-06 10:29:03', 'master', 7, 'GTTaylor', 232, 'OPEN', 'asdf created online with Bitbucket', 1, 'TEST-2-nemo-et-dolore-cum-soluta-qui', 'GTTaylor/smartcommitstest', 7, '2015-10-06 10:29:03', 'https://bitbucket.org/GTTaylor/smartcommitstest/pull-requests/1');
INSERT INTO AO_E8B6CC_PR_ISSUE_KEY (DOMAIN_ID, ID, ISSUE_KEY, PULL_REQUEST_ID) VALUES (7, 232, 'TEST-2', 232);

INSERT INTO AO_E8B6CC_PULL_REQUEST (AUTHOR, COMMENT_COUNT, CREATED_ON, DESTINATION_BRANCH, DOMAIN_ID, EXECUTED_BY, ID, LAST_STATUS, NAME, REMOTE_ID, SOURCE_BRANCH, SOURCE_REPO, TO_REPOSITORY_ID, UPDATED_ON, URL) VALUES ('GTTaylor', 0, '2015-10-06 10:29:03', 'master', 7, 'GTTaylor', 233, 'OPEN', 'asdf created online with Bitbucket', 1, 'TEST-2-nemo-et-dolore-cum-soluta-qui', 'GTTaylor/smartcommitstest', 7, '2015-10-06 10:29:03', 'https://bitbucket.org/GTTaylor/smartcommitstest/pull-requests/1');
INSERT INTO AO_E8B6CC_PR_ISSUE_KEY (DOMAIN_ID, ID, ISSUE_KEY, PULL_REQUEST_ID) VALUES (7, 233, 'TEST-2', 233);

INSERT INTO AO_E8B6CC_PULL_REQUEST (AUTHOR, COMMENT_COUNT, CREATED_ON, DESTINATION_BRANCH, DOMAIN_ID, EXECUTED_BY, ID, LAST_STATUS, NAME, REMOTE_ID, SOURCE_BRANCH, SOURCE_REPO, TO_REPOSITORY_ID, UPDATED_ON, URL) VALUES ('GTTaylor', 0, '2015-10-06 10:29:03', 'master', 7, 'GTTaylor', 234, 'OPEN', 'asdf created online with Bitbucket', 1, 'TEST-2-nemo-et-dolore-cum-soluta-qui', 'GTTaylor/smartcommitstest', 7, '2015-10-06 10:29:03', 'https://bitbucket.org/GTTaylor/smartcommitstest/pull-requests/1');
INSERT INTO AO_E8B6CC_PR_ISSUE_KEY (DOMAIN_ID, ID, ISSUE_KEY, PULL_REQUEST_ID) VALUES (7, 234, 'TEST-2', 234);

INSERT INTO AO_E8B6CC_PULL_REQUEST (AUTHOR, COMMENT_COUNT, CREATED_ON, DESTINATION_BRANCH, DOMAIN_ID, EXECUTED_BY, ID, LAST_STATUS, NAME, REMOTE_ID, SOURCE_BRANCH, SOURCE_REPO, TO_REPOSITORY_ID, UPDATED_ON, URL) VALUES ('GTTaylor', 0, '2015-10-06 10:29:03', 'master', 7, 'GTTaylor', 235, 'OPEN', 'asdf created online with Bitbucket', 1, 'TEST-2-nemo-et-dolore-cum-soluta-qui', 'GTTaylor/smartcommitstest', 7, '2015-10-06 10:29:03', 'https://bitbucket.org/GTTaylor/smartcommitstest/pull-requests/1');
INSERT INTO AO_E8B6CC_PR_ISSUE_KEY (DOMAIN_ID, ID, ISSUE_KEY, PULL_REQUEST_ID) VALUES (7, 235, 'TEST-2', 235);

INSERT INTO AO_E8B6CC_PULL_REQUEST (AUTHOR, COMMENT_COUNT, CREATED_ON, DESTINATION_BRANCH, DOMAIN_ID, EXECUTED_BY, ID, LAST_STATUS, NAME, REMOTE_ID, SOURCE_BRANCH, SOURCE_REPO, TO_REPOSITORY_ID, UPDATED_ON, URL) VALUES ('GTTaylor', 0, '2015-10-06 10:29:03', 'master', 7, 'GTTaylor', 236, 'OPEN', 'asdf created online with Bitbucket', 1, 'TEST-2-nemo-et-dolore-cum-soluta-qui', 'GTTaylor/smartcommitstest', 7, '2015-10-06 10:29:03', 'https://bitbucket.org/GTTaylor/smartcommitstest/pull-requests/1');
INSERT INTO AO_E8B6CC_PR_ISSUE_KEY (DOMAIN_ID, ID, ISSUE_KEY, PULL_REQUEST_ID) VALUES (7, 236, 'TEST-2', 236);

INSERT INTO AO_E8B6CC_PULL_REQUEST (AUTHOR, COMMENT_COUNT, CREATED_ON, DESTINATION_BRANCH, DOMAIN_ID, EXECUTED_BY, ID, LAST_STATUS, NAME, REMOTE_ID, SOURCE_BRANCH, SOURCE_REPO, TO_REPOSITORY_ID, UPDATED_ON, URL) VALUES ('GTTaylor', 0, '2015-10-06 10:29:03', 'master', 7, 'GTTaylor', 237, 'OPEN', 'asdf created online with Bitbucket', 1, 'TEST-2-nemo-et-dolore-cum-soluta-qui', 'GTTaylor/smartcommitstest', 7, '2015-10-06 10:29:03', 'https://bitbucket.org/GTTaylor/smartcommitstest/pull-requests/1');
INSERT INTO AO_E8B6CC_PR_ISSUE_KEY (DOMAIN_ID, ID, ISSUE_KEY, PULL_REQUEST_ID) VALUES (7, 237, 'TEST-2', 237);

INSERT INTO AO_E8B6CC_PULL_REQUEST (AUTHOR, COMMENT_COUNT, CREATED_ON, DESTINATION_BRANCH, DOMAIN_ID, EXECUTED_BY, ID, LAST_STATUS, NAME, REMOTE_ID, SOURCE_BRANCH, SOURCE_REPO, TO_REPOSITORY_ID, UPDATED_ON, URL) VALUES ('GTTaylor', 0, '2015-10-06 10:29:03', 'master', 7, 'GTTaylor', 238, 'OPEN', 'asdf created online with Bitbucket', 1, 'TEST-2-nemo-et-dolore-cum-soluta-qui', 'GTTaylor/smartcommitstest', 7, '2015-10-06 10:29:03', 'https://bitbucket.org/GTTaylor/smartcommitstest/pull-requests/1');
INSERT INTO AO_E8B6CC_PR_ISSUE_KEY (DOMAIN_ID, ID, ISSUE_KEY, PULL_REQUEST_ID) VALUES (7, 238, 'TEST-2', 238);

INSERT INTO AO_E8B6CC_PULL_REQUEST (AUTHOR, COMMENT_COUNT, CREATED_ON, DESTINATION_BRANCH, DOMAIN_ID, EXECUTED_BY, ID, LAST_STATUS, NAME, REMOTE_ID, SOURCE_BRANCH, SOURCE_REPO, TO_REPOSITORY_ID, UPDATED_ON, URL) VALUES ('GTTaylor', 0, '2015-10-06 10:29:03', 'master', 7, 'GTTaylor', 239, 'OPEN', 'asdf created online with Bitbucket', 1, 'TEST-2-nemo-et-dolore-cum-soluta-qui', 'GTTaylor/smartcommitstest', 7, '2015-10-06 10:29:03', 'https://bitbucket.org/GTTaylor/smartcommitstest/pull-requests/1');
INSERT INTO AO_E8B6CC_PR_ISSUE_KEY (DOMAIN_ID, ID, ISSUE_KEY, PULL_REQUEST_ID) VALUES (7, 239, 'TEST-2', 239);

INSERT INTO AO_E8B6CC_PULL_REQUEST (AUTHOR, COMMENT_COUNT, CREATED_ON, DESTINATION_BRANCH, DOMAIN_ID, EXECUTED_BY, ID, LAST_STATUS, NAME, REMOTE_ID, SOURCE_BRANCH, SOURCE_REPO, TO_REPOSITORY_ID, UPDATED_ON, URL) VALUES ('GTTaylor', 0, '2015-10-06 10:29:03', 'master', 7, 'GTTaylor', 240, 'OPEN', 'asdf created online with Bitbucket', 1, 'TEST-2-nemo-et-dolore-cum-soluta-qui', 'GTTaylor/smartcommitstest', 7, '2015-10-06 10:29:03', 'https://bitbucket.org/GTTaylor/smartcommitstest/pull-requests/1');
INSERT INTO AO_E8B6CC_PR_ISSUE_KEY (DOMAIN_ID, ID, ISSUE_KEY, PULL_REQUEST_ID) VALUES (7, 240, 'TEST-2', 240);

INSERT INTO AO_E8B6CC_PULL_REQUEST (AUTHOR, COMMENT_COUNT, CREATED_ON, DESTINATION_BRANCH, DOMAIN_ID, EXECUTED_BY, ID, LAST_STATUS, NAME, REMOTE_ID, SOURCE_BRANCH, SOURCE_REPO, TO_REPOSITORY_ID, UPDATED_ON, URL) VALUES ('GTTaylor', 0, '2015-10-06 10:29:03', 'master', 7, 'GTTaylor', 241, 'OPEN', 'asdf created online with Bitbucket', 1, 'TEST-2-nemo-et-dolore-cum-soluta-qui', 'GTTaylor/smartcommitstest', 7, '2015-10-06 10:29:03', 'https://bitbucket.org/GTTaylor/smartcommitstest/pull-requests/1');
INSERT INTO AO_E8B6CC_PR_ISSUE_KEY (DOMAIN_ID, ID, ISSUE_KEY, PULL_REQUEST_ID) VALUES (7, 241, 'TEST-2', 241);

INSERT INTO AO_E8B6CC_PULL_REQUEST (AUTHOR, COMMENT_COUNT, CREATED_ON, DESTINATION_BRANCH, DOMAIN_ID, EXECUTED_BY, ID, LAST_STATUS, NAME, REMOTE_ID, SOURCE_BRANCH, SOURCE_REPO, TO_REPOSITORY_ID, UPDATED_ON, URL) VALUES ('GTTaylor', 0, '2015-10-06 10:29:03', 'master', 7, 'GTTaylor', 242, 'OPEN', 'asdf created online with Bitbucket', 1, 'TEST-2-nemo-et-dolore-cum-soluta-qui', 'GTTaylor/smartcommitstest', 7, '2015-10-06 10:29:03', 'https://bitbucket.org/GTTaylor/smartcommitstest/pull-requests/1');
INSERT INTO AO_E8B6CC_PR_ISSUE_KEY (DOMAIN_ID, ID, ISSUE_KEY, PULL_REQUEST_ID) VALUES (7, 242, 'TEST-2', 242);

INSERT INTO AO_E8B6CC_PULL_REQUEST (AUTHOR, COMMENT_COUNT, CREATED_ON, DESTINATION_BRANCH, DOMAIN_ID, EXECUTED_BY, ID, LAST_STATUS, NAME, REMOTE_ID, SOURCE_BRANCH, SOURCE_REPO, TO_REPOSITORY_ID, UPDATED_ON, URL) VALUES ('GTTaylor', 0, '2015-10-06 10:29:03', 'master', 7, 'GTTaylor', 243, 'OPEN', 'asdf created online with Bitbucket', 1, 'TEST-2-nemo-et-dolore-cum-soluta-qui', 'GTTaylor/smartcommitstest', 7, '2015-10-06 10:29:03', 'https://bitbucket.org/GTTaylor/smartcommitstest/pull-requests/1');
INSERT INTO AO_E8B6CC_PR_ISSUE_KEY (DOMAIN_ID, ID, ISSUE_KEY, PULL_REQUEST_ID) VALUES (7, 243, 'TEST-2', 243);

INSERT INTO AO_E8B6CC_PULL_REQUEST (AUTHOR, COMMENT_COUNT, CREATED_ON, DESTINATION_BRANCH, DOMAIN_ID, EXECUTED_BY, ID, LAST_STATUS, NAME, REMOTE_ID, SOURCE_BRANCH, SOURCE_REPO, TO_REPOSITORY_ID, UPDATED_ON, URL) VALUES ('GTTaylor', 0, '2015-10-06 10:29:03', 'master', 7, 'GTTaylor', 244, 'OPEN', 'asdf created online with Bitbucket', 1, 'TEST-2-nemo-et-dolore-cum-soluta-qui', 'GTTaylor/smartcommitstest', 7, '2015-10-06 10:29:03', 'https://bitbucket.org/GTTaylor/smartcommitstest/pull-requests/1');
INSERT INTO AO_E8B6CC_PR_ISSUE_KEY (DOMAIN_ID, ID, ISSUE_KEY, PULL_REQUEST_ID) VALUES (7, 244, 'TEST-2', 244);

INSERT INTO AO_E8B6CC_PULL_REQUEST (AUTHOR, COMMENT_COUNT, CREATED_ON, DESTINATION_BRANCH, DOMAIN_ID, EXECUTED_BY, ID, LAST_STATUS, NAME, REMOTE_ID, SOURCE_BRANCH, SOURCE_REPO, TO_REPOSITORY_ID, UPDATED_ON, URL) VALUES ('GTTaylor', 0, '2015-10-06 10:29:03', 'master', 7, 'GTTaylor', 245, 'OPEN', 'asdf created online with Bitbucket', 1, 'TEST-2-nemo-et-dolore-cum-soluta-qui', 'GTTaylor/smartcommitstest', 7, '2015-10-06 10:29:03', 'https://bitbucket.org/GTTaylor/smartcommitstest/pull-requests/1');
INSERT INTO AO_E8B6CC_PR_ISSUE_KEY (DOMAIN_ID, ID, ISSUE_KEY, PULL_REQUEST_ID) VALUES (7, 245, 'TEST-2', 245);

INSERT INTO AO_E8B6CC_PULL_REQUEST (AUTHOR, COMMENT_COUNT, CREATED_ON, DESTINATION_BRANCH, DOMAIN_ID, EXECUTED_BY, ID, LAST_STATUS, NAME, REMOTE_ID, SOURCE_BRANCH, SOURCE_REPO, TO_REPOSITORY_ID, UPDATED_ON, URL) VALUES ('GTTaylor', 0, '2015-10-06 10:29:03', 'master', 7, 'GTTaylor', 246, 'OPEN', 'asdf created online with Bitbucket', 1, 'TEST-2-nemo-et-dolore-cum-soluta-qui', 'GTTaylor/smartcommitstest', 7, '2015-10-06 10:29:03', 'https://bitbucket.org/GTTaylor/smartcommitstest/pull-requests/1');
INSERT INTO AO_E8B6CC_PR_ISSUE_KEY (DOMAIN_ID, ID, ISSUE_KEY, PULL_REQUEST_ID) VALUES (7, 246, 'TEST-2', 246);

INSERT INTO AO_E8B6CC_PULL_REQUEST (AUTHOR, COMMENT_COUNT, CREATED_ON, DESTINATION_BRANCH, DOMAIN_ID, EXECUTED_BY, ID, LAST_STATUS, NAME, REMOTE_ID, SOURCE_BRANCH, SOURCE_REPO, TO_REPOSITORY_ID, UPDATED_ON, URL) VALUES ('GTTaylor', 0, '2015-10-06 10:29:03', 'master', 7, 'GTTaylor', 247, 'OPEN', 'asdf created online with Bitbucket', 1, 'TEST-2-nemo-et-dolore-cum-soluta-qui', 'GTTaylor/smartcommitstest', 7, '2015-10-06 10:29:03', 'https://bitbucket.org/GTTaylor/smartcommitstest/pull-requests/1');
INSERT INTO AO_E8B6CC_PR_ISSUE_KEY (DOMAIN_ID, ID, ISSUE_KEY, PULL_REQUEST_ID) VALUES (7, 247, 'TEST-2', 247);

INSERT INTO AO_E8B6CC_PULL_REQUEST (AUTHOR, COMMENT_COUNT, CREATED_ON, DESTINATION_BRANCH, DOMAIN_ID, EXECUTED_BY, ID, LAST_STATUS, NAME, REMOTE_ID, SOURCE_BRANCH, SOURCE_REPO, TO_REPOSITORY_ID, UPDATED_ON, URL) VALUES ('GTTaylor', 0, '2015-10-06 10:29:03', 'master', 7, 'GTTaylor', 248, 'OPEN', 'asdf created online with Bitbucket', 1, 'TEST-2-nemo-et-dolore-cum-soluta-qui', 'GTTaylor/smartcommitstest', 7, '2015-10-06 10:29:03', 'https://bitbucket.org/GTTaylor/smartcommitstest/pull-requests/1');
INSERT INTO AO_E8B6CC_PR_ISSUE_KEY (DOMAIN_ID, ID, ISSUE_KEY, PULL_REQUEST_ID) VALUES (7, 248, 'TEST-2', 248);

INSERT INTO AO_E8B6CC_PULL_REQUEST (AUTHOR, COMMENT_COUNT, CREATED_ON, DESTINATION_BRANCH, DOMAIN_ID, EXECUTED_BY, ID, LAST_STATUS, NAME, REMOTE_ID, SOURCE_BRANCH, SOURCE_REPO, TO_REPOSITORY_ID, UPDATED_ON, URL) VALUES ('GTTaylor', 0, '2015-10-06 10:29:03', 'master', 7, 'GTTaylor', 249, 'OPEN', 'asdf created online with Bitbucket', 1, 'TEST-2-nemo-et-dolore-cum-soluta-qui', 'GTTaylor/smartcommitstest', 7, '2015-10-06 10:29:03', 'https://bitbucket.org/GTTaylor/smartcommitstest/pull-requests/1');
INSERT INTO AO_E8B6CC_PR_ISSUE_KEY (DOMAIN_ID, ID, ISSUE_KEY, PULL_REQUEST_ID) VALUES (7, 249, 'TEST-2', 249);

INSERT INTO AO_E8B6CC_PULL_REQUEST (AUTHOR, COMMENT_COUNT, CREATED_ON, DESTINATION_BRANCH, DOMAIN_ID, EXECUTED_BY, ID, LAST_STATUS, NAME, REMOTE_ID, SOURCE_BRANCH, SOURCE_REPO, TO_REPOSITORY_ID, UPDATED_ON, URL) VALUES ('GTTaylor', 0, '2015-10-06 10:29:03', 'master', 7, 'GTTaylor', 250, 'OPEN', 'asdf created online with Bitbucket', 1, 'TEST-2-nemo-et-dolore-cum-soluta-qui', 'GTTaylor/smartcommitstest', 7, '2015-10-06 10:29:03', 'https://bitbucket.org/GTTaylor/smartcommitstest/pull-requests/1');
INSERT INTO AO_E8B6CC_PR_ISSUE_KEY (DOMAIN_ID, ID, ISSUE_KEY, PULL_REQUEST_ID) VALUES (7, 250, 'TEST-2', 250);

INSERT INTO AO_E8B6CC_PULL_REQUEST (AUTHOR, COMMENT_COUNT, CREATED_ON, DESTINATION_BRANCH, DOMAIN_ID, EXECUTED_BY, ID, LAST_STATUS, NAME, REMOTE_ID, SOURCE_BRANCH, SOURCE_REPO, TO_REPOSITORY_ID, UPDATED_ON, URL) VALUES ('GTTaylor', 0, '2015-10-06 10:29:03', 'master', 7, 'GTTaylor', 251, 'OPEN', 'asdf created online with Bitbucket', 1, 'TEST-2-nemo-et-dolore-cum-soluta-qui', 'GTTaylor/smartcommitstest', 7, '2015-10-06 10:29:03', 'https://bitbucket.org/GTTaylor/smartcommitstest/pull-requests/1');
INSERT INTO AO_E8B6CC_PR_ISSUE_KEY (DOMAIN_ID, ID, ISSUE_KEY, PULL_REQUEST_ID) VALUES (7, 251, 'TEST-2', 251);

INSERT INTO AO_E8B6CC_PULL_REQUEST (AUTHOR, COMMENT_COUNT, CREATED_ON, DESTINATION_BRANCH, DOMAIN_ID, EXECUTED_BY, ID, LAST_STATUS, NAME, REMOTE_ID, SOURCE_BRANCH, SOURCE_REPO, TO_REPOSITORY_ID, UPDATED_ON, URL) VALUES ('GTTaylor', 0, '2015-10-06 10:29:03', 'master', 7, 'GTTaylor', 252, 'OPEN', 'asdf created online with Bitbucket', 1, 'TEST-2-nemo-et-dolore-cum-soluta-qui', 'GTTaylor/smartcommitstest', 7, '2015-10-06 10:29:03', 'https://bitbucket.org/GTTaylor/smartcommitstest/pull-requests/1');
INSERT INTO AO_E8B6CC_PR_ISSUE_KEY (DOMAIN_ID, ID, ISSUE_KEY, PULL_REQUEST_ID) VALUES (7, 252, 'TEST-2', 252);

INSERT INTO AO_E8B6CC_PULL_REQUEST (AUTHOR, COMMENT_COUNT, CREATED_ON, DESTINATION_BRANCH, DOMAIN_ID, EXECUTED_BY, ID, LAST_STATUS, NAME, REMOTE_ID, SOURCE_BRANCH, SOURCE_REPO, TO_REPOSITORY_ID, UPDATED_ON, URL) VALUES ('GTTaylor', 0, '2015-10-06 10:29:03', 'master', 7, 'GTTaylor', 253, 'OPEN', 'asdf created online with Bitbucket', 1, 'TEST-2-nemo-et-dolore-cum-soluta-qui', 'GTTaylor/smartcommitstest', 7, '2015-10-06 10:29:03', 'https://bitbucket.org/GTTaylor/smartcommitstest/pull-requests/1');
INSERT INTO AO_E8B6CC_PR_ISSUE_KEY (DOMAIN_ID, ID, ISSUE_KEY, PULL_REQUEST_ID) VALUES (7, 253, 'TEST-2', 253);

INSERT INTO AO_E8B6CC_PULL_REQUEST (AUTHOR, COMMENT_COUNT, CREATED_ON, DESTINATION_BRANCH, DOMAIN_ID, EXECUTED_BY, ID, LAST_STATUS, NAME, REMOTE_ID, SOURCE_BRANCH, SOURCE_REPO, TO_REPOSITORY_ID, UPDATED_ON, URL) VALUES ('GTTaylor', 0, '2015-10-06 10:29:03', 'master', 7, 'GTTaylor', 254, 'OPEN', 'asdf created online with Bitbucket', 1, 'TEST-2-nemo-et-dolore-cum-soluta-qui', 'GTTaylor/smartcommitstest', 7, '2015-10-06 10:29:03', 'https://bitbucket.org/GTTaylor/smartcommitstest/pull-requests/1');
INSERT INTO AO_E8B6CC_PR_ISSUE_KEY (DOMAIN_ID, ID, ISSUE_KEY, PULL_REQUEST_ID) VALUES (7, 254, 'TEST-2', 254);

INSERT INTO AO_E8B6CC_PULL_REQUEST (AUTHOR, COMMENT_COUNT, CREATED_ON, DESTINATION_BRANCH, DOMAIN_ID, EXECUTED_BY, ID, LAST_STATUS, NAME, REMOTE_ID, SOURCE_BRANCH, SOURCE_REPO, TO_REPOSITORY_ID, UPDATED_ON, URL) VALUES ('GTTaylor', 0, '2015-10-06 10:29:03', 'master', 7, 'GTTaylor', 255, 'OPEN', 'asdf created online with Bitbucket', 1, 'TEST-2-nemo-et-dolore-cum-soluta-qui', 'GTTaylor/smartcommitstest', 7, '2015-10-06 10:29:03', 'https://bitbucket.org/GTTaylor/smartcommitstest/pull-requests/1');
INSERT INTO AO_E8B6CC_PR_ISSUE_KEY (DOMAIN_ID, ID, ISSUE_KEY, PULL_REQUEST_ID) VALUES (7, 255, 'TEST-2', 255);

INSERT INTO AO_E8B6CC_PULL_REQUEST (AUTHOR, COMMENT_COUNT, CREATED_ON, DESTINATION_BRANCH, DOMAIN_ID, EXECUTED_BY, ID, LAST_STATUS, NAME, REMOTE_ID, SOURCE_BRANCH, SOURCE_REPO, TO_REPOSITORY_ID, UPDATED_ON, URL) VALUES ('GTTaylor', 0, '2015-10-06 10:29:03', 'master', 7, 'GTTaylor', 256, 'OPEN', 'asdf created online with Bitbucket', 1, 'TEST-2-nemo-et-dolore-cum-soluta-qui', 'GTTaylor/smartcommitstest', 7, '2015-10-06 10:29:03', 'https://bitbucket.org/GTTaylor/smartcommitstest/pull-requests/1');
INSERT INTO AO_E8B6CC_PR_ISSUE_KEY (DOMAIN_ID, ID, ISSUE_KEY, PULL_REQUEST_ID) VALUES (7, 256, 'TEST-2', 256);

INSERT INTO AO_E8B6CC_PULL_REQUEST (AUTHOR, COMMENT_COUNT, CREATED_ON, DESTINATION_BRANCH, DOMAIN_ID, EXECUTED_BY, ID, LAST_STATUS, NAME, REMOTE_ID, SOURCE_BRANCH, SOURCE_REPO, TO_REPOSITORY_ID, UPDATED_ON, URL) VALUES ('GTTaylor', 0, '2015-10-06 10:29:03', 'master', 7, 'GTTaylor', 257, 'OPEN', 'asdf created online with Bitbucket', 1, 'TEST-2-nemo-et-dolore-cum-soluta-qui', 'GTTaylor/smartcommitstest', 7, '2015-10-06 10:29:03', 'https://bitbucket.org/GTTaylor/smartcommitstest/pull-requests/1');
INSERT INTO AO_E8B6CC_PR_ISSUE_KEY (DOMAIN_ID, ID, ISSUE_KEY, PULL_REQUEST_ID) VALUES (7, 257, 'TEST-2', 257);

INSERT INTO AO_E8B6CC_PULL_REQUEST (AUTHOR, COMMENT_COUNT, CREATED_ON, DESTINATION_BRANCH, DOMAIN_ID, EXECUTED_BY, ID, LAST_STATUS, NAME, REMOTE_ID, SOURCE_BRANCH, SOURCE_REPO, TO_REPOSITORY_ID, UPDATED_ON, URL) VALUES ('GTTaylor', 0, '2015-10-06 10:29:03', 'master', 7, 'GTTaylor', 258, 'OPEN', 'asdf created online with Bitbucket', 1, 'TEST-2-nemo-et-dolore-cum-soluta-qui', 'GTTaylor/smartcommitstest', 7, '2015-10-06 10:29:03', 'https://bitbucket.org/GTTaylor/smartcommitstest/pull-requests/1');
INSERT INTO AO_E8B6CC_PR_ISSUE_KEY (DOMAIN_ID, ID, ISSUE_KEY, PULL_REQUEST_ID) VALUES (7, 258, 'TEST-2', 258);

INSERT INTO AO_E8B6CC_PULL_REQUEST (AUTHOR, COMMENT_COUNT, CREATED_ON, DESTINATION_BRANCH, DOMAIN_ID, EXECUTED_BY, ID, LAST_STATUS, NAME, REMOTE_ID, SOURCE_BRANCH, SOURCE_REPO, TO_REPOSITORY_ID, UPDATED_ON, URL) VALUES ('GTTaylor', 0, '2015-10-06 10:29:03', 'master', 7, 'GTTaylor', 259, 'OPEN', 'asdf created online with Bitbucket', 1, 'TEST-2-nemo-et-dolore-cum-soluta-qui', 'GTTaylor/smartcommitstest', 7, '2015-10-06 10:29:03', 'https://bitbucket.org/GTTaylor/smartcommitstest/pull-requests/1');
INSERT INTO AO_E8B6CC_PR_ISSUE_KEY (DOMAIN_ID, ID, ISSUE_KEY, PULL_REQUEST_ID) VALUES (7, 259, 'TEST-2', 259);

INSERT INTO AO_E8B6CC_PULL_REQUEST (AUTHOR, COMMENT_COUNT, CREATED_ON, DESTINATION_BRANCH, DOMAIN_ID, EXECUTED_BY, ID, LAST_STATUS, NAME, REMOTE_ID, SOURCE_BRANCH, SOURCE_REPO, TO_REPOSITORY_ID, UPDATED_ON, URL) VALUES ('GTTaylor', 0, '2015-10-06 10:29:03', 'master', 7, 'GTTaylor', 260, 'OPEN', 'asdf created online with Bitbucket', 1, 'TEST-2-nemo-et-dolore-cum-soluta-qui', 'GTTaylor/smartcommitstest', 7, '2015-10-06 10:29:03', 'https://bitbucket.org/GTTaylor/smartcommitstest/pull-requests/1');
INSERT INTO AO_E8B6CC_PR_ISSUE_KEY (DOMAIN_ID, ID, ISSUE_KEY, PULL_REQUEST_ID) VALUES (7, 260, 'TEST-2', 260);

INSERT INTO AO_E8B6CC_PULL_REQUEST (AUTHOR, COMMENT_COUNT, CREATED_ON, DESTINATION_BRANCH, DOMAIN_ID, EXECUTED_BY, ID, LAST_STATUS, NAME, REMOTE_ID, SOURCE_BRANCH, SOURCE_REPO, TO_REPOSITORY_ID, UPDATED_ON, URL) VALUES ('GTTaylor', 0, '2015-10-06 10:29:03', 'master', 7, 'GTTaylor', 261, 'OPEN', 'asdf created online with Bitbucket', 1, 'TEST-2-nemo-et-dolore-cum-soluta-qui', 'GTTaylor/smartcommitstest', 7, '2015-10-06 10:29:03', 'https://bitbucket.org/GTTaylor/smartcommitstest/pull-requests/1');
INSERT INTO AO_E8B6CC_PR_ISSUE_KEY (DOMAIN_ID, ID, ISSUE_KEY, PULL_REQUEST_ID) VALUES (7, 261, 'TEST-2', 261);

INSERT INTO AO_E8B6CC_PULL_REQUEST (AUTHOR, COMMENT_COUNT, CREATED_ON, DESTINATION_BRANCH, DOMAIN_ID, EXECUTED_BY, ID, LAST_STATUS, NAME, REMOTE_ID, SOURCE_BRANCH, SOURCE_REPO, TO_REPOSITORY_ID, UPDATED_ON, URL) VALUES ('GTTaylor', 0, '2015-10-06 10:29:03', 'master', 7, 'GTTaylor', 262, 'OPEN', 'asdf created online with Bitbucket', 1, 'TEST-2-nemo-et-dolore-cum-soluta-qui', 'GTTaylor/smartcommitstest', 7, '2015-10-06 10:29:03', 'https://bitbucket.org/GTTaylor/smartcommitstest/pull-requests/1');
INSERT INTO AO_E8B6CC_PR_ISSUE_KEY (DOMAIN_ID, ID, ISSUE_KEY, PULL_REQUEST_ID) VALUES (7, 262, 'TEST-2', 262);

INSERT INTO AO_E8B6CC_PULL_REQUEST (AUTHOR, COMMENT_COUNT, CREATED_ON, DESTINATION_BRANCH, DOMAIN_ID, EXECUTED_BY, ID, LAST_STATUS, NAME, REMOTE_ID, SOURCE_BRANCH, SOURCE_REPO, TO_REPOSITORY_ID, UPDATED_ON, URL) VALUES ('GTTaylor', 0, '2015-10-06 10:29:03', 'master', 7, 'GTTaylor', 263, 'OPEN', 'asdf created online with Bitbucket', 1, 'TEST-2-nemo-et-dolore-cum-soluta-qui', 'GTTaylor/smartcommitstest', 7, '2015-10-06 10:29:03', 'https://bitbucket.org/GTTaylor/smartcommitstest/pull-requests/1');
INSERT INTO AO_E8B6CC_PR_ISSUE_KEY (DOMAIN_ID, ID, ISSUE_KEY, PULL_REQUEST_ID) VALUES (7, 263, 'TEST-2', 263);

INSERT INTO AO_E8B6CC_PULL_REQUEST (AUTHOR, COMMENT_COUNT, CREATED_ON, DESTINATION_BRANCH, DOMAIN_ID, EXECUTED_BY, ID, LAST_STATUS, NAME, REMOTE_ID, SOURCE_BRANCH, SOURCE_REPO, TO_REPOSITORY_ID, UPDATED_ON, URL) VALUES ('GTTaylor', 0, '2015-10-06 10:29:03', 'master', 7, 'GTTaylor', 264, 'OPEN', 'asdf created online with Bitbucket', 1, 'TEST-2-nemo-et-dolore-cum-soluta-qui', 'GTTaylor/smartcommitstest', 7, '2015-10-06 10:29:03', 'https://bitbucket.org/GTTaylor/smartcommitstest/pull-requests/1');
INSERT INTO AO_E8B6CC_PR_ISSUE_KEY (DOMAIN_ID, ID, ISSUE_KEY, PULL_REQUEST_ID) VALUES (7, 264, 'TEST-2', 264);

INSERT INTO AO_E8B6CC_PULL_REQUEST (AUTHOR, COMMENT_COUNT, CREATED_ON, DESTINATION_BRANCH, DOMAIN_ID, EXECUTED_BY, ID, LAST_STATUS, NAME, REMOTE_ID, SOURCE_BRANCH, SOURCE_REPO, TO_REPOSITORY_ID, UPDATED_ON, URL) VALUES ('GTTaylor', 0, '2015-10-06 10:29:03', 'master', 7, 'GTTaylor', 265, 'OPEN', 'asdf created online with Bitbucket', 1, 'TEST-2-nemo-et-dolore-cum-soluta-qui', 'GTTaylor/smartcommitstest', 7, '2015-10-06 10:29:03', 'https://bitbucket.org/GTTaylor/smartcommitstest/pull-requests/1');
INSERT INTO AO_E8B6CC_PR_ISSUE_KEY (DOMAIN_ID, ID, ISSUE_KEY, PULL_REQUEST_ID) VALUES (7, 265, 'TEST-2', 265);

INSERT INTO AO_E8B6CC_PULL_REQUEST (AUTHOR, COMMENT_COUNT, CREATED_ON, DESTINATION_BRANCH, DOMAIN_ID, EXECUTED_BY, ID, LAST_STATUS, NAME, REMOTE_ID, SOURCE_BRANCH, SOURCE_REPO, TO_REPOSITORY_ID, UPDATED_ON, URL) VALUES ('GTTaylor', 0, '2015-10-06 10:29:03', 'master', 7, 'GTTaylor', 266, 'OPEN', 'asdf created online with Bitbucket', 1, 'TEST-2-nemo-et-dolore-cum-soluta-qui', 'GTTaylor/smartcommitstest', 7, '2015-10-06 10:29:03', 'https://bitbucket.org/GTTaylor/smartcommitstest/pull-requests/1');
INSERT INTO AO_E8B6CC_PR_ISSUE_KEY (DOMAIN_ID, ID, ISSUE_KEY, PULL_REQUEST_ID) VALUES (7, 266, 'TEST-2', 266);

INSERT INTO AO_E8B6CC_PULL_REQUEST (AUTHOR, COMMENT_COUNT, CREATED_ON, DESTINATION_BRANCH, DOMAIN_ID, EXECUTED_BY, ID, LAST_STATUS, NAME, REMOTE_ID, SOURCE_BRANCH, SOURCE_REPO, TO_REPOSITORY_ID, UPDATED_ON, URL) VALUES ('GTTaylor', 0, '2015-10-06 10:29:03', 'master', 7, 'GTTaylor', 267, 'OPEN', 'asdf created online with Bitbucket', 1, 'TEST-2-nemo-et-dolore-cum-soluta-qui', 'GTTaylor/smartcommitstest', 7, '2015-10-06 10:29:03', 'https://bitbucket.org/GTTaylor/smartcommitstest/pull-requests/1');
INSERT INTO AO_E8B6CC_PR_ISSUE_KEY (DOMAIN_ID, ID, ISSUE_KEY, PULL_REQUEST_ID) VALUES (7, 267, 'TEST-2', 267);

INSERT INTO AO_E8B6CC_PULL_REQUEST (AUTHOR, COMMENT_COUNT, CREATED_ON, DESTINATION_BRANCH, DOMAIN_ID, EXECUTED_BY, ID, LAST_STATUS, NAME, REMOTE_ID, SOURCE_BRANCH, SOURCE_REPO, TO_REPOSITORY_ID, UPDATED_ON, URL) VALUES ('GTTaylor', 0, '2015-10-06 10:29:03', 'master', 7, 'GTTaylor', 268, 'OPEN', 'asdf created online with Bitbucket', 1, 'TEST-2-nemo-et-dolore-cum-soluta-qui', 'GTTaylor/smartcommitstest', 7, '2015-10-06 10:29:03', 'https://bitbucket.org/GTTaylor/smartcommitstest/pull-requests/1');
INSERT INTO AO_E8B6CC_PR_ISSUE_KEY (DOMAIN_ID, ID, ISSUE_KEY, PULL_REQUEST_ID) VALUES (7, 268, 'TEST-2', 268);

INSERT INTO AO_E8B6CC_PULL_REQUEST (AUTHOR, COMMENT_COUNT, CREATED_ON, DESTINATION_BRANCH, DOMAIN_ID, EXECUTED_BY, ID, LAST_STATUS, NAME, REMOTE_ID, SOURCE_BRANCH, SOURCE_REPO, TO_REPOSITORY_ID, UPDATED_ON, URL) VALUES ('GTTaylor', 0, '2015-10-06 10:29:03', 'master', 7, 'GTTaylor', 269, 'OPEN', 'asdf created online with Bitbucket', 1, 'TEST-2-nemo-et-dolore-cum-soluta-qui', 'GTTaylor/smartcommitstest', 7, '2015-10-06 10:29:03', 'https://bitbucket.org/GTTaylor/smartcommitstest/pull-requests/1');
INSERT INTO AO_E8B6CC_PR_ISSUE_KEY (DOMAIN_ID, ID, ISSUE_KEY, PULL_REQUEST_ID) VALUES (7, 269, 'TEST-2', 269);

INSERT INTO AO_E8B6CC_PULL_REQUEST (AUTHOR, COMMENT_COUNT, CREATED_ON, DESTINATION_BRANCH, DOMAIN_ID, EXECUTED_BY, ID, LAST_STATUS, NAME, REMOTE_ID, SOURCE_BRANCH, SOURCE_REPO, TO_REPOSITORY_ID, UPDATED_ON, URL) VALUES ('GTTaylor', 0, '2015-10-06 10:29:03', 'master', 7, 'GTTaylor', 270, 'OPEN', 'asdf created online with Bitbucket', 1, 'TEST-2-nemo-et-dolore-cum-soluta-qui', 'GTTaylor/smartcommitstest', 7, '2015-10-06 10:29:03', 'https://bitbucket.org/GTTaylor/smartcommitstest/pull-requests/1');
INSERT INTO AO_E8B6CC_PR_ISSUE_KEY (DOMAIN_ID, ID, ISSUE_KEY, PULL_REQUEST_ID) VALUES (7, 270, 'TEST-2', 270);

INSERT INTO AO_E8B6CC_PULL_REQUEST (AUTHOR, COMMENT_COUNT, CREATED_ON, DESTINATION_BRANCH, DOMAIN_ID, EXECUTED_BY, ID, LAST_STATUS, NAME, REMOTE_ID, SOURCE_BRANCH, SOURCE_REPO, TO_REPOSITORY_ID, UPDATED_ON, URL) VALUES ('GTTaylor', 0, '2015-10-06 10:29:03', 'master', 7, 'GTTaylor', 271, 'OPEN', 'asdf created online with Bitbucket', 1, 'TEST-2-nemo-et-dolore-cum-soluta-qui', 'GTTaylor/smartcommitstest', 7, '2015-10-06 10:29:03', 'https://bitbucket.org/GTTaylor/smartcommitstest/pull-requests/1');
INSERT INTO AO_E8B6CC_PR_ISSUE_KEY (DOMAIN_ID, ID, ISSUE_KEY, PULL_REQUEST_ID) VALUES (7, 271, 'TEST-2', 271);

INSERT INTO AO_E8B6CC_PULL_REQUEST (AUTHOR, COMMENT_COUNT, CREATED_ON, DESTINATION_BRANCH, DOMAIN_ID, EXECUTED_BY, ID, LAST_STATUS, NAME, REMOTE_ID, SOURCE_BRANCH, SOURCE_REPO, TO_REPOSITORY_ID, UPDATED_ON, URL) VALUES ('GTTaylor', 0, '2015-10-06 10:29:03', 'master', 7, 'GTTaylor', 272, 'OPEN', 'asdf created online with Bitbucket', 1, 'TEST-2-nemo-et-dolore-cum-soluta-qui', 'GTTaylor/smartcommitstest', 7, '2015-10-06 10:29:03', 'https://bitbucket.org/GTTaylor/smartcommitstest/pull-requests/1');
INSERT INTO AO_E8B6CC_PR_ISSUE_KEY (DOMAIN_ID, ID, ISSUE_KEY, PULL_REQUEST_ID) VALUES (7, 272, 'TEST-2', 272);

INSERT INTO AO_E8B6CC_PULL_REQUEST (AUTHOR, COMMENT_COUNT, CREATED_ON, DESTINATION_BRANCH, DOMAIN_ID, EXECUTED_BY, ID, LAST_STATUS, NAME, REMOTE_ID, SOURCE_BRANCH, SOURCE_REPO, TO_REPOSITORY_ID, UPDATED_ON, URL) VALUES ('GTTaylor', 0, '2015-10-06 10:29:03', 'master', 7, 'GTTaylor', 273, 'OPEN', 'asdf created online with Bitbucket', 1, 'TEST-2-nemo-et-dolore-cum-soluta-qui', 'GTTaylor/smartcommitstest', 7, '2015-10-06 10:29:03', 'https://bitbucket.org/GTTaylor/smartcommitstest/pull-requests/1');
INSERT INTO AO_E8B6CC_PR_ISSUE_KEY (DOMAIN_ID, ID, ISSUE_KEY, PULL_REQUEST_ID) VALUES (7, 273, 'TEST-2', 273);

INSERT INTO AO_E8B6CC_PULL_REQUEST (AUTHOR, COMMENT_COUNT, CREATED_ON, DESTINATION_BRANCH, DOMAIN_ID, EXECUTED_BY, ID, LAST_STATUS, NAME, REMOTE_ID, SOURCE_BRANCH, SOURCE_REPO, TO_REPOSITORY_ID, UPDATED_ON, URL) VALUES ('GTTaylor', 0, '2015-10-06 10:29:03', 'master', 7, 'GTTaylor', 274, 'OPEN', 'asdf created online with Bitbucket', 1, 'TEST-2-nemo-et-dolore-cum-soluta-qui', 'GTTaylor/smartcommitstest', 7, '2015-10-06 10:29:03', 'https://bitbucket.org/GTTaylor/smartcommitstest/pull-requests/1');
INSERT INTO AO_E8B6CC_PR_ISSUE_KEY (DOMAIN_ID, ID, ISSUE_KEY, PULL_REQUEST_ID) VALUES (7, 274, 'TEST-2', 274);

INSERT INTO AO_E8B6CC_PULL_REQUEST (AUTHOR, COMMENT_COUNT, CREATED_ON, DESTINATION_BRANCH, DOMAIN_ID, EXECUTED_BY, ID, LAST_STATUS, NAME, REMOTE_ID, SOURCE_BRANCH, SOURCE_REPO, TO_REPOSITORY_ID, UPDATED_ON, URL) VALUES ('GTTaylor', 0, '2015-10-06 10:29:03', 'master', 7, 'GTTaylor', 275, 'OPEN', 'asdf created online with Bitbucket', 1, 'TEST-2-nemo-et-dolore-cum-soluta-qui', 'GTTaylor/smartcommitstest', 7, '2015-10-06 10:29:03', 'https://bitbucket.org/GTTaylor/smartcommitstest/pull-requests/1');
INSERT INTO AO_E8B6CC_PR_ISSUE_KEY (DOMAIN_ID, ID, ISSUE_KEY, PULL_REQUEST_ID) VALUES (7, 275, 'TEST-2', 275);

INSERT INTO AO_E8B6CC_PULL_REQUEST (AUTHOR, COMMENT_COUNT, CREATED_ON, DESTINATION_BRANCH, DOMAIN_ID, EXECUTED_BY, ID, LAST_STATUS, NAME, REMOTE_ID, SOURCE_BRANCH, SOURCE_REPO, TO_REPOSITORY_ID, UPDATED_ON, URL) VALUES ('GTTaylor', 0, '2015-10-06 10:29:03', 'master', 7, 'GTTaylor', 276, 'OPEN', 'asdf created online with Bitbucket', 1, 'TEST-2-nemo-et-dolore-cum-soluta-qui', 'GTTaylor/smartcommitstest', 7, '2015-10-06 10:29:03', 'https://bitbucket.org/GTTaylor/smartcommitstest/pull-requests/1');
INSERT INTO AO_E8B6CC_PR_ISSUE_KEY (DOMAIN_ID, ID, ISSUE_KEY, PULL_REQUEST_ID) VALUES (7, 276, 'TEST-2', 276);

INSERT INTO AO_E8B6CC_PULL_REQUEST (AUTHOR, COMMENT_COUNT, CREATED_ON, DESTINATION_BRANCH, DOMAIN_ID, EXECUTED_BY, ID, LAST_STATUS, NAME, REMOTE_ID, SOURCE_BRANCH, SOURCE_REPO, TO_REPOSITORY_ID, UPDATED_ON, URL) VALUES ('GTTaylor', 0, '2015-10-06 10:29:03', 'master', 7, 'GTTaylor', 277, 'OPEN', 'asdf created online with Bitbucket', 1, 'TEST-2-nemo-et-dolore-cum-soluta-qui', 'GTTaylor/smartcommitstest', 7, '2015-10-06 10:29:03', 'https://bitbucket.org/GTTaylor/smartcommitstest/pull-requests/1');
INSERT INTO AO_E8B6CC_PR_ISSUE_KEY (DOMAIN_ID, ID, ISSUE_KEY, PULL_REQUEST_ID) VALUES (7, 277, 'TEST-2', 277);

INSERT INTO AO_E8B6CC_PULL_REQUEST (AUTHOR, COMMENT_COUNT, CREATED_ON, DESTINATION_BRANCH, DOMAIN_ID, EXECUTED_BY, ID, LAST_STATUS, NAME, REMOTE_ID, SOURCE_BRANCH, SOURCE_REPO, TO_REPOSITORY_ID, UPDATED_ON, URL) VALUES ('GTTaylor', 0, '2015-10-06 10:29:03', 'master', 7, 'GTTaylor', 278, 'OPEN', 'asdf created online with Bitbucket', 1, 'TEST-2-nemo-et-dolore-cum-soluta-qui', 'GTTaylor/smartcommitstest', 7, '2015-10-06 10:29:03', 'https://bitbucket.org/GTTaylor/smartcommitstest/pull-requests/1');
INSERT INTO AO_E8B6CC_PR_ISSUE_KEY (DOMAIN_ID, ID, ISSUE_KEY, PULL_REQUEST_ID) VALUES (7, 278, 'TEST-2', 278);

INSERT INTO AO_E8B6CC_PULL_REQUEST (AUTHOR, COMMENT_COUNT, CREATED_ON, DESTINATION_BRANCH, DOMAIN_ID, EXECUTED_BY, ID, LAST_STATUS, NAME, REMOTE_ID, SOURCE_BRANCH, SOURCE_REPO, TO_REPOSITORY_ID, UPDATED_ON, URL) VALUES ('GTTaylor', 0, '2015-10-06 10:29:03', 'master', 7, 'GTTaylor', 279, 'OPEN', 'asdf created online with Bitbucket', 1, 'TEST-2-nemo-et-dolore-cum-soluta-qui', 'GTTaylor/smartcommitstest', 7, '2015-10-06 10:29:03', 'https://bitbucket.org/GTTaylor/smartcommitstest/pull-requests/1');
INSERT INTO AO_E8B6CC_PR_ISSUE_KEY (DOMAIN_ID, ID, ISSUE_KEY, PULL_REQUEST_ID) VALUES (7, 279, 'TEST-2', 279);

INSERT INTO AO_E8B6CC_PULL_REQUEST (AUTHOR, COMMENT_COUNT, CREATED_ON, DESTINATION_BRANCH, DOMAIN_ID, EXECUTED_BY, ID, LAST_STATUS, NAME, REMOTE_ID, SOURCE_BRANCH, SOURCE_REPO, TO_REPOSITORY_ID, UPDATED_ON, URL) VALUES ('GTTaylor', 0, '2015-10-06 10:29:03', 'master', 7, 'GTTaylor', 280, 'OPEN', 'asdf created online with Bitbucket', 1, 'TEST-2-nemo-et-dolore-cum-soluta-qui', 'GTTaylor/smartcommitstest', 7, '2015-10-06 10:29:03', 'https://bitbucket.org/GTTaylor/smartcommitstest/pull-requests/1');
INSERT INTO AO_E8B6CC_PR_ISSUE_KEY (DOMAIN_ID, ID, ISSUE_KEY, PULL_REQUEST_ID) VALUES (7, 280, 'TEST-2', 280);

INSERT INTO AO_E8B6CC_PULL_REQUEST (AUTHOR, COMMENT_COUNT, CREATED_ON, DESTINATION_BRANCH, DOMAIN_ID, EXECUTED_BY, ID, LAST_STATUS, NAME, REMOTE_ID, SOURCE_BRANCH, SOURCE_REPO, TO_REPOSITORY_ID, UPDATED_ON, URL) VALUES ('GTTaylor', 0, '2015-10-06 10:29:03', 'master', 7, 'GTTaylor', 281, 'OPEN', 'asdf created online with Bitbucket', 1, 'TEST-2-nemo-et-dolore-cum-soluta-qui', 'GTTaylor/smartcommitstest', 7, '2015-10-06 10:29:03', 'https://bitbucket.org/GTTaylor/smartcommitstest/pull-requests/1');
INSERT INTO AO_E8B6CC_PR_ISSUE_KEY (DOMAIN_ID, ID, ISSUE_KEY, PULL_REQUEST_ID) VALUES (7, 281, 'TEST-2', 281);

INSERT INTO AO_E8B6CC_PULL_REQUEST (AUTHOR, COMMENT_COUNT, CREATED_ON, DESTINATION_BRANCH, DOMAIN_ID, EXECUTED_BY, ID, LAST_STATUS, NAME, REMOTE_ID, SOURCE_BRANCH, SOURCE_REPO, TO_REPOSITORY_ID, UPDATED_ON, URL) VALUES ('GTTaylor', 0, '2015-10-06 10:29:03', 'master', 7, 'GTTaylor', 282, 'OPEN', 'asdf created online with Bitbucket', 1, 'TEST-2-nemo-et-dolore-cum-soluta-qui', 'GTTaylor/smartcommitstest', 7, '2015-10-06 10:29:03', 'https://bitbucket.org/GTTaylor/smartcommitstest/pull-requests/1');
INSERT INTO AO_E8B6CC_PR_ISSUE_KEY (DOMAIN_ID, ID, ISSUE_KEY, PULL_REQUEST_ID) VALUES (7, 282, 'TEST-2', 282);

INSERT INTO AO_E8B6CC_PULL_REQUEST (AUTHOR, COMMENT_COUNT, CREATED_ON, DESTINATION_BRANCH, DOMAIN_ID, EXECUTED_BY, ID, LAST_STATUS, NAME, REMOTE_ID, SOURCE_BRANCH, SOURCE_REPO, TO_REPOSITORY_ID, UPDATED_ON, URL) VALUES ('GTTaylor', 0, '2015-10-06 10:29:03', 'master', 7, 'GTTaylor', 283, 'OPEN', 'asdf created online with Bitbucket', 1, 'TEST-2-nemo-et-dolore-cum-soluta-qui', 'GTTaylor/smartcommitstest', 7, '2015-10-06 10:29:03', 'https://bitbucket.org/GTTaylor/smartcommitstest/pull-requests/1');
INSERT INTO AO_E8B6CC_PR_ISSUE_KEY (DOMAIN_ID, ID, ISSUE_KEY, PULL_REQUEST_ID) VALUES (7, 283, 'TEST-2', 283);

INSERT INTO AO_E8B6CC_PULL_REQUEST (AUTHOR, COMMENT_COUNT, CREATED_ON, DESTINATION_BRANCH, DOMAIN_ID, EXECUTED_BY, ID, LAST_STATUS, NAME, REMOTE_ID, SOURCE_BRANCH, SOURCE_REPO, TO_REPOSITORY_ID, UPDATED_ON, URL) VALUES ('GTTaylor', 0, '2015-10-06 10:29:03', 'master', 7, 'GTTaylor', 284, 'OPEN', 'asdf created online with Bitbucket', 1, 'TEST-2-nemo-et-dolore-cum-soluta-qui', 'GTTaylor/smartcommitstest', 7, '2015-10-06 10:29:03', 'https://bitbucket.org/GTTaylor/smartcommitstest/pull-requests/1');
INSERT INTO AO_E8B6CC_PR_ISSUE_KEY (DOMAIN_ID, ID, ISSUE_KEY, PULL_REQUEST_ID) VALUES (7, 284, 'TEST-2', 284);

INSERT INTO AO_E8B6CC_PULL_REQUEST (AUTHOR, COMMENT_COUNT, CREATED_ON, DESTINATION_BRANCH, DOMAIN_ID, EXECUTED_BY, ID, LAST_STATUS, NAME, REMOTE_ID, SOURCE_BRANCH, SOURCE_REPO, TO_REPOSITORY_ID, UPDATED_ON, URL) VALUES ('GTTaylor', 0, '2015-10-06 10:29:03', 'master', 7, 'GTTaylor', 285, 'OPEN', 'asdf created online with Bitbucket', 1, 'TEST-2-nemo-et-dolore-cum-soluta-qui', 'GTTaylor/smartcommitstest', 7, '2015-10-06 10:29:03', 'https://bitbucket.org/GTTaylor/smartcommitstest/pull-requests/1');
INSERT INTO AO_E8B6CC_PR_ISSUE_KEY (DOMAIN_ID, ID, ISSUE_KEY, PULL_REQUEST_ID) VALUES (7, 285, 'TEST-2', 285);

INSERT INTO AO_E8B6CC_PULL_REQUEST (AUTHOR, COMMENT_COUNT, CREATED_ON, DESTINATION_BRANCH, DOMAIN_ID, EXECUTED_BY, ID, LAST_STATUS, NAME, REMOTE_ID, SOURCE_BRANCH, SOURCE_REPO, TO_REPOSITORY_ID, UPDATED_ON, URL) VALUES ('GTTaylor', 0, '2015-10-06 10:29:03', 'master', 7, 'GTTaylor', 286, 'OPEN', 'asdf created online with Bitbucket', 1, 'TEST-2-nemo-et-dolore-cum-soluta-qui', 'GTTaylor/smartcommitstest', 7, '2015-10-06 10:29:03', 'https://bitbucket.org/GTTaylor/smartcommitstest/pull-requests/1');
INSERT INTO AO_E8B6CC_PR_ISSUE_KEY (DOMAIN_ID, ID, ISSUE_KEY, PULL_REQUEST_ID) VALUES (7, 286, 'TEST-2', 286);

INSERT INTO AO_E8B6CC_PULL_REQUEST (AUTHOR, COMMENT_COUNT, CREATED_ON, DESTINATION_BRANCH, DOMAIN_ID, EXECUTED_BY, ID, LAST_STATUS, NAME, REMOTE_ID, SOURCE_BRANCH, SOURCE_REPO, TO_REPOSITORY_ID, UPDATED_ON, URL) VALUES ('GTTaylor', 0, '2015-10-06 10:29:03', 'master', 7, 'GTTaylor', 287, 'OPEN', 'asdf created online with Bitbucket', 1, 'TEST-2-nemo-et-dolore-cum-soluta-qui', 'GTTaylor/smartcommitstest', 7, '2015-10-06 10:29:03', 'https://bitbucket.org/GTTaylor/smartcommitstest/pull-requests/1');
INSERT INTO AO_E8B6CC_PR_ISSUE_KEY (DOMAIN_ID, ID, ISSUE_KEY, PULL_REQUEST_ID) VALUES (7, 287, 'TEST-2', 287);

INSERT INTO AO_E8B6CC_PULL_REQUEST (AUTHOR, COMMENT_COUNT, CREATED_ON, DESTINATION_BRANCH, DOMAIN_ID, EXECUTED_BY, ID, LAST_STATUS, NAME, REMOTE_ID, SOURCE_BRANCH, SOURCE_REPO, TO_REPOSITORY_ID, UPDATED_ON, URL) VALUES ('GTTaylor', 0, '2015-10-06 10:29:03', 'master', 7, 'GTTaylor', 288, 'OPEN', 'asdf created online with Bitbucket', 1, 'TEST-2-nemo-et-dolore-cum-soluta-qui', 'GTTaylor/smartcommitstest', 7, '2015-10-06 10:29:03', 'https://bitbucket.org/GTTaylor/smartcommitstest/pull-requests/1');
INSERT INTO AO_E8B6CC_PR_ISSUE_KEY (DOMAIN_ID, ID, ISSUE_KEY, PULL_REQUEST_ID) VALUES (7, 288, 'TEST-2', 288);

INSERT INTO AO_E8B6CC_PULL_REQUEST (AUTHOR, COMMENT_COUNT, CREATED_ON, DESTINATION_BRANCH, DOMAIN_ID, EXECUTED_BY, ID, LAST_STATUS, NAME, REMOTE_ID, SOURCE_BRANCH, SOURCE_REPO, TO_REPOSITORY_ID, UPDATED_ON, URL) VALUES ('GTTaylor', 0, '2015-10-06 10:29:03', 'master', 7, 'GTTaylor', 289, 'OPEN', 'asdf created online with Bitbucket', 1, 'TEST-2-nemo-et-dolore-cum-soluta-qui', 'GTTaylor/smartcommitstest', 7, '2015-10-06 10:29:03', 'https://bitbucket.org/GTTaylor/smartcommitstest/pull-requests/1');
INSERT INTO AO_E8B6CC_PR_ISSUE_KEY (DOMAIN_ID, ID, ISSUE_KEY, PULL_REQUEST_ID) VALUES (7, 289, 'TEST-2', 289);

INSERT INTO AO_E8B6CC_PULL_REQUEST (AUTHOR, COMMENT_COUNT, CREATED_ON, DESTINATION_BRANCH, DOMAIN_ID, EXECUTED_BY, ID, LAST_STATUS, NAME, REMOTE_ID, SOURCE_BRANCH, SOURCE_REPO, TO_REPOSITORY_ID, UPDATED_ON, URL) VALUES ('GTTaylor', 0, '2015-10-06 10:29:03', 'master', 7, 'GTTaylor', 290, 'OPEN', 'asdf created online with Bitbucket', 1, 'TEST-2-nemo-et-dolore-cum-soluta-qui', 'GTTaylor/smartcommitstest', 7, '2015-10-06 10:29:03', 'https://bitbucket.org/GTTaylor/smartcommitstest/pull-requests/1');
INSERT INTO AO_E8B6CC_PR_ISSUE_KEY (DOMAIN_ID, ID, ISSUE_KEY, PULL_REQUEST_ID) VALUES (7, 290, 'TEST-2', 290);

INSERT INTO AO_E8B6CC_PULL_REQUEST (AUTHOR, COMMENT_COUNT, CREATED_ON, DESTINATION_BRANCH, DOMAIN_ID, EXECUTED_BY, ID, LAST_STATUS, NAME, REMOTE_ID, SOURCE_BRANCH, SOURCE_REPO, TO_REPOSITORY_ID, UPDATED_ON, URL) VALUES ('GTTaylor', 0, '2015-10-06 10:29:03', 'master', 7, 'GTTaylor', 291, 'OPEN', 'asdf created online with Bitbucket', 1, 'TEST-2-nemo-et-dolore-cum-soluta-qui', 'GTTaylor/smartcommitstest', 7, '2015-10-06 10:29:03', 'https://bitbucket.org/GTTaylor/smartcommitstest/pull-requests/1');
INSERT INTO AO_E8B6CC_PR_ISSUE_KEY (DOMAIN_ID, ID, ISSUE_KEY, PULL_REQUEST_ID) VALUES (7, 291, 'TEST-2', 291);

INSERT INTO AO_E8B6CC_PULL_REQUEST (AUTHOR, COMMENT_COUNT, CREATED_ON, DESTINATION_BRANCH, DOMAIN_ID, EXECUTED_BY, ID, LAST_STATUS, NAME, REMOTE_ID, SOURCE_BRANCH, SOURCE_REPO, TO_REPOSITORY_ID, UPDATED_ON, URL) VALUES ('GTTaylor', 0, '2015-10-06 10:29:03', 'master', 7, 'GTTaylor', 292, 'OPEN', 'asdf created online with Bitbucket', 1, 'TEST-2-nemo-et-dolore-cum-soluta-qui', 'GTTaylor/smartcommitstest', 7, '2015-10-06 10:29:03', 'https://bitbucket.org/GTTaylor/smartcommitstest/pull-requests/1');
INSERT INTO AO_E8B6CC_PR_ISSUE_KEY (DOMAIN_ID, ID, ISSUE_KEY, PULL_REQUEST_ID) VALUES (7, 292, 'TEST-2', 292);

INSERT INTO AO_E8B6CC_PULL_REQUEST (AUTHOR, COMMENT_COUNT, CREATED_ON, DESTINATION_BRANCH, DOMAIN_ID, EXECUTED_BY, ID, LAST_STATUS, NAME, REMOTE_ID, SOURCE_BRANCH, SOURCE_REPO, TO_REPOSITORY_ID, UPDATED_ON, URL) VALUES ('GTTaylor', 0, '2015-10-06 10:29:03', 'master', 7, 'GTTaylor', 293, 'OPEN', 'asdf created online with Bitbucket', 1, 'TEST-2-nemo-et-dolore-cum-soluta-qui', 'GTTaylor/smartcommitstest', 7, '2015-10-06 10:29:03', 'https://bitbucket.org/GTTaylor/smartcommitstest/pull-requests/1');
INSERT INTO AO_E8B6CC_PR_ISSUE_KEY (DOMAIN_ID, ID, ISSUE_KEY, PULL_REQUEST_ID) VALUES (7, 293, 'TEST-2', 293);

INSERT INTO AO_E8B6CC_PULL_REQUEST (AUTHOR, COMMENT_COUNT, CREATED_ON, DESTINATION_BRANCH, DOMAIN_ID, EXECUTED_BY, ID, LAST_STATUS, NAME, REMOTE_ID, SOURCE_BRANCH, SOURCE_REPO, TO_REPOSITORY_ID, UPDATED_ON, URL) VALUES ('GTTaylor', 0, '2015-10-06 10:29:03', 'master', 7, 'GTTaylor', 294, 'OPEN', 'asdf created online with Bitbucket', 1, 'TEST-2-nemo-et-dolore-cum-soluta-qui', 'GTTaylor/smartcommitstest', 7, '2015-10-06 10:29:03', 'https://bitbucket.org/GTTaylor/smartcommitstest/pull-requests/1');
INSERT INTO AO_E8B6CC_PR_ISSUE_KEY (DOMAIN_ID, ID, ISSUE_KEY, PULL_REQUEST_ID) VALUES (7, 294, 'TEST-2', 294);

INSERT INTO AO_E8B6CC_PULL_REQUEST (AUTHOR, COMMENT_COUNT, CREATED_ON, DESTINATION_BRANCH, DOMAIN_ID, EXECUTED_BY, ID, LAST_STATUS, NAME, REMOTE_ID, SOURCE_BRANCH, SOURCE_REPO, TO_REPOSITORY_ID, UPDATED_ON, URL) VALUES ('GTTaylor', 0, '2015-10-06 10:29:03', 'master', 7, 'GTTaylor', 295, 'OPEN', 'asdf created online with Bitbucket', 1, 'TEST-2-nemo-et-dolore-cum-soluta-qui', 'GTTaylor/smartcommitstest', 7, '2015-10-06 10:29:03', 'https://bitbucket.org/GTTaylor/smartcommitstest/pull-requests/1');
INSERT INTO AO_E8B6CC_PR_ISSUE_KEY (DOMAIN_ID, ID, ISSUE_KEY, PULL_REQUEST_ID) VALUES (7, 295, 'TEST-2', 295);

INSERT INTO AO_E8B6CC_PULL_REQUEST (AUTHOR, COMMENT_COUNT, CREATED_ON, DESTINATION_BRANCH, DOMAIN_ID, EXECUTED_BY, ID, LAST_STATUS, NAME, REMOTE_ID, SOURCE_BRANCH, SOURCE_REPO, TO_REPOSITORY_ID, UPDATED_ON, URL) VALUES ('GTTaylor', 0, '2015-10-06 10:29:03', 'master', 7, 'GTTaylor', 296, 'OPEN', 'asdf created online with Bitbucket', 1, 'TEST-2-nemo-et-dolore-cum-soluta-qui', 'GTTaylor/smartcommitstest', 7, '2015-10-06 10:29:03', 'https://bitbucket.org/GTTaylor/smartcommitstest/pull-requests/1');
INSERT INTO AO_E8B6CC_PR_ISSUE_KEY (DOMAIN_ID, ID, ISSUE_KEY, PULL_REQUEST_ID) VALUES (7, 296, 'TEST-2', 296);

INSERT INTO AO_E8B6CC_PULL_REQUEST (AUTHOR, COMMENT_COUNT, CREATED_ON, DESTINATION_BRANCH, DOMAIN_ID, EXECUTED_BY, ID, LAST_STATUS, NAME, REMOTE_ID, SOURCE_BRANCH, SOURCE_REPO, TO_REPOSITORY_ID, UPDATED_ON, URL) VALUES ('GTTaylor', 0, '2015-10-06 10:29:03', 'master', 7, 'GTTaylor', 297, 'OPEN', 'asdf created online with Bitbucket', 1, 'TEST-2-nemo-et-dolore-cum-soluta-qui', 'GTTaylor/smartcommitstest', 7, '2015-10-06 10:29:03', 'https://bitbucket.org/GTTaylor/smartcommitstest/pull-requests/1');
INSERT INTO AO_E8B6CC_PR_ISSUE_KEY (DOMAIN_ID, ID, ISSUE_KEY, PULL_REQUEST_ID) VALUES (7, 297, 'TEST-2', 297);

INSERT INTO AO_E8B6CC_PULL_REQUEST (AUTHOR, COMMENT_COUNT, CREATED_ON, DESTINATION_BRANCH, DOMAIN_ID, EXECUTED_BY, ID, LAST_STATUS, NAME, REMOTE_ID, SOURCE_BRANCH, SOURCE_REPO, TO_REPOSITORY_ID, UPDATED_ON, URL) VALUES ('GTTaylor', 0, '2015-10-06 10:29:03', 'master', 7, 'GTTaylor', 298, 'OPEN', 'asdf created online with Bitbucket', 1, 'TEST-2-nemo-et-dolore-cum-soluta-qui', 'GTTaylor/smartcommitstest', 7, '2015-10-06 10:29:03', 'https://bitbucket.org/GTTaylor/smartcommitstest/pull-requests/1');
INSERT INTO AO_E8B6CC_PR_ISSUE_KEY (DOMAIN_ID, ID, ISSUE_KEY, PULL_REQUEST_ID) VALUES (7, 298, 'TEST-2', 298);

INSERT INTO AO_E8B6CC_PULL_REQUEST (AUTHOR, COMMENT_COUNT, CREATED_ON, DESTINATION_BRANCH, DOMAIN_ID, EXECUTED_BY, ID, LAST_STATUS, NAME, REMOTE_ID, SOURCE_BRANCH, SOURCE_REPO, TO_REPOSITORY_ID, UPDATED_ON, URL) VALUES ('GTTaylor', 0, '2015-10-06 10:29:03', 'master', 7, 'GTTaylor', 299, 'OPEN', 'asdf created online with Bitbucket', 1, 'TEST-2-nemo-et-dolore-cum-soluta-qui', 'GTTaylor/smartcommitstest', 7, '2015-10-06 10:29:03', 'https://bitbucket.org/GTTaylor/smartcommitstest/pull-requests/1');
INSERT INTO AO_E8B6CC_PR_ISSUE_KEY (DOMAIN_ID, ID, ISSUE_KEY, PULL_REQUEST_ID) VALUES (7, 299, 'TEST-2', 299);

INSERT INTO AO_E8B6CC_PULL_REQUEST (AUTHOR, COMMENT_COUNT, CREATED_ON, DESTINATION_BRANCH, DOMAIN_ID, EXECUTED_BY, ID, LAST_STATUS, NAME, REMOTE_ID, SOURCE_BRANCH, SOURCE_REPO, TO_REPOSITORY_ID, UPDATED_ON, URL) VALUES ('GTTaylor', 0, '2015-10-06 10:29:03', 'master', 7, 'GTTaylor', 300, 'OPEN', 'asdf created online with Bitbucket', 1, 'TEST-2-nemo-et-dolore-cum-soluta-qui', 'GTTaylor/smartcommitstest', 7, '2015-10-06 10:29:03', 'https://bitbucket.org/GTTaylor/smartcommitstest/pull-requests/1');
INSERT INTO AO_E8B6CC_PR_ISSUE_KEY (DOMAIN_ID, ID, ISSUE_KEY, PULL_REQUEST_ID) VALUES (7, 300, 'TEST-2', 300);

INSERT INTO AO_E8B6CC_PULL_REQUEST (AUTHOR, COMMENT_COUNT, CREATED_ON, DESTINATION_BRANCH, DOMAIN_ID, EXECUTED_BY, ID, LAST_STATUS, NAME, REMOTE_ID, SOURCE_BRANCH, SOURCE_REPO, TO_REPOSITORY_ID, UPDATED_ON, URL) VALUES ('GTTaylor', 0, '2015-10-06 10:29:03', 'master', 7, 'GTTaylor', 301, 'OPEN', 'asdf created online with Bitbucket', 1, 'TEST-2-nemo-et-dolore-cum-soluta-qui', 'GTTaylor/smartcommitstest', 7, '2015-10-06 10:29:03', 'https://bitbucket.org/GTTaylor/smartcommitstest/pull-requests/1');
INSERT INTO AO_E8B6CC_PR_ISSUE_KEY (DOMAIN_ID, ID, ISSUE_KEY, PULL_REQUEST_ID) VALUES (7, 301, 'TEST-2', 301);

INSERT INTO AO_E8B6CC_PULL_REQUEST (AUTHOR, COMMENT_COUNT, CREATED_ON, DESTINATION_BRANCH, DOMAIN_ID, EXECUTED_BY, ID, LAST_STATUS, NAME, REMOTE_ID, SOURCE_BRANCH, SOURCE_REPO, TO_REPOSITORY_ID, UPDATED_ON, URL) VALUES ('GTTaylor', 0, '2015-10-06 10:29:03', 'master', 7, 'GTTaylor', 302, 'OPEN', 'asdf created online with Bitbucket', 1, 'TEST-2-nemo-et-dolore-cum-soluta-qui', 'GTTaylor/smartcommitstest', 7, '2015-10-06 10:29:03', 'https://bitbucket.org/GTTaylor/smartcommitstest/pull-requests/1');
INSERT INTO AO_E8B6CC_PR_ISSUE_KEY (DOMAIN_ID, ID, ISSUE_KEY, PULL_REQUEST_ID) VALUES (7, 302, 'TEST-2', 302);

INSERT INTO AO_E8B6CC_PULL_REQUEST (AUTHOR, COMMENT_COUNT, CREATED_ON, DESTINATION_BRANCH, DOMAIN_ID, EXECUTED_BY, ID, LAST_STATUS, NAME, REMOTE_ID, SOURCE_BRANCH, SOURCE_REPO, TO_REPOSITORY_ID, UPDATED_ON, URL) VALUES ('GTTaylor', 0, '2015-10-06 10:29:03', 'master', 7, 'GTTaylor', 303, 'OPEN', 'asdf created online with Bitbucket', 1, 'TEST-2-nemo-et-dolore-cum-soluta-qui', 'GTTaylor/smartcommitstest', 7, '2015-10-06 10:29:03', 'https://bitbucket.org/GTTaylor/smartcommitstest/pull-requests/1');
INSERT INTO AO_E8B6CC_PR_ISSUE_KEY (DOMAIN_ID, ID, ISSUE_KEY, PULL_REQUEST_ID) VALUES (7, 303, 'TEST-2', 303);

INSERT INTO AO_E8B6CC_PULL_REQUEST (AUTHOR, COMMENT_COUNT, CREATED_ON, DESTINATION_BRANCH, DOMAIN_ID, EXECUTED_BY, ID, LAST_STATUS, NAME, REMOTE_ID, SOURCE_BRANCH, SOURCE_REPO, TO_REPOSITORY_ID, UPDATED_ON, URL) VALUES ('GTTaylor', 0, '2015-10-06 10:29:03', 'master', 7, 'GTTaylor', 304, 'OPEN', 'asdf created online with Bitbucket', 1, 'TEST-2-nemo-et-dolore-cum-soluta-qui', 'GTTaylor/smartcommitstest', 7, '2015-10-06 10:29:03', 'https://bitbucket.org/GTTaylor/smartcommitstest/pull-requests/1');
INSERT INTO AO_E8B6CC_PR_ISSUE_KEY (DOMAIN_ID, ID, ISSUE_KEY, PULL_REQUEST_ID) VALUES (7, 304, 'TEST-2', 304);

INSERT INTO AO_E8B6CC_PULL_REQUEST (AUTHOR, COMMENT_COUNT, CREATED_ON, DESTINATION_BRANCH, DOMAIN_ID, EXECUTED_BY, ID, LAST_STATUS, NAME, REMOTE_ID, SOURCE_BRANCH, SOURCE_REPO, TO_REPOSITORY_ID, UPDATED_ON, URL) VALUES ('GTTaylor', 0, '2015-10-06 10:29:03', 'master', 7, 'GTTaylor', 305, 'OPEN', 'asdf created online with Bitbucket', 1, 'TEST-2-nemo-et-dolore-cum-soluta-qui', 'GTTaylor/smartcommitstest', 7, '2015-10-06 10:29:03', 'https://bitbucket.org/GTTaylor/smartcommitstest/pull-requests/1');
INSERT INTO AO_E8B6CC_PR_ISSUE_KEY (DOMAIN_ID, ID, ISSUE_KEY, PULL_REQUEST_ID) VALUES (7, 305, 'TEST-2', 305);

INSERT INTO AO_E8B6CC_PULL_REQUEST (AUTHOR, COMMENT_COUNT, CREATED_ON, DESTINATION_BRANCH, DOMAIN_ID, EXECUTED_BY, ID, LAST_STATUS, NAME, REMOTE_ID, SOURCE_BRANCH, SOURCE_REPO, TO_REPOSITORY_ID, UPDATED_ON, URL) VALUES ('GTTaylor', 0, '2015-10-06 10:29:03', 'master', 7, 'GTTaylor', 306, 'OPEN', 'asdf created online with Bitbucket', 1, 'TEST-2-nemo-et-dolore-cum-soluta-qui', 'GTTaylor/smartcommitstest', 7, '2015-10-06 10:29:03', 'https://bitbucket.org/GTTaylor/smartcommitstest/pull-requests/1');
INSERT INTO AO_E8B6CC_PR_ISSUE_KEY (DOMAIN_ID, ID, ISSUE_KEY, PULL_REQUEST_ID) VALUES (7, 306, 'TEST-2', 306);

INSERT INTO AO_E8B6CC_PULL_REQUEST (AUTHOR, COMMENT_COUNT, CREATED_ON, DESTINATION_BRANCH, DOMAIN_ID, EXECUTED_BY, ID, LAST_STATUS, NAME, REMOTE_ID, SOURCE_BRANCH, SOURCE_REPO, TO_REPOSITORY_ID, UPDATED_ON, URL) VALUES ('GTTaylor', 0, '2015-10-06 10:29:03', 'master', 7, 'GTTaylor', 307, 'OPEN', 'asdf created online with Bitbucket', 1, 'TEST-2-nemo-et-dolore-cum-soluta-qui', 'GTTaylor/smartcommitstest', 7, '2015-10-06 10:29:03', 'https://bitbucket.org/GTTaylor/smartcommitstest/pull-requests/1');
INSERT INTO AO_E8B6CC_PR_ISSUE_KEY (DOMAIN_ID, ID, ISSUE_KEY, PULL_REQUEST_ID) VALUES (7, 307, 'TEST-2', 307);

INSERT INTO AO_E8B6CC_PULL_REQUEST (AUTHOR, COMMENT_COUNT, CREATED_ON, DESTINATION_BRANCH, DOMAIN_ID, EXECUTED_BY, ID, LAST_STATUS, NAME, REMOTE_ID, SOURCE_BRANCH, SOURCE_REPO, TO_REPOSITORY_ID, UPDATED_ON, URL) VALUES ('GTTaylor', 0, '2015-10-06 10:29:03', 'master', 7, 'GTTaylor', 308, 'OPEN', 'asdf created online with Bitbucket', 1, 'TEST-2-nemo-et-dolore-cum-soluta-qui', 'GTTaylor/smartcommitstest', 7, '2015-10-06 10:29:03', 'https://bitbucket.org/GTTaylor/smartcommitstest/pull-requests/1');
INSERT INTO AO_E8B6CC_PR_ISSUE_KEY (DOMAIN_ID, ID, ISSUE_KEY, PULL_REQUEST_ID) VALUES (7, 308, 'TEST-2', 308);

INSERT INTO AO_E8B6CC_PULL_REQUEST (AUTHOR, COMMENT_COUNT, CREATED_ON, DESTINATION_BRANCH, DOMAIN_ID, EXECUTED_BY, ID, LAST_STATUS, NAME, REMOTE_ID, SOURCE_BRANCH, SOURCE_REPO, TO_REPOSITORY_ID, UPDATED_ON, URL) VALUES ('GTTaylor', 0, '2015-10-06 10:29:03', 'master', 7, 'GTTaylor', 309, 'OPEN', 'asdf created online with Bitbucket', 1, 'TEST-2-nemo-et-dolore-cum-soluta-qui', 'GTTaylor/smartcommitstest', 7, '2015-10-06 10:29:03', 'https://bitbucket.org/GTTaylor/smartcommitstest/pull-requests/1');
INSERT INTO AO_E8B6CC_PR_ISSUE_KEY (DOMAIN_ID, ID, ISSUE_KEY, PULL_REQUEST_ID) VALUES (7, 309, 'TEST-2', 309);

INSERT INTO AO_E8B6CC_PULL_REQUEST (AUTHOR, COMMENT_COUNT, CREATED_ON, DESTINATION_BRANCH, DOMAIN_ID, EXECUTED_BY, ID, LAST_STATUS, NAME, REMOTE_ID, SOURCE_BRANCH, SOURCE_REPO, TO_REPOSITORY_ID, UPDATED_ON, URL) VALUES ('GTTaylor', 0, '2015-10-06 10:29:03', 'master', 7, 'GTTaylor', 310, 'OPEN', 'asdf created online with Bitbucket', 1, 'TEST-2-nemo-et-dolore-cum-soluta-qui', 'GTTaylor/smartcommitstest', 7, '2015-10-06 10:29:03', 'https://bitbucket.org/GTTaylor/smartcommitstest/pull-requests/1');
INSERT INTO AO_E8B6CC_PR_ISSUE_KEY (DOMAIN_ID, ID, ISSUE_KEY, PULL_REQUEST_ID) VALUES (7, 310, 'TEST-2', 310);

INSERT INTO AO_E8B6CC_PULL_REQUEST (AUTHOR, COMMENT_COUNT, CREATED_ON, DESTINATION_BRANCH, DOMAIN_ID, EXECUTED_BY, ID, LAST_STATUS, NAME, REMOTE_ID, SOURCE_BRANCH, SOURCE_REPO, TO_REPOSITORY_ID, UPDATED_ON, URL) VALUES ('GTTaylor', 0, '2015-10-06 10:29:03', 'master', 7, 'GTTaylor', 311, 'OPEN', 'asdf created online with Bitbucket', 1, 'TEST-2-nemo-et-dolore-cum-soluta-qui', 'GTTaylor/smartcommitstest', 7, '2015-10-06 10:29:03', 'https://bitbucket.org/GTTaylor/smartcommitstest/pull-requests/1');
INSERT INTO AO_E8B6CC_PR_ISSUE_KEY (DOMAIN_ID, ID, ISSUE_KEY, PULL_REQUEST_ID) VALUES (7, 311, 'TEST-2', 311);

INSERT INTO AO_E8B6CC_PULL_REQUEST (AUTHOR, COMMENT_COUNT, CREATED_ON, DESTINATION_BRANCH, DOMAIN_ID, EXECUTED_BY, ID, LAST_STATUS, NAME, REMOTE_ID, SOURCE_BRANCH, SOURCE_REPO, TO_REPOSITORY_ID, UPDATED_ON, URL) VALUES ('GTTaylor', 0, '2015-10-06 10:29:03', 'master', 7, 'GTTaylor', 312, 'OPEN', 'asdf created online with Bitbucket', 1, 'TEST-2-nemo-et-dolore-cum-soluta-qui', 'GTTaylor/smartcommitstest', 7, '2015-10-06 10:29:03', 'https://bitbucket.org/GTTaylor/smartcommitstest/pull-requests/1');
INSERT INTO AO_E8B6CC_PR_ISSUE_KEY (DOMAIN_ID, ID, ISSUE_KEY, PULL_REQUEST_ID) VALUES (7, 312, 'TEST-2', 312);

INSERT INTO AO_E8B6CC_PULL_REQUEST (AUTHOR, COMMENT_COUNT, CREATED_ON, DESTINATION_BRANCH, DOMAIN_ID, EXECUTED_BY, ID, LAST_STATUS, NAME, REMOTE_ID, SOURCE_BRANCH, SOURCE_REPO, TO_REPOSITORY_ID, UPDATED_ON, URL) VALUES ('GTTaylor', 0, '2015-10-06 10:29:03', 'master', 7, 'GTTaylor', 313, 'OPEN', 'asdf created online with Bitbucket', 1, 'TEST-2-nemo-et-dolore-cum-soluta-qui', 'GTTaylor/smartcommitstest', 7, '2015-10-06 10:29:03', 'https://bitbucket.org/GTTaylor/smartcommitstest/pull-requests/1');
INSERT INTO AO_E8B6CC_PR_ISSUE_KEY (DOMAIN_ID, ID, ISSUE_KEY, PULL_REQUEST_ID) VALUES (7, 313, 'TEST-2', 313);

INSERT INTO AO_E8B6CC_PULL_REQUEST (AUTHOR, COMMENT_COUNT, CREATED_ON, DESTINATION_BRANCH, DOMAIN_ID, EXECUTED_BY, ID, LAST_STATUS, NAME, REMOTE_ID, SOURCE_BRANCH, SOURCE_REPO, TO_REPOSITORY_ID, UPDATED_ON, URL) VALUES ('GTTaylor', 0, '2015-10-06 10:29:03', 'master', 7, 'GTTaylor', 314, 'OPEN', 'asdf created online with Bitbucket', 1, 'TEST-2-nemo-et-dolore-cum-soluta-qui', 'GTTaylor/smartcommitstest', 7, '2015-10-06 10:29:03', 'https://bitbucket.org/GTTaylor/smartcommitstest/pull-requests/1');
INSERT INTO AO_E8B6CC_PR_ISSUE_KEY (DOMAIN_ID, ID, ISSUE_KEY, PULL_REQUEST_ID) VALUES (7, 314, 'TEST-2', 314);

INSERT INTO AO_E8B6CC_PULL_REQUEST (AUTHOR, COMMENT_COUNT, CREATED_ON, DESTINATION_BRANCH, DOMAIN_ID, EXECUTED_BY, ID, LAST_STATUS, NAME, REMOTE_ID, SOURCE_BRANCH, SOURCE_REPO, TO_REPOSITORY_ID, UPDATED_ON, URL) VALUES ('GTTaylor', 0, '2015-10-06 10:29:03', 'master', 7, 'GTTaylor', 315, 'OPEN', 'asdf created online with Bitbucket', 1, 'TEST-2-nemo-et-dolore-cum-soluta-qui', 'GTTaylor/smartcommitstest', 7, '2015-10-06 10:29:03', 'https://bitbucket.org/GTTaylor/smartcommitstest/pull-requests/1');
INSERT INTO AO_E8B6CC_PR_ISSUE_KEY (DOMAIN_ID, ID, ISSUE_KEY, PULL_REQUEST_ID) VALUES (7, 315, 'TEST-2', 315);

INSERT INTO AO_E8B6CC_PULL_REQUEST (AUTHOR, COMMENT_COUNT, CREATED_ON, DESTINATION_BRANCH, DOMAIN_ID, EXECUTED_BY, ID, LAST_STATUS, NAME, REMOTE_ID, SOURCE_BRANCH, SOURCE_REPO, TO_REPOSITORY_ID, UPDATED_ON, URL) VALUES ('GTTaylor', 0, '2015-10-06 10:29:03', 'master', 7, 'GTTaylor', 316, 'OPEN', 'asdf created online with Bitbucket', 1, 'TEST-2-nemo-et-dolore-cum-soluta-qui', 'GTTaylor/smartcommitstest', 7, '2015-10-06 10:29:03', 'https://bitbucket.org/GTTaylor/smartcommitstest/pull-requests/1');
INSERT INTO AO_E8B6CC_PR_ISSUE_KEY (DOMAIN_ID, ID, ISSUE_KEY, PULL_REQUEST_ID) VALUES (7, 316, 'TEST-2', 316);

INSERT INTO AO_E8B6CC_PULL_REQUEST (AUTHOR, COMMENT_COUNT, CREATED_ON, DESTINATION_BRANCH, DOMAIN_ID, EXECUTED_BY, ID, LAST_STATUS, NAME, REMOTE_ID, SOURCE_BRANCH, SOURCE_REPO, TO_REPOSITORY_ID, UPDATED_ON, URL) VALUES ('GTTaylor', 0, '2015-10-06 10:29:03', 'master', 7, 'GTTaylor', 317, 'OPEN', 'asdf created online with Bitbucket', 1, 'TEST-2-nemo-et-dolore-cum-soluta-qui', 'GTTaylor/smartcommitstest', 7, '2015-10-06 10:29:03', 'https://bitbucket.org/GTTaylor/smartcommitstest/pull-requests/1');
INSERT INTO AO_E8B6CC_PR_ISSUE_KEY (DOMAIN_ID, ID, ISSUE_KEY, PULL_REQUEST_ID) VALUES (7, 317, 'TEST-2', 317);

INSERT INTO AO_E8B6CC_PULL_REQUEST (AUTHOR, COMMENT_COUNT, CREATED_ON, DESTINATION_BRANCH, DOMAIN_ID, EXECUTED_BY, ID, LAST_STATUS, NAME, REMOTE_ID, SOURCE_BRANCH, SOURCE_REPO, TO_REPOSITORY_ID, UPDATED_ON, URL) VALUES ('GTTaylor', 0, '2015-10-06 10:29:03', 'master', 7, 'GTTaylor', 318, 'OPEN', 'asdf created online with Bitbucket', 1, 'TEST-2-nemo-et-dolore-cum-soluta-qui', 'GTTaylor/smartcommitstest', 7, '2015-10-06 10:29:03', 'https://bitbucket.org/GTTaylor/smartcommitstest/pull-requests/1');
INSERT INTO AO_E8B6CC_PR_ISSUE_KEY (DOMAIN_ID, ID, ISSUE_KEY, PULL_REQUEST_ID) VALUES (7, 318, 'TEST-2', 318);

INSERT INTO AO_E8B6CC_PULL_REQUEST (AUTHOR, COMMENT_COUNT, CREATED_ON, DESTINATION_BRANCH, DOMAIN_ID, EXECUTED_BY, ID, LAST_STATUS, NAME, REMOTE_ID, SOURCE_BRANCH, SOURCE_REPO, TO_REPOSITORY_ID, UPDATED_ON, URL) VALUES ('GTTaylor', 0, '2015-10-06 10:29:03', 'master', 7, 'GTTaylor', 319, 'OPEN', 'asdf created online with Bitbucket', 1, 'TEST-2-nemo-et-dolore-cum-soluta-qui', 'GTTaylor/smartcommitstest', 7, '2015-10-06 10:29:03', 'https://bitbucket.org/GTTaylor/smartcommitstest/pull-requests/1');
INSERT INTO AO_E8B6CC_PR_ISSUE_KEY (DOMAIN_ID, ID, ISSUE_KEY, PULL_REQUEST_ID) VALUES (7, 319, 'TEST-2', 319);

INSERT INTO AO_E8B6CC_PULL_REQUEST (AUTHOR, COMMENT_COUNT, CREATED_ON, DESTINATION_BRANCH, DOMAIN_ID, EXECUTED_BY, ID, LAST_STATUS, NAME, REMOTE_ID, SOURCE_BRANCH, SOURCE_REPO, TO_REPOSITORY_ID, UPDATED_ON, URL) VALUES ('GTTaylor', 0, '2015-10-06 10:29:03', 'master', 7, 'GTTaylor', 320, 'OPEN', 'asdf created online with Bitbucket', 1, 'TEST-2-nemo-et-dolore-cum-soluta-qui', 'GTTaylor/smartcommitstest', 7, '2015-10-06 10:29:03', 'https://bitbucket.org/GTTaylor/smartcommitstest/pull-requests/1');
INSERT INTO AO_E8B6CC_PR_ISSUE_KEY (DOMAIN_ID, ID, ISSUE_KEY, PULL_REQUEST_ID) VALUES (7, 320, 'TEST-2', 320);

INSERT INTO AO_E8B6CC_PULL_REQUEST (AUTHOR, COMMENT_COUNT, CREATED_ON, DESTINATION_BRANCH, DOMAIN_ID, EXECUTED_BY, ID, LAST_STATUS, NAME, REMOTE_ID, SOURCE_BRANCH, SOURCE_REPO, TO_REPOSITORY_ID, UPDATED_ON, URL) VALUES ('GTTaylor', 0, '2015-10-06 10:29:03', 'master', 7, 'GTTaylor', 321, 'OPEN', 'asdf created online with Bitbucket', 1, 'TEST-2-nemo-et-dolore-cum-soluta-qui', 'GTTaylor/smartcommitstest', 7, '2015-10-06 10:29:03', 'https://bitbucket.org/GTTaylor/smartcommitstest/pull-requests/1');
INSERT INTO AO_E8B6CC_PR_ISSUE_KEY (DOMAIN_ID, ID, ISSUE_KEY, PULL_REQUEST_ID) VALUES (7, 321, 'TEST-2', 321);

INSERT INTO AO_E8B6CC_PULL_REQUEST (AUTHOR, COMMENT_COUNT, CREATED_ON, DESTINATION_BRANCH, DOMAIN_ID, EXECUTED_BY, ID, LAST_STATUS, NAME, REMOTE_ID, SOURCE_BRANCH, SOURCE_REPO, TO_REPOSITORY_ID, UPDATED_ON, URL) VALUES ('GTTaylor', 0, '2015-10-06 10:29:03', 'master', 7, 'GTTaylor', 322, 'OPEN', 'asdf created online with Bitbucket', 1, 'TEST-2-nemo-et-dolore-cum-soluta-qui', 'GTTaylor/smartcommitstest', 7, '2015-10-06 10:29:03', 'https://bitbucket.org/GTTaylor/smartcommitstest/pull-requests/1');
INSERT INTO AO_E8B6CC_PR_ISSUE_KEY (DOMAIN_ID, ID, ISSUE_KEY, PULL_REQUEST_ID) VALUES (7, 322, 'TEST-2', 322);

INSERT INTO AO_E8B6CC_PULL_REQUEST (AUTHOR, COMMENT_COUNT, CREATED_ON, DESTINATION_BRANCH, DOMAIN_ID, EXECUTED_BY, ID, LAST_STATUS, NAME, REMOTE_ID, SOURCE_BRANCH, SOURCE_REPO, TO_REPOSITORY_ID, UPDATED_ON, URL) VALUES ('GTTaylor', 0, '2015-10-06 10:29:03', 'master', 7, 'GTTaylor', 323, 'OPEN', 'asdf created online with Bitbucket', 1, 'TEST-2-nemo-et-dolore-cum-soluta-qui', 'GTTaylor/smartcommitstest', 7, '2015-10-06 10:29:03', 'https://bitbucket.org/GTTaylor/smartcommitstest/pull-requests/1');
INSERT INTO AO_E8B6CC_PR_ISSUE_KEY (DOMAIN_ID, ID, ISSUE_KEY, PULL_REQUEST_ID) VALUES (7, 323, 'TEST-2', 323);

INSERT INTO AO_E8B6CC_PULL_REQUEST (AUTHOR, COMMENT_COUNT, CREATED_ON, DESTINATION_BRANCH, DOMAIN_ID, EXECUTED_BY, ID, LAST_STATUS, NAME, REMOTE_ID, SOURCE_BRANCH, SOURCE_REPO, TO_REPOSITORY_ID, UPDATED_ON, URL) VALUES ('GTTaylor', 0, '2015-10-06 10:29:03', 'master', 7, 'GTTaylor', 324, 'OPEN', 'asdf created online with Bitbucket', 1, 'TEST-2-nemo-et-dolore-cum-soluta-qui', 'GTTaylor/smartcommitstest', 7, '2015-10-06 10:29:03', 'https://bitbucket.org/GTTaylor/smartcommitstest/pull-requests/1');
INSERT INTO AO_E8B6CC_PR_ISSUE_KEY (DOMAIN_ID, ID, ISSUE_KEY, PULL_REQUEST_ID) VALUES (7, 324, 'TEST-2', 324);

INSERT INTO AO_E8B6CC_PULL_REQUEST (AUTHOR, COMMENT_COUNT, CREATED_ON, DESTINATION_BRANCH, DOMAIN_ID, EXECUTED_BY, ID, LAST_STATUS, NAME, REMOTE_ID, SOURCE_BRANCH, SOURCE_REPO, TO_REPOSITORY_ID, UPDATED_ON, URL) VALUES ('GTTaylor', 0, '2015-10-06 10:29:03', 'master', 7, 'GTTaylor', 325, 'OPEN', 'asdf created online with Bitbucket', 1, 'TEST-2-nemo-et-dolore-cum-soluta-qui', 'GTTaylor/smartcommitstest', 7, '2015-10-06 10:29:03', 'https://bitbucket.org/GTTaylor/smartcommitstest/pull-requests/1');
INSERT INTO AO_E8B6CC_PR_ISSUE_KEY (DOMAIN_ID, ID, ISSUE_KEY, PULL_REQUEST_ID) VALUES (7, 325, 'TEST-2', 325);

INSERT INTO AO_E8B6CC_PULL_REQUEST (AUTHOR, COMMENT_COUNT, CREATED_ON, DESTINATION_BRANCH, DOMAIN_ID, EXECUTED_BY, ID, LAST_STATUS, NAME, REMOTE_ID, SOURCE_BRANCH, SOURCE_REPO, TO_REPOSITORY_ID, UPDATED_ON, URL) VALUES ('GTTaylor', 0, '2015-10-06 10:29:03', 'master', 7, 'GTTaylor', 326, 'OPEN', 'asdf created online with Bitbucket', 1, 'TEST-2-nemo-et-dolore-cum-soluta-qui', 'GTTaylor/smartcommitstest', 7, '2015-10-06 10:29:03', 'https://bitbucket.org/GTTaylor/smartcommitstest/pull-requests/1');
INSERT INTO AO_E8B6CC_PR_ISSUE_KEY (DOMAIN_ID, ID, ISSUE_KEY, PULL_REQUEST_ID) VALUES (7, 326, 'TEST-2', 326);

INSERT INTO AO_E8B6CC_PULL_REQUEST (AUTHOR, COMMENT_COUNT, CREATED_ON, DESTINATION_BRANCH, DOMAIN_ID, EXECUTED_BY, ID, LAST_STATUS, NAME, REMOTE_ID, SOURCE_BRANCH, SOURCE_REPO, TO_REPOSITORY_ID, UPDATED_ON, URL) VALUES ('GTTaylor', 0, '2015-10-06 10:29:03', 'master', 7, 'GTTaylor', 327, 'OPEN', 'asdf created online with Bitbucket', 1, 'TEST-2-nemo-et-dolore-cum-soluta-qui', 'GTTaylor/smartcommitstest', 7, '2015-10-06 10:29:03', 'https://bitbucket.org/GTTaylor/smartcommitstest/pull-requests/1');
INSERT INTO AO_E8B6CC_PR_ISSUE_KEY (DOMAIN_ID, ID, ISSUE_KEY, PULL_REQUEST_ID) VALUES (7, 327, 'TEST-2', 327);

INSERT INTO AO_E8B6CC_PULL_REQUEST (AUTHOR, COMMENT_COUNT, CREATED_ON, DESTINATION_BRANCH, DOMAIN_ID, EXECUTED_BY, ID, LAST_STATUS, NAME, REMOTE_ID, SOURCE_BRANCH, SOURCE_REPO, TO_REPOSITORY_ID, UPDATED_ON, URL) VALUES ('GTTaylor', 0, '2015-10-06 10:29:03', 'master', 7, 'GTTaylor', 328, 'OPEN', 'asdf created online with Bitbucket', 1, 'TEST-2-nemo-et-dolore-cum-soluta-qui', 'GTTaylor/smartcommitstest', 7, '2015-10-06 10:29:03', 'https://bitbucket.org/GTTaylor/smartcommitstest/pull-requests/1');
INSERT INTO AO_E8B6CC_PR_ISSUE_KEY (DOMAIN_ID, ID, ISSUE_KEY, PULL_REQUEST_ID) VALUES (7, 328, 'TEST-2', 328);

INSERT INTO AO_E8B6CC_PULL_REQUEST (AUTHOR, COMMENT_COUNT, CREATED_ON, DESTINATION_BRANCH, DOMAIN_ID, EXECUTED_BY, ID, LAST_STATUS, NAME, REMOTE_ID, SOURCE_BRANCH, SOURCE_REPO, TO_REPOSITORY_ID, UPDATED_ON, URL) VALUES ('GTTaylor', 0, '2015-10-06 10:29:03', 'master', 7, 'GTTaylor', 329, 'OPEN', 'asdf created online with Bitbucket', 1, 'TEST-2-nemo-et-dolore-cum-soluta-qui', 'GTTaylor/smartcommitstest', 7, '2015-10-06 10:29:03', 'https://bitbucket.org/GTTaylor/smartcommitstest/pull-requests/1');
INSERT INTO AO_E8B6CC_PR_ISSUE_KEY (DOMAIN_ID, ID, ISSUE_KEY, PULL_REQUEST_ID) VALUES (7, 329, 'TEST-2', 329);

INSERT INTO AO_E8B6CC_PULL_REQUEST (AUTHOR, COMMENT_COUNT, CREATED_ON, DESTINATION_BRANCH, DOMAIN_ID, EXECUTED_BY, ID, LAST_STATUS, NAME, REMOTE_ID, SOURCE_BRANCH, SOURCE_REPO, TO_REPOSITORY_ID, UPDATED_ON, URL) VALUES ('GTTaylor', 0, '2015-10-06 10:29:03', 'master', 7, 'GTTaylor', 330, 'OPEN', 'asdf created online with Bitbucket', 1, 'TEST-2-nemo-et-dolore-cum-soluta-qui', 'GTTaylor/smartcommitstest', 7, '2015-10-06 10:29:03', 'https://bitbucket.org/GTTaylor/smartcommitstest/pull-requests/1');
INSERT INTO AO_E8B6CC_PR_ISSUE_KEY (DOMAIN_ID, ID, ISSUE_KEY, PULL_REQUEST_ID) VALUES (7, 330, 'TEST-2', 330);

INSERT INTO AO_E8B6CC_PULL_REQUEST (AUTHOR, COMMENT_COUNT, CREATED_ON, DESTINATION_BRANCH, DOMAIN_ID, EXECUTED_BY, ID, LAST_STATUS, NAME, REMOTE_ID, SOURCE_BRANCH, SOURCE_REPO, TO_REPOSITORY_ID, UPDATED_ON, URL) VALUES ('GTTaylor', 0, '2015-10-06 10:29:03', 'master', 7, 'GTTaylor', 331, 'OPEN', 'asdf created online with Bitbucket', 1, 'TEST-2-nemo-et-dolore-cum-soluta-qui', 'GTTaylor/smartcommitstest', 7, '2015-10-06 10:29:03', 'https://bitbucket.org/GTTaylor/smartcommitstest/pull-requests/1');
INSERT INTO AO_E8B6CC_PR_ISSUE_KEY (DOMAIN_ID, ID, ISSUE_KEY, PULL_REQUEST_ID) VALUES (7, 331, 'TEST-2', 331);

INSERT INTO AO_E8B6CC_PULL_REQUEST (AUTHOR, COMMENT_COUNT, CREATED_ON, DESTINATION_BRANCH, DOMAIN_ID, EXECUTED_BY, ID, LAST_STATUS, NAME, REMOTE_ID, SOURCE_BRANCH, SOURCE_REPO, TO_REPOSITORY_ID, UPDATED_ON, URL) VALUES ('GTTaylor', 0, '2015-10-06 10:29:03', 'master', 7, 'GTTaylor', 332, 'OPEN', 'asdf created online with Bitbucket', 1, 'TEST-2-nemo-et-dolore-cum-soluta-qui', 'GTTaylor/smartcommitstest', 7, '2015-10-06 10:29:03', 'https://bitbucket.org/GTTaylor/smartcommitstest/pull-requests/1');
INSERT INTO AO_E8B6CC_PR_ISSUE_KEY (DOMAIN_ID, ID, ISSUE_KEY, PULL_REQUEST_ID) VALUES (7, 332, 'TEST-2', 332);

INSERT INTO AO_E8B6CC_PULL_REQUEST (AUTHOR, COMMENT_COUNT, CREATED_ON, DESTINATION_BRANCH, DOMAIN_ID, EXECUTED_BY, ID, LAST_STATUS, NAME, REMOTE_ID, SOURCE_BRANCH, SOURCE_REPO, TO_REPOSITORY_ID, UPDATED_ON, URL) VALUES ('GTTaylor', 0, '2015-10-06 10:29:03', 'master', 7, 'GTTaylor', 333, 'OPEN', 'asdf created online with Bitbucket', 1, 'TEST-2-nemo-et-dolore-cum-soluta-qui', 'GTTaylor/smartcommitstest', 7, '2015-10-06 10:29:03', 'https://bitbucket.org/GTTaylor/smartcommitstest/pull-requests/1');
INSERT INTO AO_E8B6CC_PR_ISSUE_KEY (DOMAIN_ID, ID, ISSUE_KEY, PULL_REQUEST_ID) VALUES (7, 333, 'TEST-2', 333);

INSERT INTO AO_E8B6CC_PULL_REQUEST (AUTHOR, COMMENT_COUNT, CREATED_ON, DESTINATION_BRANCH, DOMAIN_ID, EXECUTED_BY, ID, LAST_STATUS, NAME, REMOTE_ID, SOURCE_BRANCH, SOURCE_REPO, TO_REPOSITORY_ID, UPDATED_ON, URL) VALUES ('GTTaylor', 0, '2015-10-06 10:29:03', 'master', 7, 'GTTaylor', 334, 'OPEN', 'asdf created online with Bitbucket', 1, 'TEST-2-nemo-et-dolore-cum-soluta-qui', 'GTTaylor/smartcommitstest', 7, '2015-10-06 10:29:03', 'https://bitbucket.org/GTTaylor/smartcommitstest/pull-requests/1');
INSERT INTO AO_E8B6CC_PR_ISSUE_KEY (DOMAIN_ID, ID, ISSUE_KEY, PULL_REQUEST_ID) VALUES (7, 334, 'TEST-2', 334);

INSERT INTO AO_E8B6CC_PULL_REQUEST (AUTHOR, COMMENT_COUNT, CREATED_ON, DESTINATION_BRANCH, DOMAIN_ID, EXECUTED_BY, ID, LAST_STATUS, NAME, REMOTE_ID, SOURCE_BRANCH, SOURCE_REPO, TO_REPOSITORY_ID, UPDATED_ON, URL) VALUES ('GTTaylor', 0, '2015-10-06 10:29:03', 'master', 7, 'GTTaylor', 335, 'OPEN', 'asdf created online with Bitbucket', 1, 'TEST-2-nemo-et-dolore-cum-soluta-qui', 'GTTaylor/smartcommitstest', 7, '2015-10-06 10:29:03', 'https://bitbucket.org/GTTaylor/smartcommitstest/pull-requests/1');
INSERT INTO AO_E8B6CC_PR_ISSUE_KEY (DOMAIN_ID, ID, ISSUE_KEY, PULL_REQUEST_ID) VALUES (7, 335, 'TEST-2', 335);

INSERT INTO AO_E8B6CC_PULL_REQUEST (AUTHOR, COMMENT_COUNT, CREATED_ON, DESTINATION_BRANCH, DOMAIN_ID, EXECUTED_BY, ID, LAST_STATUS, NAME, REMOTE_ID, SOURCE_BRANCH, SOURCE_REPO, TO_REPOSITORY_ID, UPDATED_ON, URL) VALUES ('GTTaylor', 0, '2015-10-06 10:29:03', 'master', 7, 'GTTaylor', 336, 'OPEN', 'asdf created online with Bitbucket', 1, 'TEST-2-nemo-et-dolore-cum-soluta-qui', 'GTTaylor/smartcommitstest', 7, '2015-10-06 10:29:03', 'https://bitbucket.org/GTTaylor/smartcommitstest/pull-requests/1');
INSERT INTO AO_E8B6CC_PR_ISSUE_KEY (DOMAIN_ID, ID, ISSUE_KEY, PULL_REQUEST_ID) VALUES (7, 336, 'TEST-2', 336);

INSERT INTO AO_E8B6CC_PULL_REQUEST (AUTHOR, COMMENT_COUNT, CREATED_ON, DESTINATION_BRANCH, DOMAIN_ID, EXECUTED_BY, ID, LAST_STATUS, NAME, REMOTE_ID, SOURCE_BRANCH, SOURCE_REPO, TO_REPOSITORY_ID, UPDATED_ON, URL) VALUES ('GTTaylor', 0, '2015-10-06 10:29:03', 'master', 7, 'GTTaylor', 337, 'OPEN', 'asdf created online with Bitbucket', 1, 'TEST-2-nemo-et-dolore-cum-soluta-qui', 'GTTaylor/smartcommitstest', 7, '2015-10-06 10:29:03', 'https://bitbucket.org/GTTaylor/smartcommitstest/pull-requests/1');
INSERT INTO AO_E8B6CC_PR_ISSUE_KEY (DOMAIN_ID, ID, ISSUE_KEY, PULL_REQUEST_ID) VALUES (7, 337, 'TEST-2', 337);

INSERT INTO AO_E8B6CC_PULL_REQUEST (AUTHOR, COMMENT_COUNT, CREATED_ON, DESTINATION_BRANCH, DOMAIN_ID, EXECUTED_BY, ID, LAST_STATUS, NAME, REMOTE_ID, SOURCE_BRANCH, SOURCE_REPO, TO_REPOSITORY_ID, UPDATED_ON, URL) VALUES ('GTTaylor', 0, '2015-10-06 10:29:03', 'master', 7, 'GTTaylor', 338, 'OPEN', 'asdf created online with Bitbucket', 1, 'TEST-2-nemo-et-dolore-cum-soluta-qui', 'GTTaylor/smartcommitstest', 7, '2015-10-06 10:29:03', 'https://bitbucket.org/GTTaylor/smartcommitstest/pull-requests/1');
INSERT INTO AO_E8B6CC_PR_ISSUE_KEY (DOMAIN_ID, ID, ISSUE_KEY, PULL_REQUEST_ID) VALUES (7, 338, 'TEST-2', 338);

INSERT INTO AO_E8B6CC_PULL_REQUEST (AUTHOR, COMMENT_COUNT, CREATED_ON, DESTINATION_BRANCH, DOMAIN_ID, EXECUTED_BY, ID, LAST_STATUS, NAME, REMOTE_ID, SOURCE_BRANCH, SOURCE_REPO, TO_REPOSITORY_ID, UPDATED_ON, URL) VALUES ('GTTaylor', 0, '2015-10-06 10:29:03', 'master', 7, 'GTTaylor', 339, 'OPEN', 'asdf created online with Bitbucket', 1, 'TEST-2-nemo-et-dolore-cum-soluta-qui', 'GTTaylor/smartcommitstest', 7, '2015-10-06 10:29:03', 'https://bitbucket.org/GTTaylor/smartcommitstest/pull-requests/1');
INSERT INTO AO_E8B6CC_PR_ISSUE_KEY (DOMAIN_ID, ID, ISSUE_KEY, PULL_REQUEST_ID) VALUES (7, 339, 'TEST-2', 339);

INSERT INTO AO_E8B6CC_PULL_REQUEST (AUTHOR, COMMENT_COUNT, CREATED_ON, DESTINATION_BRANCH, DOMAIN_ID, EXECUTED_BY, ID, LAST_STATUS, NAME, REMOTE_ID, SOURCE_BRANCH, SOURCE_REPO, TO_REPOSITORY_ID, UPDATED_ON, URL) VALUES ('GTTaylor', 0, '2015-10-06 10:29:03', 'master', 7, 'GTTaylor', 340, 'OPEN', 'asdf created online with Bitbucket', 1, 'TEST-2-nemo-et-dolore-cum-soluta-qui', 'GTTaylor/smartcommitstest', 7, '2015-10-06 10:29:03', 'https://bitbucket.org/GTTaylor/smartcommitstest/pull-requests/1');
INSERT INTO AO_E8B6CC_PR_ISSUE_KEY (DOMAIN_ID, ID, ISSUE_KEY, PULL_REQUEST_ID) VALUES (7, 340, 'TEST-2', 340);

INSERT INTO AO_E8B6CC_PULL_REQUEST (AUTHOR, COMMENT_COUNT, CREATED_ON, DESTINATION_BRANCH, DOMAIN_ID, EXECUTED_BY, ID, LAST_STATUS, NAME, REMOTE_ID, SOURCE_BRANCH, SOURCE_REPO, TO_REPOSITORY_ID, UPDATED_ON, URL) VALUES ('GTTaylor', 0, '2015-10-06 10:29:03', 'master', 7, 'GTTaylor', 341, 'OPEN', 'asdf created online with Bitbucket', 1, 'TEST-2-nemo-et-dolore-cum-soluta-qui', 'GTTaylor/smartcommitstest', 7, '2015-10-06 10:29:03', 'https://bitbucket.org/GTTaylor/smartcommitstest/pull-requests/1');
INSERT INTO AO_E8B6CC_PR_ISSUE_KEY (DOMAIN_ID, ID, ISSUE_KEY, PULL_REQUEST_ID) VALUES (7, 341, 'TEST-2', 341);

INSERT INTO AO_E8B6CC_PULL_REQUEST (AUTHOR, COMMENT_COUNT, CREATED_ON, DESTINATION_BRANCH, DOMAIN_ID, EXECUTED_BY, ID, LAST_STATUS, NAME, REMOTE_ID, SOURCE_BRANCH, SOURCE_REPO, TO_REPOSITORY_ID, UPDATED_ON, URL) VALUES ('GTTaylor', 0, '2015-10-06 10:29:03', 'master', 7, 'GTTaylor', 342, 'OPEN', 'asdf created online with Bitbucket', 1, 'TEST-2-nemo-et-dolore-cum-soluta-qui', 'GTTaylor/smartcommitstest', 7, '2015-10-06 10:29:03', 'https://bitbucket.org/GTTaylor/smartcommitstest/pull-requests/1');
INSERT INTO AO_E8B6CC_PR_ISSUE_KEY (DOMAIN_ID, ID, ISSUE_KEY, PULL_REQUEST_ID) VALUES (7, 342, 'TEST-2', 342);

INSERT INTO AO_E8B6CC_PULL_REQUEST (AUTHOR, COMMENT_COUNT, CREATED_ON, DESTINATION_BRANCH, DOMAIN_ID, EXECUTED_BY, ID, LAST_STATUS, NAME, REMOTE_ID, SOURCE_BRANCH, SOURCE_REPO, TO_REPOSITORY_ID, UPDATED_ON, URL) VALUES ('GTTaylor', 0, '2015-10-06 10:29:03', 'master', 7, 'GTTaylor', 343, 'OPEN', 'asdf created online with Bitbucket', 1, 'TEST-2-nemo-et-dolore-cum-soluta-qui', 'GTTaylor/smartcommitstest', 7, '2015-10-06 10:29:03', 'https://bitbucket.org/GTTaylor/smartcommitstest/pull-requests/1');
INSERT INTO AO_E8B6CC_PR_ISSUE_KEY (DOMAIN_ID, ID, ISSUE_KEY, PULL_REQUEST_ID) VALUES (7, 343, 'TEST-2', 343);

INSERT INTO AO_E8B6CC_PULL_REQUEST (AUTHOR, COMMENT_COUNT, CREATED_ON, DESTINATION_BRANCH, DOMAIN_ID, EXECUTED_BY, ID, LAST_STATUS, NAME, REMOTE_ID, SOURCE_BRANCH, SOURCE_REPO, TO_REPOSITORY_ID, UPDATED_ON, URL) VALUES ('GTTaylor', 0, '2015-10-06 10:29:03', 'master', 7, 'GTTaylor', 344, 'OPEN', 'asdf created online with Bitbucket', 1, 'TEST-2-nemo-et-dolore-cum-soluta-qui', 'GTTaylor/smartcommitstest', 7, '2015-10-06 10:29:03', 'https://bitbucket.org/GTTaylor/smartcommitstest/pull-requests/1');
INSERT INTO AO_E8B6CC_PR_ISSUE_KEY (DOMAIN_ID, ID, ISSUE_KEY, PULL_REQUEST_ID) VALUES (7, 344, 'TEST-2', 344);

INSERT INTO AO_E8B6CC_PULL_REQUEST (AUTHOR, COMMENT_COUNT, CREATED_ON, DESTINATION_BRANCH, DOMAIN_ID, EXECUTED_BY, ID, LAST_STATUS, NAME, REMOTE_ID, SOURCE_BRANCH, SOURCE_REPO, TO_REPOSITORY_ID, UPDATED_ON, URL) VALUES ('GTTaylor', 0, '2015-10-06 10:29:03', 'master', 7, 'GTTaylor', 345, 'OPEN', 'asdf created online with Bitbucket', 1, 'TEST-2-nemo-et-dolore-cum-soluta-qui', 'GTTaylor/smartcommitstest', 7, '2015-10-06 10:29:03', 'https://bitbucket.org/GTTaylor/smartcommitstest/pull-requests/1');
INSERT INTO AO_E8B6CC_PR_ISSUE_KEY (DOMAIN_ID, ID, ISSUE_KEY, PULL_REQUEST_ID) VALUES (7, 345, 'TEST-2', 345);

INSERT INTO AO_E8B6CC_PULL_REQUEST (AUTHOR, COMMENT_COUNT, CREATED_ON, DESTINATION_BRANCH, DOMAIN_ID, EXECUTED_BY, ID, LAST_STATUS, NAME, REMOTE_ID, SOURCE_BRANCH, SOURCE_REPO, TO_REPOSITORY_ID, UPDATED_ON, URL) VALUES ('GTTaylor', 0, '2015-10-06 10:29:03', 'master', 7, 'GTTaylor', 346, 'OPEN', 'asdf created online with Bitbucket', 1, 'TEST-2-nemo-et-dolore-cum-soluta-qui', 'GTTaylor/smartcommitstest', 7, '2015-10-06 10:29:03', 'https://bitbucket.org/GTTaylor/smartcommitstest/pull-requests/1');
INSERT INTO AO_E8B6CC_PR_ISSUE_KEY (DOMAIN_ID, ID, ISSUE_KEY, PULL_REQUEST_ID) VALUES (7, 346, 'TEST-2', 346);

INSERT INTO AO_E8B6CC_PULL_REQUEST (AUTHOR, COMMENT_COUNT, CREATED_ON, DESTINATION_BRANCH, DOMAIN_ID, EXECUTED_BY, ID, LAST_STATUS, NAME, REMOTE_ID, SOURCE_BRANCH, SOURCE_REPO, TO_REPOSITORY_ID, UPDATED_ON, URL) VALUES ('GTTaylor', 0, '2015-10-06 10:29:03', 'master', 7, 'GTTaylor', 347, 'OPEN', 'asdf created online with Bitbucket', 1, 'TEST-2-nemo-et-dolore-cum-soluta-qui', 'GTTaylor/smartcommitstest', 7, '2015-10-06 10:29:03', 'https://bitbucket.org/GTTaylor/smartcommitstest/pull-requests/1');
INSERT INTO AO_E8B6CC_PR_ISSUE_KEY (DOMAIN_ID, ID, ISSUE_KEY, PULL_REQUEST_ID) VALUES (7, 347, 'TEST-2', 347);

INSERT INTO AO_E8B6CC_PULL_REQUEST (AUTHOR, COMMENT_COUNT, CREATED_ON, DESTINATION_BRANCH, DOMAIN_ID, EXECUTED_BY, ID, LAST_STATUS, NAME, REMOTE_ID, SOURCE_BRANCH, SOURCE_REPO, TO_REPOSITORY_ID, UPDATED_ON, URL) VALUES ('GTTaylor', 0, '2015-10-06 10:29:03', 'master', 7, 'GTTaylor', 348, 'OPEN', 'asdf created online with Bitbucket', 1, 'TEST-2-nemo-et-dolore-cum-soluta-qui', 'GTTaylor/smartcommitstest', 7, '2015-10-06 10:29:03', 'https://bitbucket.org/GTTaylor/smartcommitstest/pull-requests/1');
INSERT INTO AO_E8B6CC_PR_ISSUE_KEY (DOMAIN_ID, ID, ISSUE_KEY, PULL_REQUEST_ID) VALUES (7, 348, 'TEST-2', 348);

INSERT INTO AO_E8B6CC_PULL_REQUEST (AUTHOR, COMMENT_COUNT, CREATED_ON, DESTINATION_BRANCH, DOMAIN_ID, EXECUTED_BY, ID, LAST_STATUS, NAME, REMOTE_ID, SOURCE_BRANCH, SOURCE_REPO, TO_REPOSITORY_ID, UPDATED_ON, URL) VALUES ('GTTaylor', 0, '2015-10-06 10:29:03', 'master', 7, 'GTTaylor', 349, 'OPEN', 'asdf created online with Bitbucket', 1, 'TEST-2-nemo-et-dolore-cum-soluta-qui', 'GTTaylor/smartcommitstest', 7, '2015-10-06 10:29:03', 'https://bitbucket.org/GTTaylor/smartcommitstest/pull-requests/1');
INSERT INTO AO_E8B6CC_PR_ISSUE_KEY (DOMAIN_ID, ID, ISSUE_KEY, PULL_REQUEST_ID) VALUES (7, 349, 'TEST-2', 349);

INSERT INTO AO_E8B6CC_PULL_REQUEST (AUTHOR, COMMENT_COUNT, CREATED_ON, DESTINATION_BRANCH, DOMAIN_ID, EXECUTED_BY, ID, LAST_STATUS, NAME, REMOTE_ID, SOURCE_BRANCH, SOURCE_REPO, TO_REPOSITORY_ID, UPDATED_ON, URL) VALUES ('GTTaylor', 0, '2015-10-06 10:29:03', 'master', 7, 'GTTaylor', 350, 'OPEN', 'asdf created online with Bitbucket', 1, 'TEST-2-nemo-et-dolore-cum-soluta-qui', 'GTTaylor/smartcommitstest', 7, '2015-10-06 10:29:03', 'https://bitbucket.org/GTTaylor/smartcommitstest/pull-requests/1');
INSERT INTO AO_E8B6CC_PR_ISSUE_KEY (DOMAIN_ID, ID, ISSUE_KEY, PULL_REQUEST_ID) VALUES (7, 350, 'TEST-2', 350);

INSERT INTO AO_E8B6CC_PULL_REQUEST (AUTHOR, COMMENT_COUNT, CREATED_ON, DESTINATION_BRANCH, DOMAIN_ID, EXECUTED_BY, ID, LAST_STATUS, NAME, REMOTE_ID, SOURCE_BRANCH, SOURCE_REPO, TO_REPOSITORY_ID, UPDATED_ON, URL) VALUES ('GTTaylor', 0, '2015-10-06 10:29:03', 'master', 7, 'GTTaylor', 351, 'OPEN', 'asdf created online with Bitbucket', 1, 'TEST-2-nemo-et-dolore-cum-soluta-qui', 'GTTaylor/smartcommitstest', 7, '2015-10-06 10:29:03', 'https://bitbucket.org/GTTaylor/smartcommitstest/pull-requests/1');
INSERT INTO AO_E8B6CC_PR_ISSUE_KEY (DOMAIN_ID, ID, ISSUE_KEY, PULL_REQUEST_ID) VALUES (7, 351, 'TEST-2', 351);

INSERT INTO AO_E8B6CC_PULL_REQUEST (AUTHOR, COMMENT_COUNT, CREATED_ON, DESTINATION_BRANCH, DOMAIN_ID, EXECUTED_BY, ID, LAST_STATUS, NAME, REMOTE_ID, SOURCE_BRANCH, SOURCE_REPO, TO_REPOSITORY_ID, UPDATED_ON, URL) VALUES ('GTTaylor', 0, '2015-10-06 10:29:03', 'master', 7, 'GTTaylor', 352, 'OPEN', 'asdf created online with Bitbucket', 1, 'TEST-2-nemo-et-dolore-cum-soluta-qui', 'GTTaylor/smartcommitstest', 7, '2015-10-06 10:29:03', 'https://bitbucket.org/GTTaylor/smartcommitstest/pull-requests/1');
INSERT INTO AO_E8B6CC_PR_ISSUE_KEY (DOMAIN_ID, ID, ISSUE_KEY, PULL_REQUEST_ID) VALUES (7, 352, 'TEST-2', 352);

INSERT INTO AO_E8B6CC_PULL_REQUEST (AUTHOR, COMMENT_COUNT, CREATED_ON, DESTINATION_BRANCH, DOMAIN_ID, EXECUTED_BY, ID, LAST_STATUS, NAME, REMOTE_ID, SOURCE_BRANCH, SOURCE_REPO, TO_REPOSITORY_ID, UPDATED_ON, URL) VALUES ('GTTaylor', 0, '2015-10-06 10:29:03', 'master', 7, 'GTTaylor', 353, 'OPEN', 'asdf created online with Bitbucket', 1, 'TEST-2-nemo-et-dolore-cum-soluta-qui', 'GTTaylor/smartcommitstest', 7, '2015-10-06 10:29:03', 'https://bitbucket.org/GTTaylor/smartcommitstest/pull-requests/1');
INSERT INTO AO_E8B6CC_PR_ISSUE_KEY (DOMAIN_ID, ID, ISSUE_KEY, PULL_REQUEST_ID) VALUES (7, 353, 'TEST-2', 353);

INSERT INTO AO_E8B6CC_PULL_REQUEST (AUTHOR, COMMENT_COUNT, CREATED_ON, DESTINATION_BRANCH, DOMAIN_ID, EXECUTED_BY, ID, LAST_STATUS, NAME, REMOTE_ID, SOURCE_BRANCH, SOURCE_REPO, TO_REPOSITORY_ID, UPDATED_ON, URL) VALUES ('GTTaylor', 0, '2015-10-06 10:29:03', 'master', 7, 'GTTaylor', 354, 'OPEN', 'asdf created online with Bitbucket', 1, 'TEST-2-nemo-et-dolore-cum-soluta-qui', 'GTTaylor/smartcommitstest', 7, '2015-10-06 10:29:03', 'https://bitbucket.org/GTTaylor/smartcommitstest/pull-requests/1');
INSERT INTO AO_E8B6CC_PR_ISSUE_KEY (DOMAIN_ID, ID, ISSUE_KEY, PULL_REQUEST_ID) VALUES (7, 354, 'TEST-2', 354);

INSERT INTO AO_E8B6CC_PULL_REQUEST (AUTHOR, COMMENT_COUNT, CREATED_ON, DESTINATION_BRANCH, DOMAIN_ID, EXECUTED_BY, ID, LAST_STATUS, NAME, REMOTE_ID, SOURCE_BRANCH, SOURCE_REPO, TO_REPOSITORY_ID, UPDATED_ON, URL) VALUES ('GTTaylor', 0, '2015-10-06 10:29:03', 'master', 7, 'GTTaylor', 355, 'OPEN', 'asdf created online with Bitbucket', 1, 'TEST-2-nemo-et-dolore-cum-soluta-qui', 'GTTaylor/smartcommitstest', 7, '2015-10-06 10:29:03', 'https://bitbucket.org/GTTaylor/smartcommitstest/pull-requests/1');
INSERT INTO AO_E8B6CC_PR_ISSUE_KEY (DOMAIN_ID, ID, ISSUE_KEY, PULL_REQUEST_ID) VALUES (7, 355, 'TEST-2', 355);

INSERT INTO AO_E8B6CC_PULL_REQUEST (AUTHOR, COMMENT_COUNT, CREATED_ON, DESTINATION_BRANCH, DOMAIN_ID, EXECUTED_BY, ID, LAST_STATUS, NAME, REMOTE_ID, SOURCE_BRANCH, SOURCE_REPO, TO_REPOSITORY_ID, UPDATED_ON, URL) VALUES ('GTTaylor', 0, '2015-10-06 10:29:03', 'master', 7, 'GTTaylor', 356, 'OPEN', 'asdf created online with Bitbucket', 1, 'TEST-2-nemo-et-dolore-cum-soluta-qui', 'GTTaylor/smartcommitstest', 7, '2015-10-06 10:29:03', 'https://bitbucket.org/GTTaylor/smartcommitstest/pull-requests/1');
INSERT INTO AO_E8B6CC_PR_ISSUE_KEY (DOMAIN_ID, ID, ISSUE_KEY, PULL_REQUEST_ID) VALUES (7, 356, 'TEST-2', 356);

INSERT INTO AO_E8B6CC_PULL_REQUEST (AUTHOR, COMMENT_COUNT, CREATED_ON, DESTINATION_BRANCH, DOMAIN_ID, EXECUTED_BY, ID, LAST_STATUS, NAME, REMOTE_ID, SOURCE_BRANCH, SOURCE_REPO, TO_REPOSITORY_ID, UPDATED_ON, URL) VALUES ('GTTaylor', 0, '2015-10-06 10:29:03', 'master', 7, 'GTTaylor', 357, 'OPEN', 'asdf created online with Bitbucket', 1, 'TEST-2-nemo-et-dolore-cum-soluta-qui', 'GTTaylor/smartcommitstest', 7, '2015-10-06 10:29:03', 'https://bitbucket.org/GTTaylor/smartcommitstest/pull-requests/1');
INSERT INTO AO_E8B6CC_PR_ISSUE_KEY (DOMAIN_ID, ID, ISSUE_KEY, PULL_REQUEST_ID) VALUES (7, 357, 'TEST-2', 357);

INSERT INTO AO_E8B6CC_PULL_REQUEST (AUTHOR, COMMENT_COUNT, CREATED_ON, DESTINATION_BRANCH, DOMAIN_ID, EXECUTED_BY, ID, LAST_STATUS, NAME, REMOTE_ID, SOURCE_BRANCH, SOURCE_REPO, TO_REPOSITORY_ID, UPDATED_ON, URL) VALUES ('GTTaylor', 0, '2015-10-06 10:29:03', 'master', 7, 'GTTaylor', 358, 'OPEN', 'asdf created online with Bitbucket', 1, 'TEST-2-nemo-et-dolore-cum-soluta-qui', 'GTTaylor/smartcommitstest', 7, '2015-10-06 10:29:03', 'https://bitbucket.org/GTTaylor/smartcommitstest/pull-requests/1');
INSERT INTO AO_E8B6CC_PR_ISSUE_KEY (DOMAIN_ID, ID, ISSUE_KEY, PULL_REQUEST_ID) VALUES (7, 358, 'TEST-2', 358);

INSERT INTO AO_E8B6CC_PULL_REQUEST (AUTHOR, COMMENT_COUNT, CREATED_ON, DESTINATION_BRANCH, DOMAIN_ID, EXECUTED_BY, ID, LAST_STATUS, NAME, REMOTE_ID, SOURCE_BRANCH, SOURCE_REPO, TO_REPOSITORY_ID, UPDATED_ON, URL) VALUES ('GTTaylor', 0, '2015-10-06 10:29:03', 'master', 7, 'GTTaylor', 359, 'OPEN', 'asdf created online with Bitbucket', 1, 'TEST-2-nemo-et-dolore-cum-soluta-qui', 'GTTaylor/smartcommitstest', 7, '2015-10-06 10:29:03', 'https://bitbucket.org/GTTaylor/smartcommitstest/pull-requests/1');
INSERT INTO AO_E8B6CC_PR_ISSUE_KEY (DOMAIN_ID, ID, ISSUE_KEY, PULL_REQUEST_ID) VALUES (7, 359, 'TEST-2', 359);

INSERT INTO AO_E8B6CC_PULL_REQUEST (AUTHOR, COMMENT_COUNT, CREATED_ON, DESTINATION_BRANCH, DOMAIN_ID, EXECUTED_BY, ID, LAST_STATUS, NAME, REMOTE_ID, SOURCE_BRANCH, SOURCE_REPO, TO_REPOSITORY_ID, UPDATED_ON, URL) VALUES ('GTTaylor', 0, '2015-10-06 10:29:03', 'master', 7, 'GTTaylor', 360, 'OPEN', 'asdf created online with Bitbucket', 1, 'TEST-2-nemo-et-dolore-cum-soluta-qui', 'GTTaylor/smartcommitstest', 7, '2015-10-06 10:29:03', 'https://bitbucket.org/GTTaylor/smartcommitstest/pull-requests/1');
INSERT INTO AO_E8B6CC_PR_ISSUE_KEY (DOMAIN_ID, ID, ISSUE_KEY, PULL_REQUEST_ID) VALUES (7, 360, 'TEST-2', 360);

INSERT INTO AO_E8B6CC_PULL_REQUEST (AUTHOR, COMMENT_COUNT, CREATED_ON, DESTINATION_BRANCH, DOMAIN_ID, EXECUTED_BY, ID, LAST_STATUS, NAME, REMOTE_ID, SOURCE_BRANCH, SOURCE_REPO, TO_REPOSITORY_ID, UPDATED_ON, URL) VALUES ('GTTaylor', 0, '2015-10-06 10:29:03', 'master', 7, 'GTTaylor', 361, 'OPEN', 'asdf created online with Bitbucket', 1, 'TEST-2-nemo-et-dolore-cum-soluta-qui', 'GTTaylor/smartcommitstest', 7, '2015-10-06 10:29:03', 'https://bitbucket.org/GTTaylor/smartcommitstest/pull-requests/1');
INSERT INTO AO_E8B6CC_PR_ISSUE_KEY (DOMAIN_ID, ID, ISSUE_KEY, PULL_REQUEST_ID) VALUES (7, 361, 'TEST-2', 361);

INSERT INTO AO_E8B6CC_PULL_REQUEST (AUTHOR, COMMENT_COUNT, CREATED_ON, DESTINATION_BRANCH, DOMAIN_ID, EXECUTED_BY, ID, LAST_STATUS, NAME, REMOTE_ID, SOURCE_BRANCH, SOURCE_REPO, TO_REPOSITORY_ID, UPDATED_ON, URL) VALUES ('GTTaylor', 0, '2015-10-06 10:29:03', 'master', 7, 'GTTaylor', 362, 'OPEN', 'asdf created online with Bitbucket', 1, 'TEST-2-nemo-et-dolore-cum-soluta-qui', 'GTTaylor/smartcommitstest', 7, '2015-10-06 10:29:03', 'https://bitbucket.org/GTTaylor/smartcommitstest/pull-requests/1');
INSERT INTO AO_E8B6CC_PR_ISSUE_KEY (DOMAIN_ID, ID, ISSUE_KEY, PULL_REQUEST_ID) VALUES (7, 362, 'TEST-2', 362);

INSERT INTO AO_E8B6CC_PULL_REQUEST (AUTHOR, COMMENT_COUNT, CREATED_ON, DESTINATION_BRANCH, DOMAIN_ID, EXECUTED_BY, ID, LAST_STATUS, NAME, REMOTE_ID, SOURCE_BRANCH, SOURCE_REPO, TO_REPOSITORY_ID, UPDATED_ON, URL) VALUES ('GTTaylor', 0, '2015-10-06 10:29:03', 'master', 7, 'GTTaylor', 363, 'OPEN', 'asdf created online with Bitbucket', 1, 'TEST-2-nemo-et-dolore-cum-soluta-qui', 'GTTaylor/smartcommitstest', 7, '2015-10-06 10:29:03', 'https://bitbucket.org/GTTaylor/smartcommitstest/pull-requests/1');
INSERT INTO AO_E8B6CC_PR_ISSUE_KEY (DOMAIN_ID, ID, ISSUE_KEY, PULL_REQUEST_ID) VALUES (7, 363, 'TEST-2', 363);

INSERT INTO AO_E8B6CC_PULL_REQUEST (AUTHOR, COMMENT_COUNT, CREATED_ON, DESTINATION_BRANCH, DOMAIN_ID, EXECUTED_BY, ID, LAST_STATUS, NAME, REMOTE_ID, SOURCE_BRANCH, SOURCE_REPO, TO_REPOSITORY_ID, UPDATED_ON, URL) VALUES ('GTTaylor', 0, '2015-10-06 10:29:03', 'master', 7, 'GTTaylor', 364, 'OPEN', 'asdf created online with Bitbucket', 1, 'TEST-2-nemo-et-dolore-cum-soluta-qui', 'GTTaylor/smartcommitstest', 7, '2015-10-06 10:29:03', 'https://bitbucket.org/GTTaylor/smartcommitstest/pull-requests/1');
INSERT INTO AO_E8B6CC_PR_ISSUE_KEY (DOMAIN_ID, ID, ISSUE_KEY, PULL_REQUEST_ID) VALUES (7, 364, 'TEST-2', 364);

INSERT INTO AO_E8B6CC_PULL_REQUEST (AUTHOR, COMMENT_COUNT, CREATED_ON, DESTINATION_BRANCH, DOMAIN_ID, EXECUTED_BY, ID, LAST_STATUS, NAME, REMOTE_ID, SOURCE_BRANCH, SOURCE_REPO, TO_REPOSITORY_ID, UPDATED_ON, URL) VALUES ('GTTaylor', 0, '2015-10-06 10:29:03', 'master', 7, 'GTTaylor', 365, 'OPEN', 'asdf created online with Bitbucket', 1, 'TEST-2-nemo-et-dolore-cum-soluta-qui', 'GTTaylor/smartcommitstest', 7, '2015-10-06 10:29:03', 'https://bitbucket.org/GTTaylor/smartcommitstest/pull-requests/1');
INSERT INTO AO_E8B6CC_PR_ISSUE_KEY (DOMAIN_ID, ID, ISSUE_KEY, PULL_REQUEST_ID) VALUES (7, 365, 'TEST-2', 365);

INSERT INTO AO_E8B6CC_PULL_REQUEST (AUTHOR, COMMENT_COUNT, CREATED_ON, DESTINATION_BRANCH, DOMAIN_ID, EXECUTED_BY, ID, LAST_STATUS, NAME, REMOTE_ID, SOURCE_BRANCH, SOURCE_REPO, TO_REPOSITORY_ID, UPDATED_ON, URL) VALUES ('GTTaylor', 0, '2015-10-06 10:29:03', 'master', 7, 'GTTaylor', 366, 'OPEN', 'asdf created online with Bitbucket', 1, 'TEST-2-nemo-et-dolore-cum-soluta-qui', 'GTTaylor/smartcommitstest', 7, '2015-10-06 10:29:03', 'https://bitbucket.org/GTTaylor/smartcommitstest/pull-requests/1');
INSERT INTO AO_E8B6CC_PR_ISSUE_KEY (DOMAIN_ID, ID, ISSUE_KEY, PULL_REQUEST_ID) VALUES (7, 366, 'TEST-2', 366);

INSERT INTO AO_E8B6CC_PULL_REQUEST (AUTHOR, COMMENT_COUNT, CREATED_ON, DESTINATION_BRANCH, DOMAIN_ID, EXECUTED_BY, ID, LAST_STATUS, NAME, REMOTE_ID, SOURCE_BRANCH, SOURCE_REPO, TO_REPOSITORY_ID, UPDATED_ON, URL) VALUES ('GTTaylor', 0, '2015-10-06 10:29:03', 'master', 7, 'GTTaylor', 367, 'OPEN', 'asdf created online with Bitbucket', 1, 'TEST-2-nemo-et-dolore-cum-soluta-qui', 'GTTaylor/smartcommitstest', 7, '2015-10-06 10:29:03', 'https://bitbucket.org/GTTaylor/smartcommitstest/pull-requests/1');
INSERT INTO AO_E8B6CC_PR_ISSUE_KEY (DOMAIN_ID, ID, ISSUE_KEY, PULL_REQUEST_ID) VALUES (7, 367, 'TEST-2', 367);

INSERT INTO AO_E8B6CC_PULL_REQUEST (AUTHOR, COMMENT_COUNT, CREATED_ON, DESTINATION_BRANCH, DOMAIN_ID, EXECUTED_BY, ID, LAST_STATUS, NAME, REMOTE_ID, SOURCE_BRANCH, SOURCE_REPO, TO_REPOSITORY_ID, UPDATED_ON, URL) VALUES ('GTTaylor', 0, '2015-10-06 10:29:03', 'master', 7, 'GTTaylor', 368, 'OPEN', 'asdf created online with Bitbucket', 1, 'TEST-2-nemo-et-dolore-cum-soluta-qui', 'GTTaylor/smartcommitstest', 7, '2015-10-06 10:29:03', 'https://bitbucket.org/GTTaylor/smartcommitstest/pull-requests/1');
INSERT INTO AO_E8B6CC_PR_ISSUE_KEY (DOMAIN_ID, ID, ISSUE_KEY, PULL_REQUEST_ID) VALUES (7, 368, 'TEST-2', 368);

INSERT INTO AO_E8B6CC_PULL_REQUEST (AUTHOR, COMMENT_COUNT, CREATED_ON, DESTINATION_BRANCH, DOMAIN_ID, EXECUTED_BY, ID, LAST_STATUS, NAME, REMOTE_ID, SOURCE_BRANCH, SOURCE_REPO, TO_REPOSITORY_ID, UPDATED_ON, URL) VALUES ('GTTaylor', 0, '2015-10-06 10:29:03', 'master', 7, 'GTTaylor', 369, 'OPEN', 'asdf created online with Bitbucket', 1, 'TEST-2-nemo-et-dolore-cum-soluta-qui', 'GTTaylor/smartcommitstest', 7, '2015-10-06 10:29:03', 'https://bitbucket.org/GTTaylor/smartcommitstest/pull-requests/1');
INSERT INTO AO_E8B6CC_PR_ISSUE_KEY (DOMAIN_ID, ID, ISSUE_KEY, PULL_REQUEST_ID) VALUES (7, 369, 'TEST-2', 369);

INSERT INTO AO_E8B6CC_PULL_REQUEST (AUTHOR, COMMENT_COUNT, CREATED_ON, DESTINATION_BRANCH, DOMAIN_ID, EXECUTED_BY, ID, LAST_STATUS, NAME, REMOTE_ID, SOURCE_BRANCH, SOURCE_REPO, TO_REPOSITORY_ID, UPDATED_ON, URL) VALUES ('GTTaylor', 0, '2015-10-06 10:29:03', 'master', 7, 'GTTaylor', 370, 'OPEN', 'asdf created online with Bitbucket', 1, 'TEST-2-nemo-et-dolore-cum-soluta-qui', 'GTTaylor/smartcommitstest', 7, '2015-10-06 10:29:03', 'https://bitbucket.org/GTTaylor/smartcommitstest/pull-requests/1');
INSERT INTO AO_E8B6CC_PR_ISSUE_KEY (DOMAIN_ID, ID, ISSUE_KEY, PULL_REQUEST_ID) VALUES (7, 370, 'TEST-2', 370);

INSERT INTO AO_E8B6CC_PULL_REQUEST (AUTHOR, COMMENT_COUNT, CREATED_ON, DESTINATION_BRANCH, DOMAIN_ID, EXECUTED_BY, ID, LAST_STATUS, NAME, REMOTE_ID, SOURCE_BRANCH, SOURCE_REPO, TO_REPOSITORY_ID, UPDATED_ON, URL) VALUES ('GTTaylor', 0, '2015-10-06 10:29:03', 'master', 7, 'GTTaylor', 371, 'OPEN', 'asdf created online with Bitbucket', 1, 'TEST-2-nemo-et-dolore-cum-soluta-qui', 'GTTaylor/smartcommitstest', 7, '2015-10-06 10:29:03', 'https://bitbucket.org/GTTaylor/smartcommitstest/pull-requests/1');
INSERT INTO AO_E8B6CC_PR_ISSUE_KEY (DOMAIN_ID, ID, ISSUE_KEY, PULL_REQUEST_ID) VALUES (7, 371, 'TEST-2', 371);

INSERT INTO AO_E8B6CC_PULL_REQUEST (AUTHOR, COMMENT_COUNT, CREATED_ON, DESTINATION_BRANCH, DOMAIN_ID, EXECUTED_BY, ID, LAST_STATUS, NAME, REMOTE_ID, SOURCE_BRANCH, SOURCE_REPO, TO_REPOSITORY_ID, UPDATED_ON, URL) VALUES ('GTTaylor', 0, '2015-10-06 10:29:03', 'master', 7, 'GTTaylor', 372, 'OPEN', 'asdf created online with Bitbucket', 1, 'TEST-2-nemo-et-dolore-cum-soluta-qui', 'GTTaylor/smartcommitstest', 7, '2015-10-06 10:29:03', 'https://bitbucket.org/GTTaylor/smartcommitstest/pull-requests/1');
INSERT INTO AO_E8B6CC_PR_ISSUE_KEY (DOMAIN_ID, ID, ISSUE_KEY, PULL_REQUEST_ID) VALUES (7, 372, 'TEST-2', 372);

INSERT INTO AO_E8B6CC_PULL_REQUEST (AUTHOR, COMMENT_COUNT, CREATED_ON, DESTINATION_BRANCH, DOMAIN_ID, EXECUTED_BY, ID, LAST_STATUS, NAME, REMOTE_ID, SOURCE_BRANCH, SOURCE_REPO, TO_REPOSITORY_ID, UPDATED_ON, URL) VALUES ('GTTaylor', 0, '2015-10-06 10:29:03', 'master', 7, 'GTTaylor', 373, 'OPEN', 'asdf created online with Bitbucket', 1, 'TEST-2-nemo-et-dolore-cum-soluta-qui', 'GTTaylor/smartcommitstest', 7, '2015-10-06 10:29:03', 'https://bitbucket.org/GTTaylor/smartcommitstest/pull-requests/1');
INSERT INTO AO_E8B6CC_PR_ISSUE_KEY (DOMAIN_ID, ID, ISSUE_KEY, PULL_REQUEST_ID) VALUES (7, 373, 'TEST-2', 373);

INSERT INTO AO_E8B6CC_PULL_REQUEST (AUTHOR, COMMENT_COUNT, CREATED_ON, DESTINATION_BRANCH, DOMAIN_ID, EXECUTED_BY, ID, LAST_STATUS, NAME, REMOTE_ID, SOURCE_BRANCH, SOURCE_REPO, TO_REPOSITORY_ID, UPDATED_ON, URL) VALUES ('GTTaylor', 0, '2015-10-06 10:29:03', 'master', 7, 'GTTaylor', 374, 'OPEN', 'asdf created online with Bitbucket', 1, 'TEST-2-nemo-et-dolore-cum-soluta-qui', 'GTTaylor/smartcommitstest', 7, '2015-10-06 10:29:03', 'https://bitbucket.org/GTTaylor/smartcommitstest/pull-requests/1');
INSERT INTO AO_E8B6CC_PR_ISSUE_KEY (DOMAIN_ID, ID, ISSUE_KEY, PULL_REQUEST_ID) VALUES (7, 374, 'TEST-2', 374);

INSERT INTO AO_E8B6CC_PULL_REQUEST (AUTHOR, COMMENT_COUNT, CREATED_ON, DESTINATION_BRANCH, DOMAIN_ID, EXECUTED_BY, ID, LAST_STATUS, NAME, REMOTE_ID, SOURCE_BRANCH, SOURCE_REPO, TO_REPOSITORY_ID, UPDATED_ON, URL) VALUES ('GTTaylor', 0, '2015-10-06 10:29:03', 'master', 7, 'GTTaylor', 375, 'OPEN', 'asdf created online with Bitbucket', 1, 'TEST-2-nemo-et-dolore-cum-soluta-qui', 'GTTaylor/smartcommitstest', 7, '2015-10-06 10:29:03', 'https://bitbucket.org/GTTaylor/smartcommitstest/pull-requests/1');
INSERT INTO AO_E8B6CC_PR_ISSUE_KEY (DOMAIN_ID, ID, ISSUE_KEY, PULL_REQUEST_ID) VALUES (7, 375, 'TEST-2', 375);

INSERT INTO AO_E8B6CC_PULL_REQUEST (AUTHOR, COMMENT_COUNT, CREATED_ON, DESTINATION_BRANCH, DOMAIN_ID, EXECUTED_BY, ID, LAST_STATUS, NAME, REMOTE_ID, SOURCE_BRANCH, SOURCE_REPO, TO_REPOSITORY_ID, UPDATED_ON, URL) VALUES ('GTTaylor', 0, '2015-10-06 10:29:03', 'master', 7, 'GTTaylor', 376, 'OPEN', 'asdf created online with Bitbucket', 1, 'TEST-2-nemo-et-dolore-cum-soluta-qui', 'GTTaylor/smartcommitstest', 7, '2015-10-06 10:29:03', 'https://bitbucket.org/GTTaylor/smartcommitstest/pull-requests/1');
INSERT INTO AO_E8B6CC_PR_ISSUE_KEY (DOMAIN_ID, ID, ISSUE_KEY, PULL_REQUEST_ID) VALUES (7, 376, 'TEST-2', 376);

INSERT INTO AO_E8B6CC_PULL_REQUEST (AUTHOR, COMMENT_COUNT, CREATED_ON, DESTINATION_BRANCH, DOMAIN_ID, EXECUTED_BY, ID, LAST_STATUS, NAME, REMOTE_ID, SOURCE_BRANCH, SOURCE_REPO, TO_REPOSITORY_ID, UPDATED_ON, URL) VALUES ('GTTaylor', 0, '2015-10-06 10:29:03', 'master', 7, 'GTTaylor', 377, 'OPEN', 'asdf created online with Bitbucket', 1, 'TEST-2-nemo-et-dolore-cum-soluta-qui', 'GTTaylor/smartcommitstest', 7, '2015-10-06 10:29:03', 'https://bitbucket.org/GTTaylor/smartcommitstest/pull-requests/1');
INSERT INTO AO_E8B6CC_PR_ISSUE_KEY (DOMAIN_ID, ID, ISSUE_KEY, PULL_REQUEST_ID) VALUES (7, 377, 'TEST-2', 377);

INSERT INTO AO_E8B6CC_PULL_REQUEST (AUTHOR, COMMENT_COUNT, CREATED_ON, DESTINATION_BRANCH, DOMAIN_ID, EXECUTED_BY, ID, LAST_STATUS, NAME, REMOTE_ID, SOURCE_BRANCH, SOURCE_REPO, TO_REPOSITORY_ID, UPDATED_ON, URL) VALUES ('GTTaylor', 0, '2015-10-06 10:29:03', 'master', 7, 'GTTaylor', 378, 'OPEN', 'asdf created online with Bitbucket', 1, 'TEST-2-nemo-et-dolore-cum-soluta-qui', 'GTTaylor/smartcommitstest', 7, '2015-10-06 10:29:03', 'https://bitbucket.org/GTTaylor/smartcommitstest/pull-requests/1');
INSERT INTO AO_E8B6CC_PR_ISSUE_KEY (DOMAIN_ID, ID, ISSUE_KEY, PULL_REQUEST_ID) VALUES (7, 378, 'TEST-2', 378);

INSERT INTO AO_E8B6CC_PULL_REQUEST (AUTHOR, COMMENT_COUNT, CREATED_ON, DESTINATION_BRANCH, DOMAIN_ID, EXECUTED_BY, ID, LAST_STATUS, NAME, REMOTE_ID, SOURCE_BRANCH, SOURCE_REPO, TO_REPOSITORY_ID, UPDATED_ON, URL) VALUES ('GTTaylor', 0, '2015-10-06 10:29:03', 'master', 7, 'GTTaylor', 379, 'OPEN', 'asdf created online with Bitbucket', 1, 'TEST-2-nemo-et-dolore-cum-soluta-qui', 'GTTaylor/smartcommitstest', 7, '2015-10-06 10:29:03', 'https://bitbucket.org/GTTaylor/smartcommitstest/pull-requests/1');
INSERT INTO AO_E8B6CC_PR_ISSUE_KEY (DOMAIN_ID, ID, ISSUE_KEY, PULL_REQUEST_ID) VALUES (7, 379, 'TEST-2', 379);

INSERT INTO AO_E8B6CC_PULL_REQUEST (AUTHOR, COMMENT_COUNT, CREATED_ON, DESTINATION_BRANCH, DOMAIN_ID, EXECUTED_BY, ID, LAST_STATUS, NAME, REMOTE_ID, SOURCE_BRANCH, SOURCE_REPO, TO_REPOSITORY_ID, UPDATED_ON, URL) VALUES ('GTTaylor', 0, '2015-10-06 10:29:03', 'master', 7, 'GTTaylor', 380, 'OPEN', 'asdf created online with Bitbucket', 1, 'TEST-2-nemo-et-dolore-cum-soluta-qui', 'GTTaylor/smartcommitstest', 7, '2015-10-06 10:29:03', 'https://bitbucket.org/GTTaylor/smartcommitstest/pull-requests/1');
INSERT INTO AO_E8B6CC_PR_ISSUE_KEY (DOMAIN_ID, ID, ISSUE_KEY, PULL_REQUEST_ID) VALUES (7, 380, 'TEST-2', 380);

INSERT INTO AO_E8B6CC_PULL_REQUEST (AUTHOR, COMMENT_COUNT, CREATED_ON, DESTINATION_BRANCH, DOMAIN_ID, EXECUTED_BY, ID, LAST_STATUS, NAME, REMOTE_ID, SOURCE_BRANCH, SOURCE_REPO, TO_REPOSITORY_ID, UPDATED_ON, URL) VALUES ('GTTaylor', 0, '2015-10-06 10:29:03', 'master', 7, 'GTTaylor', 381, 'OPEN', 'asdf created online with Bitbucket', 1, 'TEST-2-nemo-et-dolore-cum-soluta-qui', 'GTTaylor/smartcommitstest', 7, '2015-10-06 10:29:03', 'https://bitbucket.org/GTTaylor/smartcommitstest/pull-requests/1');
INSERT INTO AO_E8B6CC_PR_ISSUE_KEY (DOMAIN_ID, ID, ISSUE_KEY, PULL_REQUEST_ID) VALUES (7, 381, 'TEST-2', 381);

INSERT INTO AO_E8B6CC_PULL_REQUEST (AUTHOR, COMMENT_COUNT, CREATED_ON, DESTINATION_BRANCH, DOMAIN_ID, EXECUTED_BY, ID, LAST_STATUS, NAME, REMOTE_ID, SOURCE_BRANCH, SOURCE_REPO, TO_REPOSITORY_ID, UPDATED_ON, URL) VALUES ('GTTaylor', 0, '2015-10-06 10:29:03', 'master', 7, 'GTTaylor', 382, 'OPEN', 'asdf created online with Bitbucket', 1, 'TEST-2-nemo-et-dolore-cum-soluta-qui', 'GTTaylor/smartcommitstest', 7, '2015-10-06 10:29:03', 'https://bitbucket.org/GTTaylor/smartcommitstest/pull-requests/1');
INSERT INTO AO_E8B6CC_PR_ISSUE_KEY (DOMAIN_ID, ID, ISSUE_KEY, PULL_REQUEST_ID) VALUES (7, 382, 'TEST-2', 382);

INSERT INTO AO_E8B6CC_PULL_REQUEST (AUTHOR, COMMENT_COUNT, CREATED_ON, DESTINATION_BRANCH, DOMAIN_ID, EXECUTED_BY, ID, LAST_STATUS, NAME, REMOTE_ID, SOURCE_BRANCH, SOURCE_REPO, TO_REPOSITORY_ID, UPDATED_ON, URL) VALUES ('GTTaylor', 0, '2015-10-06 10:29:03', 'master', 7, 'GTTaylor', 383, 'OPEN', 'asdf created online with Bitbucket', 1, 'TEST-2-nemo-et-dolore-cum-soluta-qui', 'GTTaylor/smartcommitstest', 7, '2015-10-06 10:29:03', 'https://bitbucket.org/GTTaylor/smartcommitstest/pull-requests/1');
INSERT INTO AO_E8B6CC_PR_ISSUE_KEY (DOMAIN_ID, ID, ISSUE_KEY, PULL_REQUEST_ID) VALUES (7, 383, 'TEST-2', 383);

INSERT INTO AO_E8B6CC_PULL_REQUEST (AUTHOR, COMMENT_COUNT, CREATED_ON, DESTINATION_BRANCH, DOMAIN_ID, EXECUTED_BY, ID, LAST_STATUS, NAME, REMOTE_ID, SOURCE_BRANCH, SOURCE_REPO, TO_REPOSITORY_ID, UPDATED_ON, URL) VALUES ('GTTaylor', 0, '2015-10-06 10:29:03', 'master', 7, 'GTTaylor', 384, 'OPEN', 'asdf created online with Bitbucket', 1, 'TEST-2-nemo-et-dolore-cum-soluta-qui', 'GTTaylor/smartcommitstest', 7, '2015-10-06 10:29:03', 'https://bitbucket.org/GTTaylor/smartcommitstest/pull-requests/1');
INSERT INTO AO_E8B6CC_PR_ISSUE_KEY (DOMAIN_ID, ID, ISSUE_KEY, PULL_REQUEST_ID) VALUES (7, 384, 'TEST-2', 384);

INSERT INTO AO_E8B6CC_PULL_REQUEST (AUTHOR, COMMENT_COUNT, CREATED_ON, DESTINATION_BRANCH, DOMAIN_ID, EXECUTED_BY, ID, LAST_STATUS, NAME, REMOTE_ID, SOURCE_BRANCH, SOURCE_REPO, TO_REPOSITORY_ID, UPDATED_ON, URL) VALUES ('GTTaylor', 0, '2015-10-06 10:29:03', 'master', 7, 'GTTaylor', 385, 'OPEN', 'asdf created online with Bitbucket', 1, 'TEST-2-nemo-et-dolore-cum-soluta-qui', 'GTTaylor/smartcommitstest', 7, '2015-10-06 10:29:03', 'https://bitbucket.org/GTTaylor/smartcommitstest/pull-requests/1');
INSERT INTO AO_E8B6CC_PR_ISSUE_KEY (DOMAIN_ID, ID, ISSUE_KEY, PULL_REQUEST_ID) VALUES (7, 385, 'TEST-2', 385);

INSERT INTO AO_E8B6CC_PULL_REQUEST (AUTHOR, COMMENT_COUNT, CREATED_ON, DESTINATION_BRANCH, DOMAIN_ID, EXECUTED_BY, ID, LAST_STATUS, NAME, REMOTE_ID, SOURCE_BRANCH, SOURCE_REPO, TO_REPOSITORY_ID, UPDATED_ON, URL) VALUES ('GTTaylor', 0, '2015-10-06 10:29:03', 'master', 7, 'GTTaylor', 386, 'OPEN', 'asdf created online with Bitbucket', 1, 'TEST-2-nemo-et-dolore-cum-soluta-qui', 'GTTaylor/smartcommitstest', 7, '2015-10-06 10:29:03', 'https://bitbucket.org/GTTaylor/smartcommitstest/pull-requests/1');
INSERT INTO AO_E8B6CC_PR_ISSUE_KEY (DOMAIN_ID, ID, ISSUE_KEY, PULL_REQUEST_ID) VALUES (7, 386, 'TEST-2', 386);

INSERT INTO AO_E8B6CC_PULL_REQUEST (AUTHOR, COMMENT_COUNT, CREATED_ON, DESTINATION_BRANCH, DOMAIN_ID, EXECUTED_BY, ID, LAST_STATUS, NAME, REMOTE_ID, SOURCE_BRANCH, SOURCE_REPO, TO_REPOSITORY_ID, UPDATED_ON, URL) VALUES ('GTTaylor', 0, '2015-10-06 10:29:03', 'master', 7, 'GTTaylor', 387, 'OPEN', 'asdf created online with Bitbucket', 1, 'TEST-2-nemo-et-dolore-cum-soluta-qui', 'GTTaylor/smartcommitstest', 7, '2015-10-06 10:29:03', 'https://bitbucket.org/GTTaylor/smartcommitstest/pull-requests/1');
INSERT INTO AO_E8B6CC_PR_ISSUE_KEY (DOMAIN_ID, ID, ISSUE_KEY, PULL_REQUEST_ID) VALUES (7, 387, 'TEST-2', 387);

INSERT INTO AO_E8B6CC_PULL_REQUEST (AUTHOR, COMMENT_COUNT, CREATED_ON, DESTINATION_BRANCH, DOMAIN_ID, EXECUTED_BY, ID, LAST_STATUS, NAME, REMOTE_ID, SOURCE_BRANCH, SOURCE_REPO, TO_REPOSITORY_ID, UPDATED_ON, URL) VALUES ('GTTaylor', 0, '2015-10-06 10:29:03', 'master', 7, 'GTTaylor', 388, 'OPEN', 'asdf created online with Bitbucket', 1, 'TEST-2-nemo-et-dolore-cum-soluta-qui', 'GTTaylor/smartcommitstest', 7, '2015-10-06 10:29:03', 'https://bitbucket.org/GTTaylor/smartcommitstest/pull-requests/1');
INSERT INTO AO_E8B6CC_PR_ISSUE_KEY (DOMAIN_ID, ID, ISSUE_KEY, PULL_REQUEST_ID) VALUES (7, 388, 'TEST-2', 388);

INSERT INTO AO_E8B6CC_PULL_REQUEST (AUTHOR, COMMENT_COUNT, CREATED_ON, DESTINATION_BRANCH, DOMAIN_ID, EXECUTED_BY, ID, LAST_STATUS, NAME, REMOTE_ID, SOURCE_BRANCH, SOURCE_REPO, TO_REPOSITORY_ID, UPDATED_ON, URL) VALUES ('GTTaylor', 0, '2015-10-06 10:29:03', 'master', 7, 'GTTaylor', 389, 'OPEN', 'asdf created online with Bitbucket', 1, 'TEST-2-nemo-et-dolore-cum-soluta-qui', 'GTTaylor/smartcommitstest', 7, '2015-10-06 10:29:03', 'https://bitbucket.org/GTTaylor/smartcommitstest/pull-requests/1');
INSERT INTO AO_E8B6CC_PR_ISSUE_KEY (DOMAIN_ID, ID, ISSUE_KEY, PULL_REQUEST_ID) VALUES (7, 389, 'TEST-2', 389);

INSERT INTO AO_E8B6CC_PULL_REQUEST (AUTHOR, COMMENT_COUNT, CREATED_ON, DESTINATION_BRANCH, DOMAIN_ID, EXECUTED_BY, ID, LAST_STATUS, NAME, REMOTE_ID, SOURCE_BRANCH, SOURCE_REPO, TO_REPOSITORY_ID, UPDATED_ON, URL) VALUES ('GTTaylor', 0, '2015-10-06 10:29:03', 'master', 7, 'GTTaylor', 390, 'OPEN', 'asdf created online with Bitbucket', 1, 'TEST-2-nemo-et-dolore-cum-soluta-qui', 'GTTaylor/smartcommitstest', 7, '2015-10-06 10:29:03', 'https://bitbucket.org/GTTaylor/smartcommitstest/pull-requests/1');
INSERT INTO AO_E8B6CC_PR_ISSUE_KEY (DOMAIN_ID, ID, ISSUE_KEY, PULL_REQUEST_ID) VALUES (7, 390, 'TEST-2', 390);

INSERT INTO AO_E8B6CC_PULL_REQUEST (AUTHOR, COMMENT_COUNT, CREATED_ON, DESTINATION_BRANCH, DOMAIN_ID, EXECUTED_BY, ID, LAST_STATUS, NAME, REMOTE_ID, SOURCE_BRANCH, SOURCE_REPO, TO_REPOSITORY_ID, UPDATED_ON, URL) VALUES ('GTTaylor', 0, '2015-10-06 10:29:03', 'master', 7, 'GTTaylor', 391, 'OPEN', 'asdf created online with Bitbucket', 1, 'TEST-2-nemo-et-dolore-cum-soluta-qui', 'GTTaylor/smartcommitstest', 7, '2015-10-06 10:29:03', 'https://bitbucket.org/GTTaylor/smartcommitstest/pull-requests/1');
INSERT INTO AO_E8B6CC_PR_ISSUE_KEY (DOMAIN_ID, ID, ISSUE_KEY, PULL_REQUEST_ID) VALUES (7, 391, 'TEST-2', 391);

INSERT INTO AO_E8B6CC_PULL_REQUEST (AUTHOR, COMMENT_COUNT, CREATED_ON, DESTINATION_BRANCH, DOMAIN_ID, EXECUTED_BY, ID, LAST_STATUS, NAME, REMOTE_ID, SOURCE_BRANCH, SOURCE_REPO, TO_REPOSITORY_ID, UPDATED_ON, URL) VALUES ('GTTaylor', 0, '2015-10-06 10:29:03', 'master', 7, 'GTTaylor', 392, 'OPEN', 'asdf created online with Bitbucket', 1, 'TEST-2-nemo-et-dolore-cum-soluta-qui', 'GTTaylor/smartcommitstest', 7, '2015-10-06 10:29:03', 'https://bitbucket.org/GTTaylor/smartcommitstest/pull-requests/1');
INSERT INTO AO_E8B6CC_PR_ISSUE_KEY (DOMAIN_ID, ID, ISSUE_KEY, PULL_REQUEST_ID) VALUES (7, 392, 'TEST-2', 392);

INSERT INTO AO_E8B6CC_PULL_REQUEST (AUTHOR, COMMENT_COUNT, CREATED_ON, DESTINATION_BRANCH, DOMAIN_ID, EXECUTED_BY, ID, LAST_STATUS, NAME, REMOTE_ID, SOURCE_BRANCH, SOURCE_REPO, TO_REPOSITORY_ID, UPDATED_ON, URL) VALUES ('GTTaylor', 0, '2015-10-06 10:29:03', 'master', 7, 'GTTaylor', 393, 'OPEN', 'asdf created online with Bitbucket', 1, 'TEST-2-nemo-et-dolore-cum-soluta-qui', 'GTTaylor/smartcommitstest', 7, '2015-10-06 10:29:03', 'https://bitbucket.org/GTTaylor/smartcommitstest/pull-requests/1');
INSERT INTO AO_E8B6CC_PR_ISSUE_KEY (DOMAIN_ID, ID, ISSUE_KEY, PULL_REQUEST_ID) VALUES (7, 393, 'TEST-2', 393);

INSERT INTO AO_E8B6CC_PULL_REQUEST (AUTHOR, COMMENT_COUNT, CREATED_ON, DESTINATION_BRANCH, DOMAIN_ID, EXECUTED_BY, ID, LAST_STATUS, NAME, REMOTE_ID, SOURCE_BRANCH, SOURCE_REPO, TO_REPOSITORY_ID, UPDATED_ON, URL) VALUES ('GTTaylor', 0, '2015-10-06 10:29:03', 'master', 7, 'GTTaylor', 394, 'OPEN', 'asdf created online with Bitbucket', 1, 'TEST-2-nemo-et-dolore-cum-soluta-qui', 'GTTaylor/smartcommitstest', 7, '2015-10-06 10:29:03', 'https://bitbucket.org/GTTaylor/smartcommitstest/pull-requests/1');
INSERT INTO AO_E8B6CC_PR_ISSUE_KEY (DOMAIN_ID, ID, ISSUE_KEY, PULL_REQUEST_ID) VALUES (7, 394, 'TEST-2', 394);

INSERT INTO AO_E8B6CC_PULL_REQUEST (AUTHOR, COMMENT_COUNT, CREATED_ON, DESTINATION_BRANCH, DOMAIN_ID, EXECUTED_BY, ID, LAST_STATUS, NAME, REMOTE_ID, SOURCE_BRANCH, SOURCE_REPO, TO_REPOSITORY_ID, UPDATED_ON, URL) VALUES ('GTTaylor', 0, '2015-10-06 10:29:03', 'master', 7, 'GTTaylor', 395, 'OPEN', 'asdf created online with Bitbucket', 1, 'TEST-2-nemo-et-dolore-cum-soluta-qui', 'GTTaylor/smartcommitstest', 7, '2015-10-06 10:29:03', 'https://bitbucket.org/GTTaylor/smartcommitstest/pull-requests/1');
INSERT INTO AO_E8B6CC_PR_ISSUE_KEY (DOMAIN_ID, ID, ISSUE_KEY, PULL_REQUEST_ID) VALUES (7, 395, 'TEST-2', 395);

INSERT INTO AO_E8B6CC_PULL_REQUEST (AUTHOR, COMMENT_COUNT, CREATED_ON, DESTINATION_BRANCH, DOMAIN_ID, EXECUTED_BY, ID, LAST_STATUS, NAME, REMOTE_ID, SOURCE_BRANCH, SOURCE_REPO, TO_REPOSITORY_ID, UPDATED_ON, URL) VALUES ('GTTaylor', 0, '2015-10-06 10:29:03', 'master', 7, 'GTTaylor', 396, 'OPEN', 'asdf created online with Bitbucket', 1, 'TEST-2-nemo-et-dolore-cum-soluta-qui', 'GTTaylor/smartcommitstest', 7, '2015-10-06 10:29:03', 'https://bitbucket.org/GTTaylor/smartcommitstest/pull-requests/1');
INSERT INTO AO_E8B6CC_PR_ISSUE_KEY (DOMAIN_ID, ID, ISSUE_KEY, PULL_REQUEST_ID) VALUES (7, 396, 'TEST-2', 396);

INSERT INTO AO_E8B6CC_PULL_REQUEST (AUTHOR, COMMENT_COUNT, CREATED_ON, DESTINATION_BRANCH, DOMAIN_ID, EXECUTED_BY, ID, LAST_STATUS, NAME, REMOTE_ID, SOURCE_BRANCH, SOURCE_REPO, TO_REPOSITORY_ID, UPDATED_ON, URL) VALUES ('GTTaylor', 0, '2015-10-06 10:29:03', 'master', 7, 'GTTaylor', 397, 'OPEN', 'asdf created online with Bitbucket', 1, 'TEST-2-nemo-et-dolore-cum-soluta-qui', 'GTTaylor/smartcommitstest', 7, '2015-10-06 10:29:03', 'https://bitbucket.org/GTTaylor/smartcommitstest/pull-requests/1');
INSERT INTO AO_E8B6CC_PR_ISSUE_KEY (DOMAIN_ID, ID, ISSUE_KEY, PULL_REQUEST_ID) VALUES (7, 397, 'TEST-2', 397);

INSERT INTO AO_E8B6CC_PULL_REQUEST (AUTHOR, COMMENT_COUNT, CREATED_ON, DESTINATION_BRANCH, DOMAIN_ID, EXECUTED_BY, ID, LAST_STATUS, NAME, REMOTE_ID, SOURCE_BRANCH, SOURCE_REPO, TO_REPOSITORY_ID, UPDATED_ON, URL) VALUES ('GTTaylor', 0, '2015-10-06 10:29:03', 'master', 7, 'GTTaylor', 398, 'OPEN', 'asdf created online with Bitbucket', 1, 'TEST-2-nemo-et-dolore-cum-soluta-qui', 'GTTaylor/smartcommitstest', 7, '2015-10-06 10:29:03', 'https://bitbucket.org/GTTaylor/smartcommitstest/pull-requests/1');
INSERT INTO AO_E8B6CC_PR_ISSUE_KEY (DOMAIN_ID, ID, ISSUE_KEY, PULL_REQUEST_ID) VALUES (7, 398, 'TEST-2', 398);

INSERT INTO AO_E8B6CC_PULL_REQUEST (AUTHOR, COMMENT_COUNT, CREATED_ON, DESTINATION_BRANCH, DOMAIN_ID, EXECUTED_BY, ID, LAST_STATUS, NAME, REMOTE_ID, SOURCE_BRANCH, SOURCE_REPO, TO_REPOSITORY_ID, UPDATED_ON, URL) VALUES ('GTTaylor', 0, '2015-10-06 10:29:03', 'master', 7, 'GTTaylor', 399, 'OPEN', 'asdf created online with Bitbucket', 1, 'TEST-2-nemo-et-dolore-cum-soluta-qui', 'GTTaylor/smartcommitstest', 7, '2015-10-06 10:29:03', 'https://bitbucket.org/GTTaylor/smartcommitstest/pull-requests/1');
INSERT INTO AO_E8B6CC_PR_ISSUE_KEY (DOMAIN_ID, ID, ISSUE_KEY, PULL_REQUEST_ID) VALUES (7, 399, 'TEST-2', 399);

INSERT INTO AO_E8B6CC_PULL_REQUEST (AUTHOR, COMMENT_COUNT, CREATED_ON, DESTINATION_BRANCH, DOMAIN_ID, EXECUTED_BY, ID, LAST_STATUS, NAME, REMOTE_ID, SOURCE_BRANCH, SOURCE_REPO, TO_REPOSITORY_ID, UPDATED_ON, URL) VALUES ('GTTaylor', 0, '2015-10-06 10:29:03', 'master', 7, 'GTTaylor', 400, 'OPEN', 'asdf created online with Bitbucket', 1, 'TEST-2-nemo-et-dolore-cum-soluta-qui', 'GTTaylor/smartcommitstest', 7, '2015-10-06 10:29:03', 'https://bitbucket.org/GTTaylor/smartcommitstest/pull-requests/1');
INSERT INTO AO_E8B6CC_PR_ISSUE_KEY (DOMAIN_ID, ID, ISSUE_KEY, PULL_REQUEST_ID) VALUES (7, 400, 'TEST-2', 400);

INSERT INTO AO_E8B6CC_PULL_REQUEST (AUTHOR, COMMENT_COUNT, CREATED_ON, DESTINATION_BRANCH, DOMAIN_ID, EXECUTED_BY, ID, LAST_STATUS, NAME, REMOTE_ID, SOURCE_BRANCH, SOURCE_REPO, TO_REPOSITORY_ID, UPDATED_ON, URL) VALUES ('GTTaylor', 0, '2015-10-06 10:29:03', 'master', 7, 'GTTaylor', 401, 'OPEN', 'asdf created online with Bitbucket', 1, 'TEST-2-nemo-et-dolore-cum-soluta-qui', 'GTTaylor/smartcommitstest', 7, '2015-10-06 10:29:03', 'https://bitbucket.org/GTTaylor/smartcommitstest/pull-requests/1');
INSERT INTO AO_E8B6CC_PR_ISSUE_KEY (DOMAIN_ID, ID, ISSUE_KEY, PULL_REQUEST_ID) VALUES (7, 401, 'TEST-2', 401);

INSERT INTO AO_E8B6CC_PULL_REQUEST (AUTHOR, COMMENT_COUNT, CREATED_ON, DESTINATION_BRANCH, DOMAIN_ID, EXECUTED_BY, ID, LAST_STATUS, NAME, REMOTE_ID, SOURCE_BRANCH, SOURCE_REPO, TO_REPOSITORY_ID, UPDATED_ON, URL) VALUES ('GTTaylor', 0, '2015-10-06 10:29:03', 'master', 7, 'GTTaylor', 402, 'OPEN', 'asdf created online with Bitbucket', 1, 'TEST-2-nemo-et-dolore-cum-soluta-qui', 'GTTaylor/smartcommitstest', 7, '2015-10-06 10:29:03', 'https://bitbucket.org/GTTaylor/smartcommitstest/pull-requests/1');
INSERT INTO AO_E8B6CC_PR_ISSUE_KEY (DOMAIN_ID, ID, ISSUE_KEY, PULL_REQUEST_ID) VALUES (7, 402, 'TEST-2', 402);

INSERT INTO AO_E8B6CC_PULL_REQUEST (AUTHOR, COMMENT_COUNT, CREATED_ON, DESTINATION_BRANCH, DOMAIN_ID, EXECUTED_BY, ID, LAST_STATUS, NAME, REMOTE_ID, SOURCE_BRANCH, SOURCE_REPO, TO_REPOSITORY_ID, UPDATED_ON, URL) VALUES ('GTTaylor', 0, '2015-10-06 10:29:03', 'master', 7, 'GTTaylor', 403, 'OPEN', 'asdf created online with Bitbucket', 1, 'TEST-2-nemo-et-dolore-cum-soluta-qui', 'GTTaylor/smartcommitstest', 7, '2015-10-06 10:29:03', 'https://bitbucket.org/GTTaylor/smartcommitstest/pull-requests/1');
INSERT INTO AO_E8B6CC_PR_ISSUE_KEY (DOMAIN_ID, ID, ISSUE_KEY, PULL_REQUEST_ID) VALUES (7, 403, 'TEST-2', 403);

INSERT INTO AO_E8B6CC_PULL_REQUEST (AUTHOR, COMMENT_COUNT, CREATED_ON, DESTINATION_BRANCH, DOMAIN_ID, EXECUTED_BY, ID, LAST_STATUS, NAME, REMOTE_ID, SOURCE_BRANCH, SOURCE_REPO, TO_REPOSITORY_ID, UPDATED_ON, URL) VALUES ('GTTaylor', 0, '2015-10-06 10:29:03', 'master', 7, 'GTTaylor', 404, 'OPEN', 'asdf created online with Bitbucket', 1, 'TEST-2-nemo-et-dolore-cum-soluta-qui', 'GTTaylor/smartcommitstest', 7, '2015-10-06 10:29:03', 'https://bitbucket.org/GTTaylor/smartcommitstest/pull-requests/1');
INSERT INTO AO_E8B6CC_PR_ISSUE_KEY (DOMAIN_ID, ID, ISSUE_KEY, PULL_REQUEST_ID) VALUES (7, 404, 'TEST-2', 404);

INSERT INTO AO_E8B6CC_PULL_REQUEST (AUTHOR, COMMENT_COUNT, CREATED_ON, DESTINATION_BRANCH, DOMAIN_ID, EXECUTED_BY, ID, LAST_STATUS, NAME, REMOTE_ID, SOURCE_BRANCH, SOURCE_REPO, TO_REPOSITORY_ID, UPDATED_ON, URL) VALUES ('GTTaylor', 0, '2015-10-06 10:29:03', 'master', 7, 'GTTaylor', 405, 'OPEN', 'asdf created online with Bitbucket', 1, 'TEST-2-nemo-et-dolore-cum-soluta-qui', 'GTTaylor/smartcommitstest', 7, '2015-10-06 10:29:03', 'https://bitbucket.org/GTTaylor/smartcommitstest/pull-requests/1');
INSERT INTO AO_E8B6CC_PR_ISSUE_KEY (DOMAIN_ID, ID, ISSUE_KEY, PULL_REQUEST_ID) VALUES (7, 405, 'TEST-2', 405);

INSERT INTO AO_E8B6CC_PULL_REQUEST (AUTHOR, COMMENT_COUNT, CREATED_ON, DESTINATION_BRANCH, DOMAIN_ID, EXECUTED_BY, ID, LAST_STATUS, NAME, REMOTE_ID, SOURCE_BRANCH, SOURCE_REPO, TO_REPOSITORY_ID, UPDATED_ON, URL) VALUES ('GTTaylor', 0, '2015-10-06 10:29:03', 'master', 7, 'GTTaylor', 406, 'OPEN', 'asdf created online with Bitbucket', 1, 'TEST-2-nemo-et-dolore-cum-soluta-qui', 'GTTaylor/smartcommitstest', 7, '2015-10-06 10:29:03', 'https://bitbucket.org/GTTaylor/smartcommitstest/pull-requests/1');
INSERT INTO AO_E8B6CC_PR_ISSUE_KEY (DOMAIN_ID, ID, ISSUE_KEY, PULL_REQUEST_ID) VALUES (7, 406, 'TEST-2', 406);

INSERT INTO AO_E8B6CC_PULL_REQUEST (AUTHOR, COMMENT_COUNT, CREATED_ON, DESTINATION_BRANCH, DOMAIN_ID, EXECUTED_BY, ID, LAST_STATUS, NAME, REMOTE_ID, SOURCE_BRANCH, SOURCE_REPO, TO_REPOSITORY_ID, UPDATED_ON, URL) VALUES ('GTTaylor', 0, '2015-10-06 10:29:03', 'master', 7, 'GTTaylor', 407, 'OPEN', 'asdf created online with Bitbucket', 1, 'TEST-2-nemo-et-dolore-cum-soluta-qui', 'GTTaylor/smartcommitstest', 7, '2015-10-06 10:29:03', 'https://bitbucket.org/GTTaylor/smartcommitstest/pull-requests/1');
INSERT INTO AO_E8B6CC_PR_ISSUE_KEY (DOMAIN_ID, ID, ISSUE_KEY, PULL_REQUEST_ID) VALUES (7, 407, 'TEST-2', 407);

INSERT INTO AO_E8B6CC_PULL_REQUEST (AUTHOR, COMMENT_COUNT, CREATED_ON, DESTINATION_BRANCH, DOMAIN_ID, EXECUTED_BY, ID, LAST_STATUS, NAME, REMOTE_ID, SOURCE_BRANCH, SOURCE_REPO, TO_REPOSITORY_ID, UPDATED_ON, URL) VALUES ('GTTaylor', 0, '2015-10-06 10:29:03', 'master', 7, 'GTTaylor', 408, 'OPEN', 'asdf created online with Bitbucket', 1, 'TEST-2-nemo-et-dolore-cum-soluta-qui', 'GTTaylor/smartcommitstest', 7, '2015-10-06 10:29:03', 'https://bitbucket.org/GTTaylor/smartcommitstest/pull-requests/1');
INSERT INTO AO_E8B6CC_PR_ISSUE_KEY (DOMAIN_ID, ID, ISSUE_KEY, PULL_REQUEST_ID) VALUES (7, 408, 'TEST-2', 408);

INSERT INTO AO_E8B6CC_PULL_REQUEST (AUTHOR, COMMENT_COUNT, CREATED_ON, DESTINATION_BRANCH, DOMAIN_ID, EXECUTED_BY, ID, LAST_STATUS, NAME, REMOTE_ID, SOURCE_BRANCH, SOURCE_REPO, TO_REPOSITORY_ID, UPDATED_ON, URL) VALUES ('GTTaylor', 0, '2015-10-06 10:29:03', 'master', 7, 'GTTaylor', 409, 'OPEN', 'asdf created online with Bitbucket', 1, 'TEST-2-nemo-et-dolore-cum-soluta-qui', 'GTTaylor/smartcommitstest', 7, '2015-10-06 10:29:03', 'https://bitbucket.org/GTTaylor/smartcommitstest/pull-requests/1');
INSERT INTO AO_E8B6CC_PR_ISSUE_KEY (DOMAIN_ID, ID, ISSUE_KEY, PULL_REQUEST_ID) VALUES (7, 409, 'TEST-2', 409);

INSERT INTO AO_E8B6CC_PULL_REQUEST (AUTHOR, COMMENT_COUNT, CREATED_ON, DESTINATION_BRANCH, DOMAIN_ID, EXECUTED_BY, ID, LAST_STATUS, NAME, REMOTE_ID, SOURCE_BRANCH, SOURCE_REPO, TO_REPOSITORY_ID, UPDATED_ON, URL) VALUES ('GTTaylor', 0, '2015-10-06 10:29:03', 'master', 7, 'GTTaylor', 410, 'OPEN', 'asdf created online with Bitbucket', 1, 'TEST-2-nemo-et-dolore-cum-soluta-qui', 'GTTaylor/smartcommitstest', 7, '2015-10-06 10:29:03', 'https://bitbucket.org/GTTaylor/smartcommitstest/pull-requests/1');
INSERT INTO AO_E8B6CC_PR_ISSUE_KEY (DOMAIN_ID, ID, ISSUE_KEY, PULL_REQUEST_ID) VALUES (7, 410, 'TEST-2', 410);

INSERT INTO AO_E8B6CC_PULL_REQUEST (AUTHOR, COMMENT_COUNT, CREATED_ON, DESTINATION_BRANCH, DOMAIN_ID, EXECUTED_BY, ID, LAST_STATUS, NAME, REMOTE_ID, SOURCE_BRANCH, SOURCE_REPO, TO_REPOSITORY_ID, UPDATED_ON, URL) VALUES ('GTTaylor', 0, '2015-10-06 10:29:03', 'master', 7, 'GTTaylor', 411, 'OPEN', 'asdf created online with Bitbucket', 1, 'TEST-3-nemo-et-dolore-cum-soluta-qui', 'GTTaylor/smartcommitstest', 7, '2015-10-06 10:29:03', 'https://bitbucket.org/GTTaylor/smartcommitstest/pull-requests/1');
INSERT INTO AO_E8B6CC_PR_ISSUE_KEY (DOMAIN_ID, ID, ISSUE_KEY, PULL_REQUEST_ID) VALUES (7, 411, 'TEST-3', 2);

INSERT INTO AO_E8B6CC_PULL_REQUEST (AUTHOR, COMMENT_COUNT, CREATED_ON, DESTINATION_BRANCH, DOMAIN_ID, EXECUTED_BY, ID, LAST_STATUS, NAME, REMOTE_ID, SOURCE_BRANCH, SOURCE_REPO, TO_REPOSITORY_ID, UPDATED_ON, URL) VALUES ('GTTaylor', 0, '2015-10-06 10:29:03', 'master', 7, 'GTTaylor', 412, 'OPEN', 'asdf created online with Bitbucket', 1, 'TEST-3-nemo-et-dolore-cum-soluta-qui', 'GTTaylor/smartcommitstest', 7, '2015-10-06 10:29:03', 'https://bitbucket.org/GTTaylor/smartcommitstest/pull-requests/1');
INSERT INTO AO_E8B6CC_PR_ISSUE_KEY (DOMAIN_ID, ID, ISSUE_KEY, PULL_REQUEST_ID) VALUES (7, 412, 'TEST-3', 2);

INSERT INTO AO_E8B6CC_PULL_REQUEST (AUTHOR, COMMENT_COUNT, CREATED_ON, DESTINATION_BRANCH, DOMAIN_ID, EXECUTED_BY, ID, LAST_STATUS, NAME, REMOTE_ID, SOURCE_BRANCH, SOURCE_REPO, TO_REPOSITORY_ID, UPDATED_ON, URL) VALUES ('GTTaylor', 0, '2015-10-06 10:29:03', 'master', 7, 'GTTaylor', 413, 'OPEN', 'asdf created online with Bitbucket', 1, 'TEST-3-nemo-et-dolore-cum-soluta-qui', 'GTTaylor/smartcommitstest', 7, '2015-10-06 10:29:03', 'https://bitbucket.org/GTTaylor/smartcommitstest/pull-requests/1');
INSERT INTO AO_E8B6CC_PR_ISSUE_KEY (DOMAIN_ID, ID, ISSUE_KEY, PULL_REQUEST_ID) VALUES (7, 413, 'TEST-3', 2);

INSERT INTO AO_E8B6CC_PULL_REQUEST (AUTHOR, COMMENT_COUNT, CREATED_ON, DESTINATION_BRANCH, DOMAIN_ID, EXECUTED_BY, ID, LAST_STATUS, NAME, REMOTE_ID, SOURCE_BRANCH, SOURCE_REPO, TO_REPOSITORY_ID, UPDATED_ON, URL) VALUES ('GTTaylor', 0, '2015-10-06 10:29:03', 'master', 7, 'GTTaylor', 414, 'OPEN', 'asdf created online with Bitbucket', 1, 'TEST-3-nemo-et-dolore-cum-soluta-qui', 'GTTaylor/smartcommitstest', 7, '2015-10-06 10:29:03', 'https://bitbucket.org/GTTaylor/smartcommitstest/pull-requests/1');
INSERT INTO AO_E8B6CC_PR_ISSUE_KEY (DOMAIN_ID, ID, ISSUE_KEY, PULL_REQUEST_ID) VALUES (7, 414, 'TEST-3', 2);

INSERT INTO AO_E8B6CC_PULL_REQUEST (AUTHOR, COMMENT_COUNT, CREATED_ON, DESTINATION_BRANCH, DOMAIN_ID, EXECUTED_BY, ID, LAST_STATUS, NAME, REMOTE_ID, SOURCE_BRANCH, SOURCE_REPO, TO_REPOSITORY_ID, UPDATED_ON, URL) VALUES ('GTTaylor', 0, '2015-10-06 10:29:03', 'master', 7, 'GTTaylor', 415, 'OPEN', 'asdf created online with Bitbucket', 1, 'TEST-3-nemo-et-dolore-cum-soluta-qui', 'GTTaylor/smartcommitstest', 7, '2015-10-06 10:29:03', 'https://bitbucket.org/GTTaylor/smartcommitstest/pull-requests/1');
INSERT INTO AO_E8B6CC_PR_ISSUE_KEY (DOMAIN_ID, ID, ISSUE_KEY, PULL_REQUEST_ID) VALUES (7, 415, 'TEST-3', 2);

INSERT INTO AO_E8B6CC_PULL_REQUEST (AUTHOR, COMMENT_COUNT, CREATED_ON, DESTINATION_BRANCH, DOMAIN_ID, EXECUTED_BY, ID, LAST_STATUS, NAME, REMOTE_ID, SOURCE_BRANCH, SOURCE_REPO, TO_REPOSITORY_ID, UPDATED_ON, URL) VALUES ('GTTaylor', 0, '2015-10-06 10:29:03', 'master', 7, 'GTTaylor', 416, 'OPEN', 'asdf created online with Bitbucket', 1, 'TEST-3-nemo-et-dolore-cum-soluta-qui', 'GTTaylor/smartcommitstest', 7, '2015-10-06 10:29:03', 'https://bitbucket.org/GTTaylor/smartcommitstest/pull-requests/1');
INSERT INTO AO_E8B6CC_PR_ISSUE_KEY (DOMAIN_ID, ID, ISSUE_KEY, PULL_REQUEST_ID) VALUES (7, 416, 'TEST-3', 2);

INSERT INTO AO_E8B6CC_PULL_REQUEST (AUTHOR, COMMENT_COUNT, CREATED_ON, DESTINATION_BRANCH, DOMAIN_ID, EXECUTED_BY, ID, LAST_STATUS, NAME, REMOTE_ID, SOURCE_BRANCH, SOURCE_REPO, TO_REPOSITORY_ID, UPDATED_ON, URL) VALUES ('GTTaylor', 0, '2015-10-06 10:29:03', 'master', 7, 'GTTaylor', 417, 'OPEN', 'asdf created online with Bitbucket', 1, 'TEST-3-nemo-et-dolore-cum-soluta-qui', 'GTTaylor/smartcommitstest', 7, '2015-10-06 10:29:03', 'https://bitbucket.org/GTTaylor/smartcommitstest/pull-requests/1');
INSERT INTO AO_E8B6CC_PR_ISSUE_KEY (DOMAIN_ID, ID, ISSUE_KEY, PULL_REQUEST_ID) VALUES (7, 417, 'TEST-3', 2);

INSERT INTO AO_E8B6CC_PULL_REQUEST (AUTHOR, COMMENT_COUNT, CREATED_ON, DESTINATION_BRANCH, DOMAIN_ID, EXECUTED_BY, ID, LAST_STATUS, NAME, REMOTE_ID, SOURCE_BRANCH, SOURCE_REPO, TO_REPOSITORY_ID, UPDATED_ON, URL) VALUES ('GTTaylor', 0, '2015-10-06 10:29:03', 'master', 7, 'GTTaylor', 418, 'OPEN', 'asdf created online with Bitbucket', 1, 'TEST-3-nemo-et-dolore-cum-soluta-qui', 'GTTaylor/smartcommitstest', 7, '2015-10-06 10:29:03', 'https://bitbucket.org/GTTaylor/smartcommitstest/pull-requests/1');
INSERT INTO AO_E8B6CC_PR_ISSUE_KEY (DOMAIN_ID, ID, ISSUE_KEY, PULL_REQUEST_ID) VALUES (7, 418, 'TEST-3', 2);

INSERT INTO AO_E8B6CC_PULL_REQUEST (AUTHOR, COMMENT_COUNT, CREATED_ON, DESTINATION_BRANCH, DOMAIN_ID, EXECUTED_BY, ID, LAST_STATUS, NAME, REMOTE_ID, SOURCE_BRANCH, SOURCE_REPO, TO_REPOSITORY_ID, UPDATED_ON, URL) VALUES ('GTTaylor', 0, '2015-10-06 10:29:03', 'master', 7, 'GTTaylor', 419, 'OPEN', 'asdf created online with Bitbucket', 1, 'TEST-3-nemo-et-dolore-cum-soluta-qui', 'GTTaylor/smartcommitstest', 7, '2015-10-06 10:29:03', 'https://bitbucket.org/GTTaylor/smartcommitstest/pull-requests/1');
INSERT INTO AO_E8B6CC_PR_ISSUE_KEY (DOMAIN_ID, ID, ISSUE_KEY, PULL_REQUEST_ID) VALUES (7, 419, 'TEST-3', 2);

INSERT INTO AO_E8B6CC_PULL_REQUEST (AUTHOR, COMMENT_COUNT, CREATED_ON, DESTINATION_BRANCH, DOMAIN_ID, EXECUTED_BY, ID, LAST_STATUS, NAME, REMOTE_ID, SOURCE_BRANCH, SOURCE_REPO, TO_REPOSITORY_ID, UPDATED_ON, URL) VALUES ('GTTaylor', 0, '2015-10-06 10:29:03', 'master', 7, 'GTTaylor', 420, 'OPEN', 'asdf created online with Bitbucket', 1, 'TEST-3-nemo-et-dolore-cum-soluta-qui', 'GTTaylor/smartcommitstest', 7, '2015-10-06 10:29:03', 'https://bitbucket.org/GTTaylor/smartcommitstest/pull-requests/1');
INSERT INTO AO_E8B6CC_PR_ISSUE_KEY (DOMAIN_ID, ID, ISSUE_KEY, PULL_REQUEST_ID) VALUES (7, 420, 'TEST-3', 2);

INSERT INTO AO_E8B6CC_PULL_REQUEST (AUTHOR, COMMENT_COUNT, CREATED_ON, DESTINATION_BRANCH, DOMAIN_ID, EXECUTED_BY, ID, LAST_STATUS, NAME, REMOTE_ID, SOURCE_BRANCH, SOURCE_REPO, TO_REPOSITORY_ID, UPDATED_ON, URL) VALUES ('GTTaylor', 0, '2015-10-06 10:29:03', 'master', 7, 'GTTaylor', 421, 'OPEN', 'asdf created online with Bitbucket', 1, 'TEST-3-nemo-et-dolore-cum-soluta-qui', 'GTTaylor/smartcommitstest', 7, '2015-10-06 10:29:03', 'https://bitbucket.org/GTTaylor/smartcommitstest/pull-requests/1');
INSERT INTO AO_E8B6CC_PR_ISSUE_KEY (DOMAIN_ID, ID, ISSUE_KEY, PULL_REQUEST_ID) VALUES (7, 421, 'TEST-3', 2);

INSERT INTO AO_E8B6CC_PULL_REQUEST (AUTHOR, COMMENT_COUNT, CREATED_ON, DESTINATION_BRANCH, DOMAIN_ID, EXECUTED_BY, ID, LAST_STATUS, NAME, REMOTE_ID, SOURCE_BRANCH, SOURCE_REPO, TO_REPOSITORY_ID, UPDATED_ON, URL) VALUES ('GTTaylor', 0, '2015-10-06 10:29:03', 'master', 7, 'GTTaylor', 422, 'OPEN', 'asdf created online with Bitbucket', 1, 'TEST-3-nemo-et-dolore-cum-soluta-qui', 'GTTaylor/smartcommitstest', 7, '2015-10-06 10:29:03', 'https://bitbucket.org/GTTaylor/smartcommitstest/pull-requests/1');
INSERT INTO AO_E8B6CC_PR_ISSUE_KEY (DOMAIN_ID, ID, ISSUE_KEY, PULL_REQUEST_ID) VALUES (7, 422, 'TEST-3', 2);

INSERT INTO AO_E8B6CC_PULL_REQUEST (AUTHOR, COMMENT_COUNT, CREATED_ON, DESTINATION_BRANCH, DOMAIN_ID, EXECUTED_BY, ID, LAST_STATUS, NAME, REMOTE_ID, SOURCE_BRANCH, SOURCE_REPO, TO_REPOSITORY_ID, UPDATED_ON, URL) VALUES ('GTTaylor', 0, '2015-10-06 10:29:03', 'master', 7, 'GTTaylor', 423, 'OPEN', 'asdf created online with Bitbucket', 1, 'TEST-3-nemo-et-dolore-cum-soluta-qui', 'GTTaylor/smartcommitstest', 7, '2015-10-06 10:29:03', 'https://bitbucket.org/GTTaylor/smartcommitstest/pull-requests/1');
INSERT INTO AO_E8B6CC_PR_ISSUE_KEY (DOMAIN_ID, ID, ISSUE_KEY, PULL_REQUEST_ID) VALUES (7, 423, 'TEST-3', 2);

INSERT INTO AO_E8B6CC_PULL_REQUEST (AUTHOR, COMMENT_COUNT, CREATED_ON, DESTINATION_BRANCH, DOMAIN_ID, EXECUTED_BY, ID, LAST_STATUS, NAME, REMOTE_ID, SOURCE_BRANCH, SOURCE_REPO, TO_REPOSITORY_ID, UPDATED_ON, URL) VALUES ('GTTaylor', 0, '2015-10-06 10:29:03', 'master', 7, 'GTTaylor', 424, 'OPEN', 'asdf created online with Bitbucket', 1, 'TEST-3-nemo-et-dolore-cum-soluta-qui', 'GTTaylor/smartcommitstest', 7, '2015-10-06 10:29:03', 'https://bitbucket.org/GTTaylor/smartcommitstest/pull-requests/1');
INSERT INTO AO_E8B6CC_PR_ISSUE_KEY (DOMAIN_ID, ID, ISSUE_KEY, PULL_REQUEST_ID) VALUES (7, 424, 'TEST-3', 2);

INSERT INTO AO_E8B6CC_PULL_REQUEST (AUTHOR, COMMENT_COUNT, CREATED_ON, DESTINATION_BRANCH, DOMAIN_ID, EXECUTED_BY, ID, LAST_STATUS, NAME, REMOTE_ID, SOURCE_BRANCH, SOURCE_REPO, TO_REPOSITORY_ID, UPDATED_ON, URL) VALUES ('GTTaylor', 0, '2015-10-06 10:29:03', 'master', 7, 'GTTaylor', 425, 'OPEN', 'asdf created online with Bitbucket', 1, 'TEST-3-nemo-et-dolore-cum-soluta-qui', 'GTTaylor/smartcommitstest', 7, '2015-10-06 10:29:03', 'https://bitbucket.org/GTTaylor/smartcommitstest/pull-requests/1');
INSERT INTO AO_E8B6CC_PR_ISSUE_KEY (DOMAIN_ID, ID, ISSUE_KEY, PULL_REQUEST_ID) VALUES (7, 425, 'TEST-3', 2);

INSERT INTO AO_E8B6CC_PULL_REQUEST (AUTHOR, COMMENT_COUNT, CREATED_ON, DESTINATION_BRANCH, DOMAIN_ID, EXECUTED_BY, ID, LAST_STATUS, NAME, REMOTE_ID, SOURCE_BRANCH, SOURCE_REPO, TO_REPOSITORY_ID, UPDATED_ON, URL) VALUES ('GTTaylor', 0, '2015-10-06 10:29:03', 'master', 7, 'GTTaylor', 426, 'OPEN', 'asdf created online with Bitbucket', 1, 'TEST-3-nemo-et-dolore-cum-soluta-qui', 'GTTaylor/smartcommitstest', 7, '2015-10-06 10:29:03', 'https://bitbucket.org/GTTaylor/smartcommitstest/pull-requests/1');
INSERT INTO AO_E8B6CC_PR_ISSUE_KEY (DOMAIN_ID, ID, ISSUE_KEY, PULL_REQUEST_ID) VALUES (7, 426, 'TEST-3', 2);

INSERT INTO AO_E8B6CC_PULL_REQUEST (AUTHOR, COMMENT_COUNT, CREATED_ON, DESTINATION_BRANCH, DOMAIN_ID, EXECUTED_BY, ID, LAST_STATUS, NAME, REMOTE_ID, SOURCE_BRANCH, SOURCE_REPO, TO_REPOSITORY_ID, UPDATED_ON, URL) VALUES ('GTTaylor', 0, '2015-10-06 10:29:03', 'master', 7, 'GTTaylor', 427, 'OPEN', 'asdf created online with Bitbucket', 1, 'TEST-3-nemo-et-dolore-cum-soluta-qui', 'GTTaylor/smartcommitstest', 7, '2015-10-06 10:29:03', 'https://bitbucket.org/GTTaylor/smartcommitstest/pull-requests/1');
INSERT INTO AO_E8B6CC_PR_ISSUE_KEY (DOMAIN_ID, ID, ISSUE_KEY, PULL_REQUEST_ID) VALUES (7, 427, 'TEST-3', 2);

INSERT INTO AO_E8B6CC_PULL_REQUEST (AUTHOR, COMMENT_COUNT, CREATED_ON, DESTINATION_BRANCH, DOMAIN_ID, EXECUTED_BY, ID, LAST_STATUS, NAME, REMOTE_ID, SOURCE_BRANCH, SOURCE_REPO, TO_REPOSITORY_ID, UPDATED_ON, URL) VALUES ('GTTaylor', 0, '2015-10-06 10:29:03', 'master', 7, 'GTTaylor', 428, 'OPEN', 'asdf created online with Bitbucket', 1, 'TEST-3-nemo-et-dolore-cum-soluta-qui', 'GTTaylor/smartcommitstest', 7, '2015-10-06 10:29:03', 'https://bitbucket.org/GTTaylor/smartcommitstest/pull-requests/1');
INSERT INTO AO_E8B6CC_PR_ISSUE_KEY (DOMAIN_ID, ID, ISSUE_KEY, PULL_REQUEST_ID) VALUES (7, 428, 'TEST-3', 2);

INSERT INTO AO_E8B6CC_PULL_REQUEST (AUTHOR, COMMENT_COUNT, CREATED_ON, DESTINATION_BRANCH, DOMAIN_ID, EXECUTED_BY, ID, LAST_STATUS, NAME, REMOTE_ID, SOURCE_BRANCH, SOURCE_REPO, TO_REPOSITORY_ID, UPDATED_ON, URL) VALUES ('GTTaylor', 0, '2015-10-06 10:29:03', 'master', 7, 'GTTaylor', 429, 'OPEN', 'asdf created online with Bitbucket', 1, 'TEST-3-nemo-et-dolore-cum-soluta-qui', 'GTTaylor/smartcommitstest', 7, '2015-10-06 10:29:03', 'https://bitbucket.org/GTTaylor/smartcommitstest/pull-requests/1');
INSERT INTO AO_E8B6CC_PR_ISSUE_KEY (DOMAIN_ID, ID, ISSUE_KEY, PULL_REQUEST_ID) VALUES (7, 429, 'TEST-3', 2);

INSERT INTO AO_E8B6CC_PULL_REQUEST (AUTHOR, COMMENT_COUNT, CREATED_ON, DESTINATION_BRANCH, DOMAIN_ID, EXECUTED_BY, ID, LAST_STATUS, NAME, REMOTE_ID, SOURCE_BRANCH, SOURCE_REPO, TO_REPOSITORY_ID, UPDATED_ON, URL) VALUES ('GTTaylor', 0, '2015-10-06 10:29:03', 'master', 7, 'GTTaylor', 430, 'OPEN', 'asdf created online with Bitbucket', 1, 'TEST-3-nemo-et-dolore-cum-soluta-qui', 'GTTaylor/smartcommitstest', 7, '2015-10-06 10:29:03', 'https://bitbucket.org/GTTaylor/smartcommitstest/pull-requests/1');
INSERT INTO AO_E8B6CC_PR_ISSUE_KEY (DOMAIN_ID, ID, ISSUE_KEY, PULL_REQUEST_ID) VALUES (7, 430, 'TEST-3', 2);

INSERT INTO AO_E8B6CC_PULL_REQUEST (AUTHOR, COMMENT_COUNT, CREATED_ON, DESTINATION_BRANCH, DOMAIN_ID, EXECUTED_BY, ID, LAST_STATUS, NAME, REMOTE_ID, SOURCE_BRANCH, SOURCE_REPO, TO_REPOSITORY_ID, UPDATED_ON, URL) VALUES ('GTTaylor', 0, '2015-10-06 10:29:03', 'master', 7, 'GTTaylor', 431, 'OPEN', 'asdf created online with Bitbucket', 1, 'TEST-3-nemo-et-dolore-cum-soluta-qui', 'GTTaylor/smartcommitstest', 7, '2015-10-06 10:29:03', 'https://bitbucket.org/GTTaylor/smartcommitstest/pull-requests/1');
INSERT INTO AO_E8B6CC_PR_ISSUE_KEY (DOMAIN_ID, ID, ISSUE_KEY, PULL_REQUEST_ID) VALUES (7, 431, 'TEST-3', 2);

INSERT INTO AO_E8B6CC_PULL_REQUEST (AUTHOR, COMMENT_COUNT, CREATED_ON, DESTINATION_BRANCH, DOMAIN_ID, EXECUTED_BY, ID, LAST_STATUS, NAME, REMOTE_ID, SOURCE_BRANCH, SOURCE_REPO, TO_REPOSITORY_ID, UPDATED_ON, URL) VALUES ('GTTaylor', 0, '2015-10-06 10:29:03', 'master', 7, 'GTTaylor', 432, 'OPEN', 'asdf created online with Bitbucket', 1, 'TEST-3-nemo-et-dolore-cum-soluta-qui', 'GTTaylor/smartcommitstest', 7, '2015-10-06 10:29:03', 'https://bitbucket.org/GTTaylor/smartcommitstest/pull-requests/1');
INSERT INTO AO_E8B6CC_PR_ISSUE_KEY (DOMAIN_ID, ID, ISSUE_KEY, PULL_REQUEST_ID) VALUES (7, 432, 'TEST-3', 2);

INSERT INTO AO_E8B6CC_PULL_REQUEST (AUTHOR, COMMENT_COUNT, CREATED_ON, DESTINATION_BRANCH, DOMAIN_ID, EXECUTED_BY, ID, LAST_STATUS, NAME, REMOTE_ID, SOURCE_BRANCH, SOURCE_REPO, TO_REPOSITORY_ID, UPDATED_ON, URL) VALUES ('GTTaylor', 0, '2015-10-06 10:29:03', 'master', 7, 'GTTaylor', 433, 'OPEN', 'asdf created online with Bitbucket', 1, 'TEST-3-nemo-et-dolore-cum-soluta-qui', 'GTTaylor/smartcommitstest', 7, '2015-10-06 10:29:03', 'https://bitbucket.org/GTTaylor/smartcommitstest/pull-requests/1');
INSERT INTO AO_E8B6CC_PR_ISSUE_KEY (DOMAIN_ID, ID, ISSUE_KEY, PULL_REQUEST_ID) VALUES (7, 433, 'TEST-3', 2);

INSERT INTO AO_E8B6CC_PULL_REQUEST (AUTHOR, COMMENT_COUNT, CREATED_ON, DESTINATION_BRANCH, DOMAIN_ID, EXECUTED_BY, ID, LAST_STATUS, NAME, REMOTE_ID, SOURCE_BRANCH, SOURCE_REPO, TO_REPOSITORY_ID, UPDATED_ON, URL) VALUES ('GTTaylor', 0, '2015-10-06 10:29:03', 'master', 7, 'GTTaylor', 434, 'OPEN', 'asdf created online with Bitbucket', 1, 'TEST-3-nemo-et-dolore-cum-soluta-qui', 'GTTaylor/smartcommitstest', 7, '2015-10-06 10:29:03', 'https://bitbucket.org/GTTaylor/smartcommitstest/pull-requests/1');
INSERT INTO AO_E8B6CC_PR_ISSUE_KEY (DOMAIN_ID, ID, ISSUE_KEY, PULL_REQUEST_ID) VALUES (7, 434, 'TEST-3', 2);

INSERT INTO AO_E8B6CC_PULL_REQUEST (AUTHOR, COMMENT_COUNT, CREATED_ON, DESTINATION_BRANCH, DOMAIN_ID, EXECUTED_BY, ID, LAST_STATUS, NAME, REMOTE_ID, SOURCE_BRANCH, SOURCE_REPO, TO_REPOSITORY_ID, UPDATED_ON, URL) VALUES ('GTTaylor', 0, '2015-10-06 10:29:03', 'master', 7, 'GTTaylor', 435, 'OPEN', 'asdf created online with Bitbucket', 1, 'TEST-3-nemo-et-dolore-cum-soluta-qui', 'GTTaylor/smartcommitstest', 7, '2015-10-06 10:29:03', 'https://bitbucket.org/GTTaylor/smartcommitstest/pull-requests/1');
INSERT INTO AO_E8B6CC_PR_ISSUE_KEY (DOMAIN_ID, ID, ISSUE_KEY, PULL_REQUEST_ID) VALUES (7, 435, 'TEST-3', 2);

INSERT INTO AO_E8B6CC_PULL_REQUEST (AUTHOR, COMMENT_COUNT, CREATED_ON, DESTINATION_BRANCH, DOMAIN_ID, EXECUTED_BY, ID, LAST_STATUS, NAME, REMOTE_ID, SOURCE_BRANCH, SOURCE_REPO, TO_REPOSITORY_ID, UPDATED_ON, URL) VALUES ('GTTaylor', 0, '2015-10-06 10:29:03', 'master', 7, 'GTTaylor', 436, 'OPEN', 'asdf created online with Bitbucket', 1, 'TEST-3-nemo-et-dolore-cum-soluta-qui', 'GTTaylor/smartcommitstest', 7, '2015-10-06 10:29:03', 'https://bitbucket.org/GTTaylor/smartcommitstest/pull-requests/1');
INSERT INTO AO_E8B6CC_PR_ISSUE_KEY (DOMAIN_ID, ID, ISSUE_KEY, PULL_REQUEST_ID) VALUES (7, 436, 'TEST-3', 2);

INSERT INTO AO_E8B6CC_PULL_REQUEST (AUTHOR, COMMENT_COUNT, CREATED_ON, DESTINATION_BRANCH, DOMAIN_ID, EXECUTED_BY, ID, LAST_STATUS, NAME, REMOTE_ID, SOURCE_BRANCH, SOURCE_REPO, TO_REPOSITORY_ID, UPDATED_ON, URL) VALUES ('GTTaylor', 0, '2015-10-06 10:29:03', 'master', 7, 'GTTaylor', 437, 'OPEN', 'asdf created online with Bitbucket', 1, 'TEST-3-nemo-et-dolore-cum-soluta-qui', 'GTTaylor/smartcommitstest', 7, '2015-10-06 10:29:03', 'https://bitbucket.org/GTTaylor/smartcommitstest/pull-requests/1');
INSERT INTO AO_E8B6CC_PR_ISSUE_KEY (DOMAIN_ID, ID, ISSUE_KEY, PULL_REQUEST_ID) VALUES (7, 437, 'TEST-3', 2);

INSERT INTO AO_E8B6CC_PULL_REQUEST (AUTHOR, COMMENT_COUNT, CREATED_ON, DESTINATION_BRANCH, DOMAIN_ID, EXECUTED_BY, ID, LAST_STATUS, NAME, REMOTE_ID, SOURCE_BRANCH, SOURCE_REPO, TO_REPOSITORY_ID, UPDATED_ON, URL) VALUES ('GTTaylor', 0, '2015-10-06 10:29:03', 'master', 7, 'GTTaylor', 438, 'OPEN', 'asdf created online with Bitbucket', 1, 'TEST-3-nemo-et-dolore-cum-soluta-qui', 'GTTaylor/smartcommitstest', 7, '2015-10-06 10:29:03', 'https://bitbucket.org/GTTaylor/smartcommitstest/pull-requests/1');
INSERT INTO AO_E8B6CC_PR_ISSUE_KEY (DOMAIN_ID, ID, ISSUE_KEY, PULL_REQUEST_ID) VALUES (7, 438, 'TEST-3', 2);

INSERT INTO AO_E8B6CC_PULL_REQUEST (AUTHOR, COMMENT_COUNT, CREATED_ON, DESTINATION_BRANCH, DOMAIN_ID, EXECUTED_BY, ID, LAST_STATUS, NAME, REMOTE_ID, SOURCE_BRANCH, SOURCE_REPO, TO_REPOSITORY_ID, UPDATED_ON, URL) VALUES ('GTTaylor', 0, '2015-10-06 10:29:03', 'master', 7, 'GTTaylor', 439, 'OPEN', 'asdf created online with Bitbucket', 1, 'TEST-3-nemo-et-dolore-cum-soluta-qui', 'GTTaylor/smartcommitstest', 7, '2015-10-06 10:29:03', 'https://bitbucket.org/GTTaylor/smartcommitstest/pull-requests/1');
INSERT INTO AO_E8B6CC_PR_ISSUE_KEY (DOMAIN_ID, ID, ISSUE_KEY, PULL_REQUEST_ID) VALUES (7, 439, 'TEST-3', 2);

INSERT INTO AO_E8B6CC_PULL_REQUEST (AUTHOR, COMMENT_COUNT, CREATED_ON, DESTINATION_BRANCH, DOMAIN_ID, EXECUTED_BY, ID, LAST_STATUS, NAME, REMOTE_ID, SOURCE_BRANCH, SOURCE_REPO, TO_REPOSITORY_ID, UPDATED_ON, URL) VALUES ('GTTaylor', 0, '2015-10-06 10:29:03', 'master', 7, 'GTTaylor', 440, 'OPEN', 'asdf created online with Bitbucket', 1, 'TEST-3-nemo-et-dolore-cum-soluta-qui', 'GTTaylor/smartcommitstest', 7, '2015-10-06 10:29:03', 'https://bitbucket.org/GTTaylor/smartcommitstest/pull-requests/1');
INSERT INTO AO_E8B6CC_PR_ISSUE_KEY (DOMAIN_ID, ID, ISSUE_KEY, PULL_REQUEST_ID) VALUES (7, 440, 'TEST-3', 2);

INSERT INTO AO_E8B6CC_PULL_REQUEST (AUTHOR, COMMENT_COUNT, CREATED_ON, DESTINATION_BRANCH, DOMAIN_ID, EXECUTED_BY, ID, LAST_STATUS, NAME, REMOTE_ID, SOURCE_BRANCH, SOURCE_REPO, TO_REPOSITORY_ID, UPDATED_ON, URL) VALUES ('GTTaylor', 0, '2015-10-06 10:29:03', 'master', 7, 'GTTaylor', 441, 'OPEN', 'asdf created online with Bitbucket', 1, 'TEST-3-nemo-et-dolore-cum-soluta-qui', 'GTTaylor/smartcommitstest', 7, '2015-10-06 10:29:03', 'https://bitbucket.org/GTTaylor/smartcommitstest/pull-requests/1');
INSERT INTO AO_E8B6CC_PR_ISSUE_KEY (DOMAIN_ID, ID, ISSUE_KEY, PULL_REQUEST_ID) VALUES (7, 441, 'TEST-3', 2);

INSERT INTO AO_E8B6CC_PULL_REQUEST (AUTHOR, COMMENT_COUNT, CREATED_ON, DESTINATION_BRANCH, DOMAIN_ID, EXECUTED_BY, ID, LAST_STATUS, NAME, REMOTE_ID, SOURCE_BRANCH, SOURCE_REPO, TO_REPOSITORY_ID, UPDATED_ON, URL) VALUES ('GTTaylor', 0, '2015-10-06 10:29:03', 'master', 7, 'GTTaylor', 442, 'OPEN', 'asdf created online with Bitbucket', 1, 'TEST-3-nemo-et-dolore-cum-soluta-qui', 'GTTaylor/smartcommitstest', 7, '2015-10-06 10:29:03', 'https://bitbucket.org/GTTaylor/smartcommitstest/pull-requests/1');
INSERT INTO AO_E8B6CC_PR_ISSUE_KEY (DOMAIN_ID, ID, ISSUE_KEY, PULL_REQUEST_ID) VALUES (7, 442, 'TEST-3', 2);

INSERT INTO AO_E8B6CC_PULL_REQUEST (AUTHOR, COMMENT_COUNT, CREATED_ON, DESTINATION_BRANCH, DOMAIN_ID, EXECUTED_BY, ID, LAST_STATUS, NAME, REMOTE_ID, SOURCE_BRANCH, SOURCE_REPO, TO_REPOSITORY_ID, UPDATED_ON, URL) VALUES ('GTTaylor', 0, '2015-10-06 10:29:03', 'master', 7, 'GTTaylor', 443, 'OPEN', 'asdf created online with Bitbucket', 1, 'TEST-3-nemo-et-dolore-cum-soluta-qui', 'GTTaylor/smartcommitstest', 7, '2015-10-06 10:29:03', 'https://bitbucket.org/GTTaylor/smartcommitstest/pull-requests/1');
INSERT INTO AO_E8B6CC_PR_ISSUE_KEY (DOMAIN_ID, ID, ISSUE_KEY, PULL_REQUEST_ID) VALUES (7, 443, 'TEST-3', 2);

INSERT INTO AO_E8B6CC_PULL_REQUEST (AUTHOR, COMMENT_COUNT, CREATED_ON, DESTINATION_BRANCH, DOMAIN_ID, EXECUTED_BY, ID, LAST_STATUS, NAME, REMOTE_ID, SOURCE_BRANCH, SOURCE_REPO, TO_REPOSITORY_ID, UPDATED_ON, URL) VALUES ('GTTaylor', 0, '2015-10-06 10:29:03', 'master', 7, 'GTTaylor', 444, 'OPEN', 'asdf created online with Bitbucket', 1, 'TEST-3-nemo-et-dolore-cum-soluta-qui', 'GTTaylor/smartcommitstest', 7, '2015-10-06 10:29:03', 'https://bitbucket.org/GTTaylor/smartcommitstest/pull-requests/1');
INSERT INTO AO_E8B6CC_PR_ISSUE_KEY (DOMAIN_ID, ID, ISSUE_KEY, PULL_REQUEST_ID) VALUES (7, 444, 'TEST-3', 2);

INSERT INTO AO_E8B6CC_PULL_REQUEST (AUTHOR, COMMENT_COUNT, CREATED_ON, DESTINATION_BRANCH, DOMAIN_ID, EXECUTED_BY, ID, LAST_STATUS, NAME, REMOTE_ID, SOURCE_BRANCH, SOURCE_REPO, TO_REPOSITORY_ID, UPDATED_ON, URL) VALUES ('GTTaylor', 0, '2015-10-06 10:29:03', 'master', 7, 'GTTaylor', 445, 'OPEN', 'asdf created online with Bitbucket', 1, 'TEST-3-nemo-et-dolore-cum-soluta-qui', 'GTTaylor/smartcommitstest', 7, '2015-10-06 10:29:03', 'https://bitbucket.org/GTTaylor/smartcommitstest/pull-requests/1');
INSERT INTO AO_E8B6CC_PR_ISSUE_KEY (DOMAIN_ID, ID, ISSUE_KEY, PULL_REQUEST_ID) VALUES (7, 445, 'TEST-3', 2);

INSERT INTO AO_E8B6CC_PULL_REQUEST (AUTHOR, COMMENT_COUNT, CREATED_ON, DESTINATION_BRANCH, DOMAIN_ID, EXECUTED_BY, ID, LAST_STATUS, NAME, REMOTE_ID, SOURCE_BRANCH, SOURCE_REPO, TO_REPOSITORY_ID, UPDATED_ON, URL) VALUES ('GTTaylor', 0, '2015-10-06 10:29:03', 'master', 7, 'GTTaylor', 446, 'OPEN', 'asdf created online with Bitbucket', 1, 'TEST-3-nemo-et-dolore-cum-soluta-qui', 'GTTaylor/smartcommitstest', 7, '2015-10-06 10:29:03', 'https://bitbucket.org/GTTaylor/smartcommitstest/pull-requests/1');
INSERT INTO AO_E8B6CC_PR_ISSUE_KEY (DOMAIN_ID, ID, ISSUE_KEY, PULL_REQUEST_ID) VALUES (7, 446, 'TEST-3', 2);

INSERT INTO AO_E8B6CC_PULL_REQUEST (AUTHOR, COMMENT_COUNT, CREATED_ON, DESTINATION_BRANCH, DOMAIN_ID, EXECUTED_BY, ID, LAST_STATUS, NAME, REMOTE_ID, SOURCE_BRANCH, SOURCE_REPO, TO_REPOSITORY_ID, UPDATED_ON, URL) VALUES ('GTTaylor', 0, '2015-10-06 10:29:03', 'master', 7, 'GTTaylor', 447, 'OPEN', 'asdf created online with Bitbucket', 1, 'TEST-3-nemo-et-dolore-cum-soluta-qui', 'GTTaylor/smartcommitstest', 7, '2015-10-06 10:29:03', 'https://bitbucket.org/GTTaylor/smartcommitstest/pull-requests/1');
INSERT INTO AO_E8B6CC_PR_ISSUE_KEY (DOMAIN_ID, ID, ISSUE_KEY, PULL_REQUEST_ID) VALUES (7, 447, 'TEST-3', 2);

INSERT INTO AO_E8B6CC_PULL_REQUEST (AUTHOR, COMMENT_COUNT, CREATED_ON, DESTINATION_BRANCH, DOMAIN_ID, EXECUTED_BY, ID, LAST_STATUS, NAME, REMOTE_ID, SOURCE_BRANCH, SOURCE_REPO, TO_REPOSITORY_ID, UPDATED_ON, URL) VALUES ('GTTaylor', 0, '2015-10-06 10:29:03', 'master', 7, 'GTTaylor', 448, 'OPEN', 'asdf created online with Bitbucket', 1, 'TEST-3-nemo-et-dolore-cum-soluta-qui', 'GTTaylor/smartcommitstest', 7, '2015-10-06 10:29:03', 'https://bitbucket.org/GTTaylor/smartcommitstest/pull-requests/1');
INSERT INTO AO_E8B6CC_PR_ISSUE_KEY (DOMAIN_ID, ID, ISSUE_KEY, PULL_REQUEST_ID) VALUES (7, 448, 'TEST-3', 2);

INSERT INTO AO_E8B6CC_PULL_REQUEST (AUTHOR, COMMENT_COUNT, CREATED_ON, DESTINATION_BRANCH, DOMAIN_ID, EXECUTED_BY, ID, LAST_STATUS, NAME, REMOTE_ID, SOURCE_BRANCH, SOURCE_REPO, TO_REPOSITORY_ID, UPDATED_ON, URL) VALUES ('GTTaylor', 0, '2015-10-06 10:29:03', 'master', 7, 'GTTaylor', 449, 'OPEN', 'asdf created online with Bitbucket', 1, 'TEST-3-nemo-et-dolore-cum-soluta-qui', 'GTTaylor/smartcommitstest', 7, '2015-10-06 10:29:03', 'https://bitbucket.org/GTTaylor/smartcommitstest/pull-requests/1');
INSERT INTO AO_E8B6CC_PR_ISSUE_KEY (DOMAIN_ID, ID, ISSUE_KEY, PULL_REQUEST_ID) VALUES (7, 449, 'TEST-3', 2);

INSERT INTO AO_E8B6CC_PULL_REQUEST (AUTHOR, COMMENT_COUNT, CREATED_ON, DESTINATION_BRANCH, DOMAIN_ID, EXECUTED_BY, ID, LAST_STATUS, NAME, REMOTE_ID, SOURCE_BRANCH, SOURCE_REPO, TO_REPOSITORY_ID, UPDATED_ON, URL) VALUES ('GTTaylor', 0, '2015-10-06 10:29:03', 'master', 7, 'GTTaylor', 450, 'OPEN', 'asdf created online with Bitbucket', 1, 'TEST-3-nemo-et-dolore-cum-soluta-qui', 'GTTaylor/smartcommitstest', 7, '2015-10-06 10:29:03', 'https://bitbucket.org/GTTaylor/smartcommitstest/pull-requests/1');
INSERT INTO AO_E8B6CC_PR_ISSUE_KEY (DOMAIN_ID, ID, ISSUE_KEY, PULL_REQUEST_ID) VALUES (7, 450, 'TEST-3', 2);

INSERT INTO AO_E8B6CC_PULL_REQUEST (AUTHOR, COMMENT_COUNT, CREATED_ON, DESTINATION_BRANCH, DOMAIN_ID, EXECUTED_BY, ID, LAST_STATUS, NAME, REMOTE_ID, SOURCE_BRANCH, SOURCE_REPO, TO_REPOSITORY_ID, UPDATED_ON, URL) VALUES ('GTTaylor', 0, '2015-10-06 10:29:03', 'master', 7, 'GTTaylor', 451, 'OPEN', 'asdf created online with Bitbucket', 1, 'TEST-3-nemo-et-dolore-cum-soluta-qui', 'GTTaylor/smartcommitstest', 7, '2015-10-06 10:29:03', 'https://bitbucket.org/GTTaylor/smartcommitstest/pull-requests/1');
INSERT INTO AO_E8B6CC_PR_ISSUE_KEY (DOMAIN_ID, ID, ISSUE_KEY, PULL_REQUEST_ID) VALUES (7, 451, 'TEST-3', 2);

INSERT INTO AO_E8B6CC_PULL_REQUEST (AUTHOR, COMMENT_COUNT, CREATED_ON, DESTINATION_BRANCH, DOMAIN_ID, EXECUTED_BY, ID, LAST_STATUS, NAME, REMOTE_ID, SOURCE_BRANCH, SOURCE_REPO, TO_REPOSITORY_ID, UPDATED_ON, URL) VALUES ('GTTaylor', 0, '2015-10-06 10:29:03', 'master', 7, 'GTTaylor', 452, 'OPEN', 'asdf created online with Bitbucket', 1, 'TEST-3-nemo-et-dolore-cum-soluta-qui', 'GTTaylor/smartcommitstest', 7, '2015-10-06 10:29:03', 'https://bitbucket.org/GTTaylor/smartcommitstest/pull-requests/1');
INSERT INTO AO_E8B6CC_PR_ISSUE_KEY (DOMAIN_ID, ID, ISSUE_KEY, PULL_REQUEST_ID) VALUES (7, 452, 'TEST-3', 2);

INSERT INTO AO_E8B6CC_PULL_REQUEST (AUTHOR, COMMENT_COUNT, CREATED_ON, DESTINATION_BRANCH, DOMAIN_ID, EXECUTED_BY, ID, LAST_STATUS, NAME, REMOTE_ID, SOURCE_BRANCH, SOURCE_REPO, TO_REPOSITORY_ID, UPDATED_ON, URL) VALUES ('GTTaylor', 0, '2015-10-06 10:29:03', 'master', 7, 'GTTaylor', 453, 'OPEN', 'asdf created online with Bitbucket', 1, 'TEST-3-nemo-et-dolore-cum-soluta-qui', 'GTTaylor/smartcommitstest', 7, '2015-10-06 10:29:03', 'https://bitbucket.org/GTTaylor/smartcommitstest/pull-requests/1');
INSERT INTO AO_E8B6CC_PR_ISSUE_KEY (DOMAIN_ID, ID, ISSUE_KEY, PULL_REQUEST_ID) VALUES (7, 453, 'TEST-3', 2);

INSERT INTO AO_E8B6CC_PULL_REQUEST (AUTHOR, COMMENT_COUNT, CREATED_ON, DESTINATION_BRANCH, DOMAIN_ID, EXECUTED_BY, ID, LAST_STATUS, NAME, REMOTE_ID, SOURCE_BRANCH, SOURCE_REPO, TO_REPOSITORY_ID, UPDATED_ON, URL) VALUES ('GTTaylor', 0, '2015-10-06 10:29:03', 'master', 7, 'GTTaylor', 454, 'OPEN', 'asdf created online with Bitbucket', 1, 'TEST-3-nemo-et-dolore-cum-soluta-qui', 'GTTaylor/smartcommitstest', 7, '2015-10-06 10:29:03', 'https://bitbucket.org/GTTaylor/smartcommitstest/pull-requests/1');
INSERT INTO AO_E8B6CC_PR_ISSUE_KEY (DOMAIN_ID, ID, ISSUE_KEY, PULL_REQUEST_ID) VALUES (7, 454, 'TEST-3', 2);

INSERT INTO AO_E8B6CC_PULL_REQUEST (AUTHOR, COMMENT_COUNT, CREATED_ON, DESTINATION_BRANCH, DOMAIN_ID, EXECUTED_BY, ID, LAST_STATUS, NAME, REMOTE_ID, SOURCE_BRANCH, SOURCE_REPO, TO_REPOSITORY_ID, UPDATED_ON, URL) VALUES ('GTTaylor', 0, '2015-10-06 10:29:03', 'master', 7, 'GTTaylor', 455, 'OPEN', 'asdf created online with Bitbucket', 1, 'TEST-3-nemo-et-dolore-cum-soluta-qui', 'GTTaylor/smartcommitstest', 7, '2015-10-06 10:29:03', 'https://bitbucket.org/GTTaylor/smartcommitstest/pull-requests/1');
INSERT INTO AO_E8B6CC_PR_ISSUE_KEY (DOMAIN_ID, ID, ISSUE_KEY, PULL_REQUEST_ID) VALUES (7, 455, 'TEST-3', 2);

INSERT INTO AO_E8B6CC_PULL_REQUEST (AUTHOR, COMMENT_COUNT, CREATED_ON, DESTINATION_BRANCH, DOMAIN_ID, EXECUTED_BY, ID, LAST_STATUS, NAME, REMOTE_ID, SOURCE_BRANCH, SOURCE_REPO, TO_REPOSITORY_ID, UPDATED_ON, URL) VALUES ('GTTaylor', 0, '2015-10-06 10:29:03', 'master', 7, 'GTTaylor', 456, 'OPEN', 'asdf created online with Bitbucket', 1, 'TEST-3-nemo-et-dolore-cum-soluta-qui', 'GTTaylor/smartcommitstest', 7, '2015-10-06 10:29:03', 'https://bitbucket.org/GTTaylor/smartcommitstest/pull-requests/1');
INSERT INTO AO_E8B6CC_PR_ISSUE_KEY (DOMAIN_ID, ID, ISSUE_KEY, PULL_REQUEST_ID) VALUES (7, 456, 'TEST-3', 2);

INSERT INTO AO_E8B6CC_PULL_REQUEST (AUTHOR, COMMENT_COUNT, CREATED_ON, DESTINATION_BRANCH, DOMAIN_ID, EXECUTED_BY, ID, LAST_STATUS, NAME, REMOTE_ID, SOURCE_BRANCH, SOURCE_REPO, TO_REPOSITORY_ID, UPDATED_ON, URL) VALUES ('GTTaylor', 0, '2015-10-06 10:29:03', 'master', 7, 'GTTaylor', 457, 'OPEN', 'asdf created online with Bitbucket', 1, 'TEST-3-nemo-et-dolore-cum-soluta-qui', 'GTTaylor/smartcommitstest', 7, '2015-10-06 10:29:03', 'https://bitbucket.org/GTTaylor/smartcommitstest/pull-requests/1');
INSERT INTO AO_E8B6CC_PR_ISSUE_KEY (DOMAIN_ID, ID, ISSUE_KEY, PULL_REQUEST_ID) VALUES (7, 457, 'TEST-3', 2);

INSERT INTO AO_E8B6CC_PULL_REQUEST (AUTHOR, COMMENT_COUNT, CREATED_ON, DESTINATION_BRANCH, DOMAIN_ID, EXECUTED_BY, ID, LAST_STATUS, NAME, REMOTE_ID, SOURCE_BRANCH, SOURCE_REPO, TO_REPOSITORY_ID, UPDATED_ON, URL) VALUES ('GTTaylor', 0, '2015-10-06 10:29:03', 'master', 7, 'GTTaylor', 458, 'OPEN', 'asdf created online with Bitbucket', 1, 'TEST-3-nemo-et-dolore-cum-soluta-qui', 'GTTaylor/smartcommitstest', 7, '2015-10-06 10:29:03', 'https://bitbucket.org/GTTaylor/smartcommitstest/pull-requests/1');
INSERT INTO AO_E8B6CC_PR_ISSUE_KEY (DOMAIN_ID, ID, ISSUE_KEY, PULL_REQUEST_ID) VALUES (7, 458, 'TEST-3', 2);

INSERT INTO AO_E8B6CC_PULL_REQUEST (AUTHOR, COMMENT_COUNT, CREATED_ON, DESTINATION_BRANCH, DOMAIN_ID, EXECUTED_BY, ID, LAST_STATUS, NAME, REMOTE_ID, SOURCE_BRANCH, SOURCE_REPO, TO_REPOSITORY_ID, UPDATED_ON, URL) VALUES ('GTTaylor', 0, '2015-10-06 10:29:03', 'master', 7, 'GTTaylor', 459, 'OPEN', 'asdf created online with Bitbucket', 1, 'TEST-3-nemo-et-dolore-cum-soluta-qui', 'GTTaylor/smartcommitstest', 7, '2015-10-06 10:29:03', 'https://bitbucket.org/GTTaylor/smartcommitstest/pull-requests/1');
INSERT INTO AO_E8B6CC_PR_ISSUE_KEY (DOMAIN_ID, ID, ISSUE_KEY, PULL_REQUEST_ID) VALUES (7, 459, 'TEST-3', 2);

INSERT INTO AO_E8B6CC_PULL_REQUEST (AUTHOR, COMMENT_COUNT, CREATED_ON, DESTINATION_BRANCH, DOMAIN_ID, EXECUTED_BY, ID, LAST_STATUS, NAME, REMOTE_ID, SOURCE_BRANCH, SOURCE_REPO, TO_REPOSITORY_ID, UPDATED_ON, URL) VALUES ('GTTaylor', 0, '2015-10-06 10:29:03', 'master', 7, 'GTTaylor', 460, 'OPEN', 'asdf created online with Bitbucket', 1, 'TEST-3-nemo-et-dolore-cum-soluta-qui', 'GTTaylor/smartcommitstest', 7, '2015-10-06 10:29:03', 'https://bitbucket.org/GTTaylor/smartcommitstest/pull-requests/1');
INSERT INTO AO_E8B6CC_PR_ISSUE_KEY (DOMAIN_ID, ID, ISSUE_KEY, PULL_REQUEST_ID) VALUES (7, 460, 'TEST-3', 2);





INSERT INTO AO_E8B6CC_PR_PARTICIPANT (APPROVED, DOMAIN_ID, ID, PULL_REQUEST_ID, ROLE, USERNAME) VALUES ('false', 7, 2, 2, 'REVIEWER', 'fusiontestaccount');

